"source","term_name","term_id","highlighted","adjusted_p_value","negative_log10_of_adjusted_p_value","term_size","query_size","intersection_size","effective_domain_size","intersections"
"GO:MF","RNA binding","GO:0003723","true","5.8500282017321904e-21","20.232842040272153","3099","28","28","20208","U2AF1,U2AF2,RBMX,SRSF1,SRSF2,SRSF3,SRSF4,SRSF5,SRSF6,SRSF7,SRSF8,SRSF9,SRSF10,SRSF11,SRSF12,HNRNPA1,HNRNPA2B1,HNRNPC,HNRNPD,HNRNPH1,HNRNPH2,HNRNPH3,HNRNPF,HNRNPK,HNRNPL,HNRNPM,HNRNPU,HNRNPUL1"
"GO:MF","nucleic acid binding","GO:0003676","false","4.2257205060046785e-14","13.374099231068373","5437","28","28","20208","U2AF1,U2AF2,RBMX,SRSF1,SRSF2,SRSF3,SRSF4,SRSF5,SRSF6,SRSF7,SRSF8,SRSF9,SRSF10,SRSF11,SRSF12,HNRNPA1,HNRNPA2B1,HNRNPC,HNRNPD,HNRNPH1,HNRNPH2,HNRNPH3,HNRNPF,HNRNPK,HNRNPL,HNRNPM,HNRNPU,HNRNPUL1"
"GO:MF","mRNA binding","GO:0003729","false","1.7717289269065633e-11","10.75160272407096","384","28","12","20208","RBMX,SRSF1,SRSF3,SRSF4,SRSF7,HNRNPA2B1,HNRNPC,HNRNPD,HNRNPK,HNRNPL,HNRNPM,HNRNPU"
"GO:MF","single-stranded RNA binding","GO:0003727","false","7.648206075290022e-7","6.116440418828768","87","28","6","20208","U2AF2,HNRNPA1,HNRNPC,HNRNPH1,HNRNPF,HNRNPU"
"GO:MF","protein domain specific binding","GO:0019904","true","0.0000025000138395208402","5.602057587163603","627","28","10","20208","U2AF1,U2AF2,RBMX,SRSF7,SRSF9,SRSF10,SRSF12,HNRNPA1,HNRNPK,HNRNPM"
"GO:MF","RS domain binding","GO:0050733","false","0.000009745259055721757","5.0112066116540985","5","28","3","20208","U2AF1,SRSF10,SRSF12"
"GO:MF","poly-pyrimidine tract binding","GO:0008187","false","0.00003229794659034759","4.490825087973202","30","28","4","20208","U2AF2,HNRNPC,HNRNPH1,HNRNPU"
"GO:MF","pre-mRNA binding","GO:0036002","false","0.0010420208301071315","2.9821235993568735","293","28","6","20208","U2AF1,U2AF2,SRSF6,HNRNPA1,HNRNPL,HNRNPU"
"GO:MF","protein-RNA adaptor activity","GO:0140517","true","0.0012770123298312221","2.8938049095088543","21","28","3","20208","SRSF3,HNRNPA2B1,HNRNPC"
"GO:MF","mRNA 3'-UTR binding","GO:0003730","false","0.0065350911691008035","2.1847483493288515","111","28","4","20208","HNRNPA2B1,HNRNPC,HNRNPD,HNRNPU"
"GO:MF","pre-mRNA 3'-splice site binding","GO:0030628","false","0.007568132720449482","2.1210112604258415","5","28","2","20208","U2AF1,U2AF2"
"GO:MF","telomeric DNA binding","GO:0042162","true","0.007973142593427728","2.0983704688195925","38","28","3","20208","HNRNPA1,HNRNPA2B1,HNRNPD"
"GO:MF","regulatory RNA binding","GO:0061980","false","0.020617959063828205","1.6857543269858615","52","28","3","20208","HNRNPA1,HNRNPA2B1,HNRNPU"
"GO:MF","G-rich strand telomeric DNA binding","GO:0098505","false","0.03391082477954769","1.4696616471770811","10","28","2","20208","HNRNPA1,HNRNPA2B1"
"GO:MF","single-stranded telomeric DNA binding","GO:0043047","false","0.04965063396856973","1.304075201805181","12","28","2","20208","HNRNPA1,HNRNPA2B1"
"GO:MF","N6-methyladenosine-containing RNA reader activity","GO:1990247","false","0.04965063396856973","1.304075201805181","12","28","2","20208","HNRNPA2B1,HNRNPC"
"GO:BP","regulation of RNA splicing","GO:0043484","true","1.4500760887683916e-32","31.8386092087545","186","28","20","20972","U2AF2,RBMX,SRSF1,SRSF2,SRSF3,SRSF4,SRSF6,SRSF7,SRSF8,SRSF9,SRSF10,SRSF12,HNRNPA1,HNRNPH1,HNRNPH2,HNRNPH3,HNRNPF,HNRNPK,HNRNPL,HNRNPU"
"GO:BP","RNA splicing","GO:0008380","false","9.695208831036555e-25","24.01344283194989","1839","28","27","20972","U2AF1,U2AF2,RBMX,SRSF1,SRSF2,SRSF3,SRSF4,SRSF5,SRSF6,SRSF7,SRSF8,SRSF9,SRSF10,SRSF11,SRSF12,HNRNPA1,HNRNPA2B1,HNRNPC,HNRNPH1,HNRNPH2,HNRNPH3,HNRNPF,HNRNPK,HNRNPL,HNRNPM,HNRNPU,HNRNPUL1"
"GO:BP","regulation of mRNA splicing, via spliceosome","GO:0048024","false","1.480218001402502e-24","23.829674318501006","111","28","15","20972","U2AF2,RBMX,SRSF2,SRSF3,SRSF4,SRSF6,SRSF7,SRSF8,SRSF9,SRSF10,SRSF12,HNRNPA1,HNRNPK,HNRNPL,HNRNPU"
"GO:BP","regulation of mRNA processing","GO:0050684","false","2.609737004622043e-23","22.583403256338475","133","28","15","20972","U2AF2,RBMX,SRSF2,SRSF3,SRSF4,SRSF6,SRSF7,SRSF8,SRSF9,SRSF10,SRSF12,HNRNPA1,HNRNPK,HNRNPL,HNRNPU"
"GO:BP","mRNA metabolic process","GO:0016071","true","5.803342640729723e-23","22.236321787080623","2139","28","27","20972","U2AF1,U2AF2,RBMX,SRSF1,SRSF2,SRSF3,SRSF4,SRSF5,SRSF6,SRSF7,SRSF8,SRSF9,SRSF10,SRSF11,SRSF12,HNRNPA1,HNRNPA2B1,HNRNPC,HNRNPD,HNRNPH1,HNRNPH3,HNRNPF,HNRNPK,HNRNPL,HNRNPM,HNRNPU,HNRNPUL1"
"GO:BP","mRNA processing","GO:0006397","false","2.822168490314138e-22","21.54941706137214","1890","28","26","20972","U2AF1,U2AF2,RBMX,SRSF1,SRSF2,SRSF3,SRSF4,SRSF5,SRSF6,SRSF7,SRSF8,SRSF9,SRSF10,SRSF11,SRSF12,HNRNPA1,HNRNPA2B1,HNRNPC,HNRNPH1,HNRNPH3,HNRNPF,HNRNPK,HNRNPL,HNRNPM,HNRNPU,HNRNPUL1"
"GO:BP","regulation of mRNA metabolic process","GO:1903311","false","1.0219395016829374e-21","20.990574813460558","304","28","17","20972","U2AF2,RBMX,SRSF2,SRSF3,SRSF4,SRSF6,SRSF7,SRSF8,SRSF9,SRSF10,SRSF12,HNRNPA1,HNRNPC,HNRNPD,HNRNPK,HNRNPL,HNRNPU"
"GO:BP","RNA splicing, via transesterification reactions with bulged adenosine as nucleophile","GO:0000377","false","1.6206910916477115e-21","20.790299755032652","1693","28","25","20972","U2AF1,U2AF2,RBMX,SRSF1,SRSF2,SRSF3,SRSF4,SRSF5,SRSF6,SRSF7,SRSF8,SRSF9,SRSF10,SRSF12,HNRNPA1,HNRNPA2B1,HNRNPC,HNRNPH1,HNRNPH3,HNRNPF,HNRNPK,HNRNPL,HNRNPM,HNRNPU,HNRNPUL1"
"GO:BP","mRNA splicing, via spliceosome","GO:0000398","false","1.6206910916477115e-21","20.790299755032652","1693","28","25","20972","U2AF1,U2AF2,RBMX,SRSF1,SRSF2,SRSF3,SRSF4,SRSF5,SRSF6,SRSF7,SRSF8,SRSF9,SRSF10,SRSF12,HNRNPA1,HNRNPA2B1,HNRNPC,HNRNPH1,HNRNPH3,HNRNPF,HNRNPK,HNRNPL,HNRNPM,HNRNPU,HNRNPUL1"
"GO:BP","RNA splicing, via transesterification reactions","GO:0000375","false","1.7188836509605626e-21","20.76475351915699","1697","28","25","20972","U2AF1,U2AF2,RBMX,SRSF1,SRSF2,SRSF3,SRSF4,SRSF5,SRSF6,SRSF7,SRSF8,SRSF9,SRSF10,SRSF12,HNRNPA1,HNRNPA2B1,HNRNPC,HNRNPH1,HNRNPH3,HNRNPF,HNRNPK,HNRNPL,HNRNPM,HNRNPU,HNRNPUL1"
"GO:BP","RNA processing","GO:0006396","false","5.424249111845382e-20","19.265660373452295","3319","28","28","20972","U2AF1,U2AF2,RBMX,SRSF1,SRSF2,SRSF3,SRSF4,SRSF5,SRSF6,SRSF7,SRSF8,SRSF9,SRSF10,SRSF11,SRSF12,HNRNPA1,HNRNPA2B1,HNRNPC,HNRNPD,HNRNPH1,HNRNPH2,HNRNPH3,HNRNPF,HNRNPK,HNRNPL,HNRNPM,HNRNPU,HNRNPUL1"
"GO:BP","alternative mRNA splicing, via spliceosome","GO:0000380","false","1.107528590323572e-19","18.955645053854784","77","28","12","20972","RBMX,SRSF1,SRSF2,SRSF6,SRSF8,SRSF9,SRSF12,HNRNPA1,HNRNPL,HNRNPM,HNRNPU,HNRNPUL1"
"GO:BP","negative regulation of mRNA splicing, via spliceosome","GO:0048025","false","1.4549342770143411e-18","17.83715662439263","21","28","9","20972","U2AF2,RBMX,SRSF4,SRSF6,SRSF7,SRSF9,SRSF10,SRSF12,HNRNPK"
"GO:BP","negative regulation of mRNA processing","GO:0050686","false","2.4601871521336456e-18","17.609031853853004","22","28","9","20972","U2AF2,RBMX,SRSF4,SRSF6,SRSF7,SRSF9,SRSF10,SRSF12,HNRNPK"
"GO:BP","negative regulation of mRNA metabolic process","GO:1903312","false","4.000199521574085e-18","17.397918346432633","102","28","12","20972","U2AF2,RBMX,SRSF4,SRSF6,SRSF7,SRSF9,SRSF10,SRSF12,HNRNPC,HNRNPD,HNRNPK,HNRNPU"
"GO:BP","negative regulation of RNA splicing","GO:0033119","false","1.5403308913920708e-17","16.812385974702877","26","28","9","20972","U2AF2,RBMX,SRSF4,SRSF6,SRSF7,SRSF9,SRSF10,SRSF12,HNRNPK"
"GO:BP","regulation of alternative mRNA splicing, via spliceosome","GO:0000381","false","9.625797594989643e-12","11.016563274624511","58","28","8","20972","RBMX,SRSF2,SRSF6,SRSF8,SRSF12,HNRNPA1,HNRNPL,HNRNPU"
"GO:BP","RNA biosynthetic process","GO:0032774","false","1.4716494226512955e-11","10.832195635611011","6627","28","28","20972","U2AF1,U2AF2,RBMX,SRSF1,SRSF2,SRSF3,SRSF4,SRSF5,SRSF6,SRSF7,SRSF8,SRSF9,SRSF10,SRSF11,SRSF12,HNRNPA1,HNRNPA2B1,HNRNPC,HNRNPD,HNRNPH1,HNRNPH2,HNRNPH3,HNRNPF,HNRNPK,HNRNPL,HNRNPM,HNRNPU,HNRNPUL1"
"GO:BP","nucleic acid biosynthetic process","GO:0141187","false","2.3162227127314192e-11","10.63521968403785","6735","28","28","20972","U2AF1,U2AF2,RBMX,SRSF1,SRSF2,SRSF3,SRSF4,SRSF5,SRSF6,SRSF7,SRSF8,SRSF9,SRSF10,SRSF11,SRSF12,HNRNPA1,HNRNPA2B1,HNRNPC,HNRNPD,HNRNPH1,HNRNPH2,HNRNPH3,HNRNPF,HNRNPK,HNRNPL,HNRNPM,HNRNPU,HNRNPUL1"
"GO:BP","RNA metabolic process","GO:0016070","false","3.488035185438785e-11","10.45741914278625","6834","28","28","20972","U2AF1,U2AF2,RBMX,SRSF1,SRSF2,SRSF3,SRSF4,SRSF5,SRSF6,SRSF7,SRSF8,SRSF9,SRSF10,SRSF11,SRSF12,HNRNPA1,HNRNPA2B1,HNRNPC,HNRNPD,HNRNPH1,HNRNPH2,HNRNPH3,HNRNPF,HNRNPK,HNRNPL,HNRNPM,HNRNPU,HNRNPUL1"
"GO:BP","nucleobase-containing compound biosynthetic process","GO:0034654","false","7.866192538764228e-11","10.104235427682248","7035","28","28","20972","U2AF1,U2AF2,RBMX,SRSF1,SRSF2,SRSF3,SRSF4,SRSF5,SRSF6,SRSF7,SRSF8,SRSF9,SRSF10,SRSF11,SRSF12,HNRNPA1,HNRNPA2B1,HNRNPC,HNRNPD,HNRNPH1,HNRNPH2,HNRNPH3,HNRNPF,HNRNPK,HNRNPL,HNRNPM,HNRNPU,HNRNPUL1"
"GO:BP","nucleic acid metabolic process","GO:0090304","false","3.2633073091201155e-10","9.48634202631303","7401","28","28","20972","U2AF1,U2AF2,RBMX,SRSF1,SRSF2,SRSF3,SRSF4,SRSF5,SRSF6,SRSF7,SRSF8,SRSF9,SRSF10,SRSF11,SRSF12,HNRNPA1,HNRNPA2B1,HNRNPC,HNRNPD,HNRNPH1,HNRNPH2,HNRNPH3,HNRNPF,HNRNPK,HNRNPL,HNRNPM,HNRNPU,HNRNPUL1"
"GO:BP","nucleobase-containing compound metabolic process","GO:0006139","false","2.5513703930258138e-9","8.59322648848141","7964","28","28","20972","U2AF1,U2AF2,RBMX,SRSF1,SRSF2,SRSF3,SRSF4,SRSF5,SRSF6,SRSF7,SRSF8,SRSF9,SRSF10,SRSF11,SRSF12,HNRNPA1,HNRNPA2B1,HNRNPC,HNRNPD,HNRNPH1,HNRNPH2,HNRNPH3,HNRNPF,HNRNPK,HNRNPL,HNRNPM,HNRNPU,HNRNPUL1"
"GO:BP","gene expression","GO:0010467","false","1.6077481788808808e-7","6.793781973676423","9232","28","28","20972","U2AF1,U2AF2,RBMX,SRSF1,SRSF2,SRSF3,SRSF4,SRSF5,SRSF6,SRSF7,SRSF8,SRSF9,SRSF10,SRSF11,SRSF12,HNRNPA1,HNRNPA2B1,HNRNPC,HNRNPD,HNRNPH1,HNRNPH2,HNRNPH3,HNRNPF,HNRNPK,HNRNPL,HNRNPM,HNRNPU,HNRNPUL1"
"GO:BP","negative regulation of nucleobase-containing compound metabolic process","GO:0045934","false","1.6177401912922154e-7","6.791091224718909","1510","28","15","20972","U2AF2,RBMX,SRSF2,SRSF4,SRSF6,SRSF7,SRSF9,SRSF10,SRSF12,HNRNPA1,HNRNPC,HNRNPD,HNRNPK,HNRNPL,HNRNPU"
"GO:BP","regulation of primary metabolic process","GO:0080090","false","4.801855634573905e-7","6.318590900932553","5215","28","23","20972","U2AF2,RBMX,SRSF1,SRSF2,SRSF3,SRSF4,SRSF6,SRSF7,SRSF8,SRSF9,SRSF10,SRSF12,HNRNPA1,HNRNPA2B1,HNRNPC,HNRNPD,HNRNPH1,HNRNPH2,HNRNPH3,HNRNPF,HNRNPK,HNRNPL,HNRNPU"
"GO:BP","macromolecule biosynthetic process","GO:0009059","false","4.881507640979717e-7","6.311446026555223","9605","28","28","20972","U2AF1,U2AF2,RBMX,SRSF1,SRSF2,SRSF3,SRSF4,SRSF5,SRSF6,SRSF7,SRSF8,SRSF9,SRSF10,SRSF11,SRSF12,HNRNPA1,HNRNPA2B1,HNRNPC,HNRNPD,HNRNPH1,HNRNPH2,HNRNPH3,HNRNPF,HNRNPK,HNRNPL,HNRNPM,HNRNPU,HNRNPUL1"
"GO:BP","negative regulation of RNA metabolic process","GO:0051253","false","7.617655346732817e-7","6.118178680454036","1389","28","14","20972","U2AF2,RBMX,SRSF2,SRSF4,SRSF6,SRSF7,SRSF9,SRSF10,SRSF12,HNRNPC,HNRNPD,HNRNPK,HNRNPL,HNRNPU"
"GO:BP","regulation of gene expression","GO:0010468","false","0.0000018152911050242552","5.741053720397459","5549","28","23","20972","U2AF2,RBMX,SRSF1,SRSF2,SRSF3,SRSF4,SRSF6,SRSF7,SRSF8,SRSF9,SRSF10,SRSF12,HNRNPA1,HNRNPA2B1,HNRNPC,HNRNPD,HNRNPH1,HNRNPH2,HNRNPH3,HNRNPF,HNRNPK,HNRNPL,HNRNPU"
"GO:BP","regulation of macromolecule biosynthetic process","GO:0010556","false","0.0000026371533780310565","5.5788646107088695","5647","28","23","20972","U2AF2,RBMX,SRSF1,SRSF2,SRSF3,SRSF4,SRSF6,SRSF7,SRSF8,SRSF9,SRSF10,SRSF12,HNRNPA1,HNRNPA2B1,HNRNPC,HNRNPD,HNRNPH1,HNRNPH2,HNRNPH3,HNRNPF,HNRNPK,HNRNPL,HNRNPU"
"GO:BP","regulation of biosynthetic process","GO:0009889","false","0.000005029617726821851","5.298465021989954","5821","28","23","20972","U2AF2,RBMX,SRSF1,SRSF2,SRSF3,SRSF4,SRSF6,SRSF7,SRSF8,SRSF9,SRSF10,SRSF12,HNRNPA1,HNRNPA2B1,HNRNPC,HNRNPD,HNRNPH1,HNRNPH2,HNRNPH3,HNRNPF,HNRNPK,HNRNPL,HNRNPU"
"GO:BP","negative regulation of macromolecule biosynthetic process","GO:0010558","false","0.000006909541676023286","5.160550759308215","2733","28","17","20972","U2AF2,RBMX,SRSF2,SRSF3,SRSF4,SRSF6,SRSF7,SRSF9,SRSF10,SRSF12,HNRNPA1,HNRNPA2B1,HNRNPC,HNRNPD,HNRNPK,HNRNPL,HNRNPU"
"GO:BP","biosynthetic process","GO:0009058","false","0.00000858053600194943","5.0664855821491805","10639","28","28","20972","U2AF1,U2AF2,RBMX,SRSF1,SRSF2,SRSF3,SRSF4,SRSF5,SRSF6,SRSF7,SRSF8,SRSF9,SRSF10,SRSF11,SRSF12,HNRNPA1,HNRNPA2B1,HNRNPC,HNRNPD,HNRNPH1,HNRNPH2,HNRNPH3,HNRNPF,HNRNPK,HNRNPL,HNRNPM,HNRNPU,HNRNPUL1"
"GO:BP","negative regulation of gene expression","GO:0010629","false","0.000008962852905316436","5.047553730982254","1678","28","14","20972","U2AF2,RBMX,SRSF3,SRSF4,SRSF6,SRSF7,SRSF9,SRSF10,SRSF12,HNRNPA2B1,HNRNPC,HNRNPD,HNRNPK,HNRNPU"
"GO:BP","negative regulation of biosynthetic process","GO:0009890","false","0.000010167053167744387","4.99280490533077","2802","28","17","20972","U2AF2,RBMX,SRSF2,SRSF3,SRSF4,SRSF6,SRSF7,SRSF9,SRSF10,SRSF12,HNRNPA1,HNRNPA2B1,HNRNPC,HNRNPD,HNRNPK,HNRNPL,HNRNPU"
"GO:BP","regulation of telomere maintenance via telomere lengthening","GO:1904356","false","0.000013741598843993805","4.861962733890208","54","28","5","20972","HNRNPA1,HNRNPA2B1,HNRNPC,HNRNPD,HNRNPU"
"GO:BP","regulation of macromolecule metabolic process","GO:0060255","false","0.000036276029196460465","4.440380257236114","6392","28","23","20972","U2AF2,RBMX,SRSF1,SRSF2,SRSF3,SRSF4,SRSF6,SRSF7,SRSF8,SRSF9,SRSF10,SRSF12,HNRNPA1,HNRNPA2B1,HNRNPC,HNRNPD,HNRNPH1,HNRNPH2,HNRNPH3,HNRNPF,HNRNPK,HNRNPL,HNRNPU"
"GO:BP","negative regulation of macromolecule metabolic process","GO:0010605","false","0.000043545822783235394","4.3610534991913426","3080","28","17","20972","U2AF2,RBMX,SRSF2,SRSF3,SRSF4,SRSF6,SRSF7,SRSF9,SRSF10,SRSF12,HNRNPA1,HNRNPA2B1,HNRNPC,HNRNPD,HNRNPK,HNRNPL,HNRNPU"
"GO:BP","telomere maintenance via telomere lengthening","GO:0010833","false","0.0000598019972680694","4.223284311195259","72","28","5","20972","HNRNPA1,HNRNPA2B1,HNRNPC,HNRNPD,HNRNPU"
"GO:BP","negative regulation of metabolic process","GO:0009892","false","0.00011134575163680969","3.953326348687318","3276","28","17","20972","U2AF2,RBMX,SRSF2,SRSF3,SRSF4,SRSF6,SRSF7,SRSF9,SRSF10,SRSF12,HNRNPA1,HNRNPA2B1,HNRNPC,HNRNPD,HNRNPK,HNRNPL,HNRNPU"
"GO:BP","regulation of metabolic process","GO:0019222","false","0.00017893184038781303","3.747312371146876","6900","28","23","20972","U2AF2,RBMX,SRSF1,SRSF2,SRSF3,SRSF4,SRSF6,SRSF7,SRSF8,SRSF9,SRSF10,SRSF12,HNRNPA1,HNRNPA2B1,HNRNPC,HNRNPD,HNRNPH1,HNRNPH2,HNRNPH3,HNRNPF,HNRNPK,HNRNPL,HNRNPU"
"GO:BP","macromolecule metabolic process","GO:0043170","false","0.00021884468477506667","3.6598639969187716","11942","28","28","20972","U2AF1,U2AF2,RBMX,SRSF1,SRSF2,SRSF3,SRSF4,SRSF5,SRSF6,SRSF7,SRSF8,SRSF9,SRSF10,SRSF11,SRSF12,HNRNPA1,HNRNPA2B1,HNRNPC,HNRNPD,HNRNPH1,HNRNPH2,HNRNPH3,HNRNPF,HNRNPK,HNRNPL,HNRNPM,HNRNPU,HNRNPUL1"
"GO:BP","regulation of nucleobase-containing compound metabolic process","GO:0019219","false","0.0002551487229081336","3.5932066010936095","3954","28","18","20972","U2AF2,RBMX,SRSF2,SRSF3,SRSF4,SRSF6,SRSF7,SRSF8,SRSF9,SRSF10,SRSF12,HNRNPA1,HNRNPA2B1,HNRNPC,HNRNPD,HNRNPK,HNRNPL,HNRNPU"
"GO:BP","spliceosomal complex assembly","GO:0000245","false","0.0003251825966323227","3.4878727053559446","332","28","7","20972","U2AF2,SRSF1,SRSF5,SRSF6,SRSF9,SRSF10,SRSF12"
"GO:BP","RNA localization","GO:0006403","true","0.0003551635819114026","3.4495715726957403","201","28","6","20972","SRSF1,SRSF3,SRSF7,HNRNPA1,HNRNPA2B1,HNRNPU"
"GO:BP","primary metabolic process","GO:0044238","false","0.00037185382520186485","3.4296277466344307","12170","28","28","20972","U2AF1,U2AF2,RBMX,SRSF1,SRSF2,SRSF3,SRSF4,SRSF5,SRSF6,SRSF7,SRSF8,SRSF9,SRSF10,SRSF11,SRSF12,HNRNPA1,HNRNPA2B1,HNRNPC,HNRNPD,HNRNPH1,HNRNPH2,HNRNPH3,HNRNPF,HNRNPK,HNRNPL,HNRNPM,HNRNPU,HNRNPUL1"
"GO:BP","mRNA splice site recognition","GO:0006376","false","0.0004345052498012795","3.362004971928886","208","28","6","20972","SRSF1,SRSF5,SRSF6,SRSF9,SRSF10,SRSF12"
"GO:BP","regulation of telomere maintenance","GO:0032204","false","0.0005285779477019098","3.2768909596136","111","28","5","20972","HNRNPA1,HNRNPA2B1,HNRNPC,HNRNPD,HNRNPU"
"GO:BP","regulation of telomere maintenance via telomerase","GO:0032210","false","0.0005697431677239825","3.244320874111719","45","28","4","20972","HNRNPA1,HNRNPC,HNRNPD,HNRNPU"
"GO:BP","regulation of RNA metabolic process","GO:0051252","false","0.0005742176295062378","3.24092347801899","3654","28","17","20972","U2AF2,RBMX,SRSF2,SRSF3,SRSF4,SRSF6,SRSF7,SRSF8,SRSF9,SRSF10,SRSF12,HNRNPA1,HNRNPC,HNRNPD,HNRNPK,HNRNPL,HNRNPU"
"GO:BP","mRNA transport","GO:0051028","false","0.0012050929310519548","2.918979461066825","131","28","5","20972","SRSF1,SRSF3,SRSF7,HNRNPA1,HNRNPA2B1"
"GO:BP","telomere maintenance via telomerase","GO:0007004","false","0.0017181803165183154","2.7649312605515965","59","28","4","20972","HNRNPA1,HNRNPC,HNRNPD,HNRNPU"
"GO:BP","RNA-templated DNA biosynthetic process","GO:0006278","false","0.002240513873266661","2.649652362590258","63","28","4","20972","HNRNPA1,HNRNPC,HNRNPD,HNRNPU"
"GO:BP","nucleic acid transport","GO:0050657","false","0.0032348905801723904","2.4901404047112066","160","28","5","20972","SRSF1,SRSF3,SRSF7,HNRNPA1,HNRNPA2B1"
"GO:BP","RNA transport","GO:0050658","false","0.0032348905801723904","2.4901404047112066","160","28","5","20972","SRSF1,SRSF3,SRSF7,HNRNPA1,HNRNPA2B1"
"GO:BP","establishment of RNA localization","GO:0051236","false","0.0035441537991648875","2.450487440092171","163","28","5","20972","SRSF1,SRSF3,SRSF7,HNRNPA1,HNRNPA2B1"
"GO:BP","telomere maintenance","GO:0000723","false","0.00365225597807498","2.4374387913870423","164","28","5","20972","HNRNPA1,HNRNPA2B1,HNRNPC,HNRNPD,HNRNPU"
"GO:BP","negative regulation of telomere maintenance via telomerase","GO:0032211","false","0.005041946352712562","2.2974017796125388","22","28","3","20972","HNRNPA1,HNRNPC,HNRNPU"
"GO:BP","regulation of DNA biosynthetic process","GO:2000278","false","0.007463987795730302","2.127029079370254","85","28","4","20972","HNRNPA1,HNRNPC,HNRNPD,HNRNPU"
"GO:BP","telomere organization","GO:0032200","false","0.007701353429469533","2.113432945567954","191","28","5","20972","HNRNPA1,HNRNPA2B1,HNRNPC,HNRNPD,HNRNPU"
"GO:BP","positive regulation of telomere maintenance via telomere lengthening","GO:1904358","false","0.008481985001508971","2.071502499828166","26","28","3","20972","HNRNPA1,HNRNPA2B1,HNRNPD"
"GO:BP","negative regulation of telomere maintenance via telomere lengthening","GO:1904357","false","0.01319766119245045","1.8795030249463074","30","28","3","20972","HNRNPA1,HNRNPC,HNRNPU"
"GO:BP","negative regulation of DNA biosynthetic process","GO:2000279","false","0.01319766119245045","1.8795030249463074","30","28","3","20972","HNRNPA1,HNRNPC,HNRNPU"
"GO:BP","metabolic process","GO:0008152","false","0.020229201164918373","1.6940212668346228","14035","28","28","20972","U2AF1,U2AF2,RBMX,SRSF1,SRSF2,SRSF3,SRSF4,SRSF5,SRSF6,SRSF7,SRSF8,SRSF9,SRSF10,SRSF11,SRSF12,HNRNPA1,HNRNPA2B1,HNRNPC,HNRNPD,HNRNPH1,HNRNPH2,HNRNPH3,HNRNPF,HNRNPK,HNRNPL,HNRNPM,HNRNPU,HNRNPUL1"
"GO:BP","nucleobase-containing compound transport","GO:0015931","false","0.02194294972916774","1.6587049918482382","237","28","5","20972","SRSF1,SRSF3,SRSF7,HNRNPA1,HNRNPA2B1"
"GO:BP","regulation of chromosome organization","GO:0033044","false","0.02378770862173864","1.6236473898610937","241","28","5","20972","HNRNPA1,HNRNPA2B1,HNRNPC,HNRNPD,HNRNPU"
"GO:BP","negative regulation of telomere maintenance","GO:0032205","false","0.029469678425411018","1.5306246031670918","39","28","3","20972","HNRNPA1,HNRNPC,HNRNPU"
"GO:BP","positive regulation of RNA splicing","GO:0033120","false","0.04864422028711672","1.3129687534742764","46","28","3","20972","U2AF2,RBMX,SRSF1"
"GO:CC","ribonucleoprotein granule","GO:0035770","true","1.7752375695004056e-19","18.750743519668532","773","28","19","22155","U2AF1,U2AF2,SRSF1,SRSF2,SRSF3,SRSF4,SRSF5,SRSF6,SRSF7,SRSF8,SRSF9,SRSF10,SRSF11,SRSF12,HNRNPA2B1,HNRNPK,HNRNPL,HNRNPM,HNRNPU"
"GO:CC","nuclear ribonucleoprotein granule","GO:0140168","false","7.525064568601546e-19","18.123489769266737","530","28","17","22155","U2AF1,U2AF2,SRSF1,SRSF2,SRSF3,SRSF4,SRSF5,SRSF6,SRSF7,SRSF8,SRSF9,SRSF10,SRSF11,SRSF12,HNRNPA2B1,HNRNPM,HNRNPU"
"GO:CC","nucleoplasm","GO:0005654","false","2.8164809905827226e-18","17.5502931756244","4334","28","28","22155","U2AF1,U2AF2,RBMX,SRSF1,SRSF2,SRSF3,SRSF4,SRSF5,SRSF6,SRSF7,SRSF8,SRSF9,SRSF10,SRSF11,SRSF12,HNRNPA1,HNRNPA2B1,HNRNPC,HNRNPD,HNRNPH1,HNRNPH2,HNRNPH3,HNRNPF,HNRNPK,HNRNPL,HNRNPM,HNRNPU,HNRNPUL1"
"GO:CC","catalytic step 2 spliceosome","GO:0071013","true","8.633573780518787e-18","17.063809395260222","88","28","11","22155","U2AF1,RBMX,SRSF1,HNRNPA1,HNRNPA2B1,HNRNPC,HNRNPH1,HNRNPF,HNRNPK,HNRNPM,HNRNPU"
"GO:CC","spliceosomal complex","GO:0005681","false","1.720898103785333e-17","16.764244843951268","205","28","13","22155","U2AF1,U2AF2,RBMX,SRSF1,HNRNPA1,HNRNPA2B1,HNRNPC,HNRNPH1,HNRNPH3,HNRNPF,HNRNPK,HNRNPM,HNRNPU"
"GO:CC","nuclear speck","GO:0016607","false","1.0561938555954797e-16","15.976256363346993","431","28","15","22155","U2AF1,U2AF2,SRSF1,SRSF2,SRSF3,SRSF4,SRSF5,SRSF6,SRSF7,SRSF8,SRSF9,SRSF10,SRSF11,SRSF12,HNRNPU"
"GO:CC","nuclear lumen","GO:0031981","false","4.1924846179858486e-15","14.377528522123455","5622","28","28","22155","U2AF1,U2AF2,RBMX,SRSF1,SRSF2,SRSF3,SRSF4,SRSF5,SRSF6,SRSF7,SRSF8,SRSF9,SRSF10,SRSF11,SRSF12,HNRNPA1,HNRNPA2B1,HNRNPC,HNRNPD,HNRNPH1,HNRNPH2,HNRNPH3,HNRNPF,HNRNPK,HNRNPL,HNRNPM,HNRNPU,HNRNPUL1"
"GO:CC","nuclear body","GO:0016604","false","1.1756338082163803e-14","13.929727933223194","940","28","17","22155","U2AF1,U2AF2,SRSF1,SRSF2,SRSF3,SRSF4,SRSF5,SRSF6,SRSF7,SRSF8,SRSF9,SRSF10,SRSF11,SRSF12,HNRNPA2B1,HNRNPM,HNRNPU"
"GO:CC","intracellular organelle lumen","GO:0070013","false","8.408410593818302e-13","12.075286089287646","6791","28","28","22155","U2AF1,U2AF2,RBMX,SRSF1,SRSF2,SRSF3,SRSF4,SRSF5,SRSF6,SRSF7,SRSF8,SRSF9,SRSF10,SRSF11,SRSF12,HNRNPA1,HNRNPA2B1,HNRNPC,HNRNPD,HNRNPH1,HNRNPH2,HNRNPH3,HNRNPF,HNRNPK,HNRNPL,HNRNPM,HNRNPU,HNRNPUL1"
"GO:CC","organelle lumen","GO:0043233","false","8.408410593818302e-13","12.075286089287646","6791","28","28","22155","U2AF1,U2AF2,RBMX,SRSF1,SRSF2,SRSF3,SRSF4,SRSF5,SRSF6,SRSF7,SRSF8,SRSF9,SRSF10,SRSF11,SRSF12,HNRNPA1,HNRNPA2B1,HNRNPC,HNRNPD,HNRNPH1,HNRNPH2,HNRNPH3,HNRNPF,HNRNPK,HNRNPL,HNRNPM,HNRNPU,HNRNPUL1"
"GO:CC","membrane-enclosed lumen","GO:0031974","false","8.408410593818302e-13","12.075286089287646","6791","28","28","22155","U2AF1,U2AF2,RBMX,SRSF1,SRSF2,SRSF3,SRSF4,SRSF5,SRSF6,SRSF7,SRSF8,SRSF9,SRSF10,SRSF11,SRSF12,HNRNPA1,HNRNPA2B1,HNRNPC,HNRNPD,HNRNPH1,HNRNPH2,HNRNPH3,HNRNPF,HNRNPK,HNRNPL,HNRNPM,HNRNPU,HNRNPUL1"
"GO:CC","supramolecular complex","GO:0099080","false","4.840052866825915e-12","11.315149894627204","1938","28","19","22155","U2AF1,U2AF2,SRSF1,SRSF2,SRSF3,SRSF4,SRSF5,SRSF6,SRSF7,SRSF8,SRSF9,SRSF10,SRSF11,SRSF12,HNRNPA2B1,HNRNPK,HNRNPL,HNRNPM,HNRNPU"
"GO:CC","nucleus","GO:0005634","false","6.656333315772722e-8","7.176764938884339","10153","28","28","22155","U2AF1,U2AF2,RBMX,SRSF1,SRSF2,SRSF3,SRSF4,SRSF5,SRSF6,SRSF7,SRSF8,SRSF9,SRSF10,SRSF11,SRSF12,HNRNPA1,HNRNPA2B1,HNRNPC,HNRNPD,HNRNPH1,HNRNPH2,HNRNPH3,HNRNPF,HNRNPK,HNRNPL,HNRNPM,HNRNPU,HNRNPUL1"
"GO:CC","ribonucleoprotein complex","GO:1990904","false","3.4988179046915846e-7","6.456078659702152","2712","28","17","22155","U2AF1,U2AF2,RBMX,SRSF1,HNRNPA1,HNRNPA2B1,HNRNPC,HNRNPD,HNRNPH1,HNRNPH2,HNRNPH3,HNRNPF,HNRNPK,HNRNPL,HNRNPM,HNRNPU,HNRNPUL1"
"GO:CC","membraneless organelle","GO:0043228","false","0.00012542961616897411","3.9015999067257896","7128","28","22","22155","U2AF1,U2AF2,RBMX,SRSF1,SRSF2,SRSF3,SRSF4,SRSF5,SRSF6,SRSF7,SRSF8,SRSF9,SRSF10,SRSF11,SRSF12,HNRNPA2B1,HNRNPC,HNRNPD,HNRNPK,HNRNPL,HNRNPM,HNRNPU"
"GO:CC","intracellular membraneless organelle","GO:0043232","false","0.00012542961616897411","3.9015999067257896","7128","28","22","22155","U2AF1,U2AF2,RBMX,SRSF1,SRSF2,SRSF3,SRSF4,SRSF5,SRSF6,SRSF7,SRSF8,SRSF9,SRSF10,SRSF11,SRSF12,HNRNPA2B1,HNRNPC,HNRNPD,HNRNPK,HNRNPL,HNRNPM,HNRNPU"
"GO:CC","catalytic complex","GO:1902494","false","0.0013035976435120562","2.884856433271818","1814","28","11","22155","U2AF1,RBMX,SRSF1,HNRNPA1,HNRNPA2B1,HNRNPC,HNRNPH1,HNRNPF,HNRNPK,HNRNPM,HNRNPU"
"GO:CC","nuclear protein-containing complex","GO:0140513","false","0.0018577078299280797","2.731022588419665","2725","28","13","22155","U2AF1,U2AF2,RBMX,SRSF1,HNRNPA1,HNRNPA2B1,HNRNPC,HNRNPH1,HNRNPH3,HNRNPF,HNRNPK,HNRNPM,HNRNPU"
"GO:CC","intracellular membrane-bounded organelle","GO:0043231","false","0.0026605867683994204","2.575022573077317","14817","28","28","22155","U2AF1,U2AF2,RBMX,SRSF1,SRSF2,SRSF3,SRSF4,SRSF5,SRSF6,SRSF7,SRSF8,SRSF9,SRSF10,SRSF11,SRSF12,HNRNPA1,HNRNPA2B1,HNRNPC,HNRNPD,HNRNPH1,HNRNPH2,HNRNPH3,HNRNPF,HNRNPK,HNRNPL,HNRNPM,HNRNPU,HNRNPUL1"
"GO:CC","U2AF complex","GO:0089701","false","0.00481838633030746","2.317098381922911","6","28","2","22155","U2AF1,U2AF2"
"GO:CC","membrane-bounded organelle","GO:0043227","false","0.01851311981347847","1.732520388183502","15879","28","28","22155","U2AF1,U2AF2,RBMX,SRSF1,SRSF2,SRSF3,SRSF4,SRSF5,SRSF6,SRSF7,SRSF8,SRSF9,SRSF10,SRSF11,SRSF12,HNRNPA1,HNRNPA2B1,HNRNPC,HNRNPD,HNRNPH1,HNRNPH2,HNRNPH3,HNRNPF,HNRNPK,HNRNPL,HNRNPM,HNRNPU,HNRNPUL1"
"GO:CC","intracellular organelle","GO:0043229","false","0.032663416319695396","1.4859383936594022","16204","28","28","22155","U2AF1,U2AF2,RBMX,SRSF1,SRSF2,SRSF3,SRSF4,SRSF5,SRSF6,SRSF7,SRSF8,SRSF9,SRSF10,SRSF11,SRSF12,HNRNPA1,HNRNPA2B1,HNRNPC,HNRNPD,HNRNPH1,HNRNPH2,HNRNPH3,HNRNPF,HNRNPK,HNRNPL,HNRNPM,HNRNPU,HNRNPUL1"
"KEGG","Spliceosome","KEGG:03040","false","1.5751218903669452e-26","25.802685832816934","199","20","18","8716","U2AF1,U2AF2,RBMX,SRSF1,SRSF2,SRSF3,SRSF4,SRSF5,SRSF6,SRSF7,SRSF8,SRSF9,SRSF10,HNRNPA1,HNRNPC,HNRNPK,HNRNPM,HNRNPU"
"KEGG","Herpes simplex virus 1 infection","KEGG:05168","false","4.37721537765647e-9","8.358802083721253","177","20","9","8716","SRSF1,SRSF2,SRSF3,SRSF4,SRSF5,SRSF6,SRSF7,SRSF8,SRSF9"
"REAC","mRNA Splicing - Major Pathway","REAC:R-HSA-72163","false","4.139226735123253e-44","43.38308078352534","202","26","26","11056","U2AF1,U2AF2,RBMX,SRSF1,SRSF2,SRSF3,SRSF4,SRSF5,SRSF6,SRSF7,SRSF8,SRSF9,SRSF10,SRSF11,SRSF12,HNRNPA1,HNRNPA2B1,HNRNPC,HNRNPD,HNRNPH1,HNRNPH2,HNRNPF,HNRNPK,HNRNPL,HNRNPM,HNRNPU"
"REAC","mRNA Splicing","REAC:R-HSA-72172","false","1.0644532993392669e-43","42.972873387569166","209","26","26","11056","U2AF1,U2AF2,RBMX,SRSF1,SRSF2,SRSF3,SRSF4,SRSF5,SRSF6,SRSF7,SRSF8,SRSF9,SRSF10,SRSF11,SRSF12,HNRNPA1,HNRNPA2B1,HNRNPC,HNRNPD,HNRNPH1,HNRNPH2,HNRNPF,HNRNPK,HNRNPL,HNRNPM,HNRNPU"
"REAC","Processing of Capped Intron-Containing Pre-mRNA","REAC:R-HSA-72203","false","2.206249486056038e-40","39.656345378436626","276","26","26","11056","U2AF1,U2AF2,RBMX,SRSF1,SRSF2,SRSF3,SRSF4,SRSF5,SRSF6,SRSF7,SRSF8,SRSF9,SRSF10,SRSF11,SRSF12,HNRNPA1,HNRNPA2B1,HNRNPC,HNRNPD,HNRNPH1,HNRNPH2,HNRNPF,HNRNPK,HNRNPL,HNRNPM,HNRNPU"
"REAC","Metabolism of RNA","REAC:R-HSA-8953854","false","2.1849044037792554e-29","28.6605675599839","710","26","26","11056","U2AF1,U2AF2,RBMX,SRSF1,SRSF2,SRSF3,SRSF4,SRSF5,SRSF6,SRSF7,SRSF8,SRSF9,SRSF10,SRSF11,SRSF12,HNRNPA1,HNRNPA2B1,HNRNPC,HNRNPD,HNRNPH1,HNRNPH2,HNRNPF,HNRNPK,HNRNPL,HNRNPM,HNRNPU"
"REAC","mRNA 3'-end processing","REAC:R-HSA-72187","false","4.8857002393127224e-17","16.31107318255415","56","26","11","11056","U2AF1,U2AF2,SRSF1,SRSF2,SRSF3,SRSF4,SRSF5,SRSF6,SRSF7,SRSF9,SRSF11"
"REAC","RNA Polymerase II Transcription Termination","REAC:R-HSA-73856","false","2.903991327926411e-16","15.537004684886314","65","26","11","11056","U2AF1,U2AF2,SRSF1,SRSF2,SRSF3,SRSF4,SRSF5,SRSF6,SRSF7,SRSF9,SRSF11"
"REAC","Transport of Mature mRNA derived from an Intron-Containing Transcript","REAC:R-HSA-159236","false","8.245402835743041e-16","15.083788121697255","71","26","11","11056","U2AF1,U2AF2,SRSF1,SRSF2,SRSF3,SRSF4,SRSF5,SRSF6,SRSF7,SRSF9,SRSF11"
"REAC","Transport of Mature Transcript to Cytoplasm","REAC:R-HSA-72202","false","3.3361971488993156e-15","14.476748293121467","80","26","11","11056","U2AF1,U2AF2,SRSF1,SRSF2,SRSF3,SRSF4,SRSF5,SRSF6,SRSF7,SRSF9,SRSF11"
"REAC","FGFR2 alternative splicing","REAC:R-HSA-6803529","false","0.00009930208431361171","4.003041635730197","25","26","4","11056","HNRNPA1,HNRNPH1,HNRNPF,HNRNPM"
"REAC","mRNA Splicing - Minor Pathway","REAC:R-HSA-72165","false","0.0014724558331381163","2.831957723170452","48","26","4","11056","SRSF1,SRSF2,SRSF6,SRSF7"
"REAC","Signaling by FGFR2","REAC:R-HSA-5654738","false","0.004687010062598335","2.329104114086737","64","26","4","11056","HNRNPA1,HNRNPH1,HNRNPF,HNRNPM"
"REAC","Signaling by FGFR","REAC:R-HSA-190236","false","0.009777967124027323","2.0097514272764707","77","26","4","11056","HNRNPA1,HNRNPH1,HNRNPF,HNRNPM"
"REAC","RNA Polymerase II Transcription","REAC:R-HSA-73857","false","0.0396788130803587","1.401441327454359","1352","26","11","11056","U2AF1,U2AF2,SRSF1,SRSF2,SRSF3,SRSF4,SRSF5,SRSF6,SRSF7,SRSF9,SRSF11"
"WP","mRNA processing","WP:WP411","false","1.0083252514305478e-38","37.996399356663254","126","23","22","8899","U2AF1,U2AF2,RBMX,SRSF1,SRSF2,SRSF3,SRSF4,SRSF5,SRSF6,SRSF7,SRSF9,SRSF10,HNRNPA1,HNRNPA2B1,HNRNPC,HNRNPD,HNRNPH1,HNRNPH2,HNRNPK,HNRNPL,HNRNPM,HNRNPU"
"TF","Factor: YY2; motif: NNCCGCCATTW; match class: 1","TF:M08020_1","false","9.709785508818388e-7","6.012790363641476","69","28","6","20093","U2AF2,SRSF3,SRSF5,SRSF7,HNRNPA2B1,HNRNPH1"
"TF","Factor: E2F; motif: TTTSGCGS; match class: 1","TF:M00427_1","false","0.00043913179455650224","3.3574051174377386","3850","28","18","20093","U2AF2,SRSF1,SRSF2,SRSF3,SRSF4,SRSF5,SRSF7,SRSF10,HNRNPA1,HNRNPA2B1,HNRNPC,HNRNPD,HNRNPH1,HNRNPF,HNRNPK,HNRNPM,HNRNPU,HNRNPUL1"
"TF","Factor: Rb:E2F-1:DP-1; motif: TTTSGCGC; match class: 1","TF:M00740_1","false","0.0013073901831353277","2.8835947803660953","4657","28","19","20093","U2AF2,RBMX,SRSF1,SRSF2,SRSF3,SRSF4,SRSF5,SRSF7,SRSF10,SRSF12,HNRNPA1,HNRNPA2B1,HNRNPC,HNRNPH3,HNRNPF,HNRNPK,HNRNPL,HNRNPM,HNRNPUL1"
"TF","Factor: YY1; motif: CAANATGGCGGC; match class: 1","TF:M10436_1","false","0.0017202068288157796","2.7644193326196893","2382","28","14","20093","U2AF2,RBMX,SRSF1,SRSF2,SRSF3,SRSF5,SRSF6,SRSF7,SRSF8,SRSF10,HNRNPA1,HNRNPA2B1,HNRNPH1,HNRNPL"
"TF","Factor: YY2; motif: NNCCGCCATTW","TF:M08020","false","0.0024192609058524884","2.616317292505487","1386","28","11","20093","U2AF1,U2AF2,SRSF2,SRSF3,SRSF5,SRSF7,HNRNPA1,HNRNPA2B1,HNRNPD,HNRNPH1,HNRNPM"
"TF","Factor: YY1; motif: NAANATGGCGNNN; match class: 1","TF:M08982_1","false","0.0027373830511335487","2.5626644260631686","1730","28","12","20093","U2AF2,RBMX,SRSF1,SRSF2,SRSF3,SRSF5,SRSF6,SRSF7,SRSF10,HNRNPA1,HNRNPA2B1,HNRNPL"
"TF","Factor: ZNF597; motif: NGCCGCCATTTTGN","TF:M12310","false","0.004172931249328156","2.379558770400529","446","28","7","20093","U2AF2,RBMX,SRSF1,SRSF2,SRSF3,SRSF5,HNRNPA1"
"TF","Factor: E2F-4:DP-1; motif: TTTSGCGC; match class: 1","TF:M00738_1","false","0.006501457416306418","2.186989277678498","4050","28","17","20093","U2AF2,SRSF1,SRSF2,SRSF4,SRSF5,SRSF7,SRSF10,SRSF11,HNRNPA1,HNRNPA2B1,HNRNPC,HNRNPD,HNRNPH3,HNRNPF,HNRNPK,HNRNPM,HNRNPUL1"
"TF","Factor: E2F-4; motif: GCGGGAAANA; match class: 1","TF:M02090_1","false","0.007207524488094067","2.1422138733898333","6404","28","21","20093","U2AF1,U2AF2,SRSF1,SRSF2,SRSF4,SRSF6,SRSF7,SRSF8,SRSF10,SRSF12,HNRNPA1,HNRNPA2B1,HNRNPC,HNRNPD,HNRNPH1,HNRNPF,HNRNPK,HNRNPL,HNRNPM,HNRNPU,HNRNPUL1"
"TF","Factor: YY1; motif: GCCGCCATTTTG; match class: 1","TF:M02044_1","false","0.010075040818811212","1.9967531856485348","1280","28","10","20093","U2AF2,RBMX,SRSF1,SRSF2,SRSF3,SRSF5,SRSF6,SRSF7,HNRNPA1,HNRNPL"
"TF","Factor: E2F; motif: TTTCGCGC; match class: 1","TF:M00425_1","false","0.013668113997610762","1.86429140766616","5380","28","19","20093","U2AF2,RBMX,SRSF1,SRSF2,SRSF3,SRSF5,SRSF7,SRSF10,HNRNPA1,HNRNPA2B1,HNRNPC,HNRNPD,HNRNPH1,HNRNPH3,HNRNPF,HNRNPL,HNRNPM,HNRNPU,HNRNPUL1"
"TF","Factor: YY2; motif: NCCGCCATNTY; match class: 1","TF:M03925_1","false","0.015838137813994967","1.8002958823834234","778","28","8","20093","U2AF2,SRSF3,SRSF5,SRSF7,SRSF10,HNRNPA2B1,HNRNPH1,HNRNPL"
"TF","Factor: Crx; motif: YNWNGGGGATTARCCN","TF:M01436","false","0.016612339716442978","1.7795691963035483","2448","28","13","20093","U2AF1,RBMX,SRSF1,SRSF2,SRSF5,HNRNPA1,HNRNPA2B1,HNRNPC,HNRNPD,HNRNPH3,HNRNPF,HNRNPK,HNRNPL"
"TF","Factor: AR; motif: AGWACATNWTGTTCT","TF:M00447","false","0.01720779782449427","1.7642747051439736","4334","28","17","20093","U2AF2,SRSF2,SRSF4,SRSF5,SRSF8,SRSF10,SRSF11,SRSF12,HNRNPA1,HNRNPA2B1,HNRNPC,HNRNPD,HNRNPH2,HNRNPH3,HNRNPK,HNRNPU,HNRNPUL1"
"TF","Factor: E2F-1; motif: NNNSSCGCSAANN; match class: 1","TF:M07250_1","false","0.01893085225304534","1.722829833977926","5491","28","19","20093","U2AF2,SRSF1,SRSF2,SRSF3,SRSF4,SRSF5,SRSF6,SRSF10,SRSF11,HNRNPA1,HNRNPA2B1,HNRNPC,HNRNPD,HNRNPH1,HNRNPF,HNRNPK,HNRNPM,HNRNPU,HNRNPUL1"
"TF","Factor: E2F-4:DP-1; motif: TTTSGCGC","TF:M00738","false","0.02711686280503123","1.5667605561498694","10028","28","25","20093","U2AF1,U2AF2,RBMX,SRSF1,SRSF2,SRSF3,SRSF4,SRSF5,SRSF7,SRSF8,SRSF10,SRSF11,SRSF12,HNRNPA1,HNRNPA2B1,HNRNPC,HNRNPD,HNRNPH1,HNRNPH3,HNRNPF,HNRNPK,HNRNPL,HNRNPM,HNRNPU,HNRNPUL1"
"MIRNA","hsa-mir-3129-3p","MIRNA:hsa-mir-3129-3p","false","0.00009206010343223566","4.035928541499138","725","28","10","16638","SRSF1,SRSF3,SRSF5,SRSF11,SRSF12,HNRNPH1,HNRNPH2,HNRNPH3,HNRNPK,HNRNPU"
"MIRNA","hsa-mir-548n","MIRNA:hsa-mir-548n","false","0.00013588792609921875","3.8668191294443317","1774","28","14","16638","RBMX,SRSF1,SRSF2,SRSF3,SRSF6,SRSF7,SRSF10,SRSF12,HNRNPA2B1,HNRNPC,HNRNPK,HNRNPL,HNRNPM,HNRNPUL1"
"MIRNA","hsa-mir-548c-3p","MIRNA:hsa-mir-548c-3p","false","0.00015089700194712003","3.8213193887913866","3219","28","18","16638","U2AF1,U2AF2,RBMX,SRSF1,SRSF2,SRSF3,SRSF4,SRSF6,SRSF7,SRSF10,HNRNPA1,HNRNPA2B1,HNRNPH2,HNRNPH3,HNRNPK,HNRNPL,HNRNPU,HNRNPUL1"
"MIRNA","hsa-mir-4719","MIRNA:hsa-mir-4719","false","0.00017467209312833933","3.7577764754892566","1810","28","14","16638","SRSF1,SRSF2,SRSF3,SRSF6,SRSF7,SRSF11,HNRNPA1,HNRNPA2B1,HNRNPC,HNRNPD,HNRNPH2,HNRNPF,HNRNPL,HNRNPU"
"MIRNA","hsa-mir-3065-5p","MIRNA:hsa-mir-3065-5p","false","0.00017873903331773962","3.747780595209116","1517","28","13","16638","RBMX,SRSF1,SRSF2,SRSF5,SRSF7,SRSF8,SRSF10,SRSF11,HNRNPA2B1,HNRNPD,HNRNPH3,HNRNPK,HNRNPM"
"MIRNA","hsa-mir-4282","MIRNA:hsa-mir-4282","false","0.002576015527693857","2.5890515234661717","2254","28","14","16638","RBMX,SRSF3,SRSF4,SRSF6,SRSF7,SRSF10,HNRNPA2B1,HNRNPC,HNRNPD,HNRNPH2,HNRNPH3,HNRNPF,HNRNPK,HNRNPU"
"MIRNA","hsa-mir-3646","MIRNA:hsa-mir-3646","false","0.0030339215315541112","2.517995655867596","1942","28","13","16638","RBMX,SRSF1,SRSF2,SRSF3,SRSF8,SRSF10,SRSF12,HNRNPA2B1,HNRNPC,HNRNPD,HNRNPH1,HNRNPF,HNRNPU"
"MIRNA","hsa-mir-1-3p","MIRNA:hsa-mir-1-3p","false","0.0047669330632040575","2.3217609463496967","868","28","9","16638","SRSF4,SRSF5,SRSF6,SRSF7,SRSF9,HNRNPA1,HNRNPD,HNRNPH1,HNRNPU"
"MIRNA","hsa-mir-615-3p","MIRNA:hsa-mir-615-3p","false","0.007832641285846539","2.1060917625349753","923","28","9","16638","U2AF2,HNRNPA1,HNRNPA2B1,HNRNPC,HNRNPF,HNRNPK,HNRNPL,HNRNPM,HNRNPU"
"MIRNA","hsa-mir-513b","MIRNA:hsa-mir-513b","false","0.008363704967169773","2.077601295484932","1478","28","11","16638","RBMX,SRSF4,SRSF6,HNRNPA1,HNRNPA2B1,HNRNPC,HNRNPH1,HNRNPH2,HNRNPF,HNRNPK,HNRNPU"
"MIRNA","hsa-mir-186-5p","MIRNA:hsa-mir-186-5p","false","0.008735834964562601","2.058695579155913","702","28","8","16638","SRSF2,SRSF3,SRSF6,SRSF11,HNRNPA1,HNRNPC,HNRNPL,HNRNPU"
"MIRNA","hsa-mir-3613-3p","MIRNA:hsa-mir-3613-3p","false","0.009679381806600608","2.014152378906004","2907","28","15","16638","SRSF1,SRSF2,SRSF3,SRSF6,SRSF7,SRSF8,SRSF11,HNRNPA1,HNRNPD,HNRNPH1,HNRNPF,HNRNPK,HNRNPM,HNRNPU,HNRNPUL1"
"MIRNA","hsa-mir-4666-3p","MIRNA:hsa-mir-4666-3p","false","0.009813973845223657","2.0081551037720766","1503","28","11","16638","SRSF1,SRSF5,SRSF6,SRSF7,SRSF9,SRSF11,HNRNPA1,HNRNPA2B1,HNRNPD,HNRNPH1,HNRNPH3"
"MIRNA","hsa-mir-3163","MIRNA:hsa-mir-3163","false","0.011318559116764706","1.946208856492926","2553","28","14","16638","U2AF2,RBMX,SRSF1,SRSF2,SRSF4,SRSF6,SRSF7,SRSF8,HNRNPA2B1,HNRNPC,HNRNPH3,HNRNPK,HNRNPU,HNRNPUL1"
"MIRNA","hsa-mir-3148","MIRNA:hsa-mir-3148","false","0.012609726601995339","1.8992943294881364","2208","28","13","16638","U2AF2,RBMX,SRSF1,SRSF2,SRSF3,SRSF4,SRSF6,HNRNPA2B1,HNRNPC,HNRNPD,HNRNPH3,HNRNPL,HNRNPU"
"MIRNA","hsa-mir-3662","MIRNA:hsa-mir-3662","false","0.019311190464680286","1.7141909527195562","2296","28","13","16638","RBMX,SRSF1,SRSF2,SRSF8,SRSF9,SRSF10,SRSF11,HNRNPA2B1,HNRNPC,HNRNPF,HNRNPK,HNRNPM,HNRNPU"
"MIRNA","hsa-mir-3143","MIRNA:hsa-mir-3143","false","0.03594320412486927","1.4443832107071592","1409","28","10","16638","RBMX,SRSF2,SRSF3,SRSF5,SRSF7,SRSF8,HNRNPA2B1,HNRNPH1,HNRNPH3,HNRNPU"
"MIRNA","hsa-mir-551b-5p","MIRNA:hsa-mir-551b-5p","false","0.036606235833063695","1.4364449267037291","128","28","4","16638","SRSF2,SRSF10,HNRNPA2B1,HNRNPU"
"MIRNA","hsa-mir-3668","MIRNA:hsa-mir-3668","false","0.03743497482670616","1.4267224545788508","625","28","7","16638","SRSF1,SRSF2,SRSF8,SRSF9,SRSF11,HNRNPC,HNRNPU"
"MIRNA","hsa-mir-4539","MIRNA:hsa-mir-4539","false","0.04307510361267097","1.3657736692285785","877","28","8","16638","SRSF1,SRSF6,SRSF9,HNRNPA2B1,HNRNPC,HNRNPH2,HNRNPK,HNRNPUL1"
"MIRNA","hsa-mir-421","MIRNA:hsa-mir-421","false","0.04563477191852018","1.3407041157216686","1449","28","10","16638","RBMX,SRSF1,SRSF5,SRSF7,SRSF10,HNRNPA1,HNRNPH1,HNRNPH3,HNRNPK,HNRNPUL1"
"HPA","Testis; peritubular cells[≥Low]","HPA:0570771","false","5.282416060082146e-17","16.277167395351423","724","26","20","11007","U2AF1,U2AF2,RBMX,SRSF1,SRSF2,SRSF3,SRSF6,SRSF7,SRSF8,SRSF11,HNRNPA1,HNRNPA2B1,HNRNPC,HNRNPH1,HNRNPH2,HNRNPK,HNRNPL,HNRNPM,HNRNPU,HNRNPUL1"
"HPA","Testis; preleptotene spermatocytes[High]","HPA:0570783","false","1.1220126005924745e-16","15.950002265774106","752","26","20","11007","U2AF1,U2AF2,RBMX,SRSF1,SRSF2,SRSF3,SRSF8,SRSF11,HNRNPA1,HNRNPA2B1,HNRNPC,HNRNPD,HNRNPH1,HNRNPH2,HNRNPF,HNRNPK,HNRNPL,HNRNPM,HNRNPU,HNRNPUL1"
"HPA","Testis; spermatogonia cells[High]","HPA:0570813","false","2.095720742857659e-15","14.678666588060414","1468","26","23","11007","U2AF1,U2AF2,RBMX,SRSF1,SRSF2,SRSF3,SRSF4,SRSF6,SRSF8,SRSF9,SRSF11,HNRNPA1,HNRNPA2B1,HNRNPC,HNRNPD,HNRNPH1,HNRNPH2,HNRNPF,HNRNPK,HNRNPL,HNRNPM,HNRNPU,HNRNPUL1"
"HPA","Cerebellum; cells in molecular layer[High]","HPA:0090193","false","5.785443334187316e-15","14.237663355776364","918","26","20","11007","U2AF1,RBMX,SRSF1,SRSF2,SRSF3,SRSF6,SRSF8,SRSF9,SRSF11,HNRNPA1,HNRNPA2B1,HNRNPC,HNRNPD,HNRNPH1,HNRNPF,HNRNPK,HNRNPL,HNRNPM,HNRNPU,HNRNPUL1"
"HPA","Testis; peritubular cells[≥Medium]","HPA:0570772","false","1.074266946597251e-14","13.968887786579947","526","26","17","11007","U2AF1,U2AF2,RBMX,SRSF1,SRSF2,SRSF3,SRSF6,SRSF7,SRSF8,SRSF11,HNRNPA1,HNRNPC,HNRNPK,HNRNPL,HNRNPM,HNRNPU,HNRNPUL1"
"HPA","Kidney; cells in glomeruli[High]","HPA:0270353","false","4.7519242850362666e-14","13.323130487819142","853","26","19","11007","U2AF1,RBMX,SRSF1,SRSF2,SRSF3,SRSF6,SRSF8,HNRNPA1,HNRNPA2B1,HNRNPC,HNRNPD,HNRNPH1,HNRNPH2,HNRNPF,HNRNPK,HNRNPL,HNRNPM,HNRNPU,HNRNPUL1"
"HPA","Cervix; squamous epithelial cells[High]","HPA:0630223","false","6.223243081593775e-14","13.205983235021792","1036","26","20","11007","U2AF1,RBMX,SRSF1,SRSF2,SRSF3,SRSF6,SRSF8,SRSF11,HNRNPA1,HNRNPA2B1,HNRNPC,HNRNPD,HNRNPH1,HNRNPH2,HNRNPF,HNRNPK,HNRNPL,HNRNPM,HNRNPU,HNRNPUL1"
"HPA","Testis; preleptotene spermatocytes[≥Medium]","HPA:0570782","false","1.1196668154161647e-13","12.95091119318129","1491","26","22","11007","U2AF1,U2AF2,RBMX,SRSF1,SRSF2,SRSF3,SRSF6,SRSF7,SRSF8,SRSF11,HNRNPA1,HNRNPA2B1,HNRNPC,HNRNPD,HNRNPH1,HNRNPH2,HNRNPF,HNRNPK,HNRNPL,HNRNPM,HNRNPU,HNRNPUL1"
"HPA","Cerebral cortex; glial cells[High]","HPA:0100123","false","1.3031644009522612e-13","12.885000792328432","746","26","18","11007","SRSF1,SRSF2,SRSF3,SRSF4,SRSF6,SRSF8,SRSF11,HNRNPA1,HNRNPC,HNRNPD,HNRNPH1,HNRNPH2,HNRNPF,HNRNPK,HNRNPL,HNRNPM,HNRNPU,HNRNPUL1"
"HPA","Caudate; neuronal cells[High]","HPA:0080133","false","2.2369140654033515e-13","12.650350699693263","1106","26","20","11007","U2AF1,RBMX,SRSF1,SRSF3,SRSF4,SRSF6,SRSF9,SRSF11,HNRNPA1,HNRNPA2B1,HNRNPC,HNRNPD,HNRNPH1,HNRNPH2,HNRNPF,HNRNPK,HNRNPL,HNRNPM,HNRNPU,HNRNPUL1"
"HPA","Oral mucosa; squamous epithelial cells[High]","HPA:0330223","false","5.040540188768095e-13","12.29752291823111","1153","26","20","11007","U2AF1,U2AF2,SRSF1,SRSF2,SRSF3,SRSF6,SRSF8,SRSF11,HNRNPA1,HNRNPA2B1,HNRNPC,HNRNPD,HNRNPH1,HNRNPH2,HNRNPF,HNRNPK,HNRNPL,HNRNPM,HNRNPU,HNRNPUL1"
"HPA","Hippocampus; neuronal cells[High]","HPA:0250133","false","2.7487917653339764e-12","11.560858158880347","1258","26","20","11007","U2AF1,RBMX,SRSF1,SRSF3,SRSF4,SRSF6,SRSF9,SRSF11,HNRNPA1,HNRNPA2B1,HNRNPC,HNRNPD,HNRNPH1,HNRNPH2,HNRNPF,HNRNPK,HNRNPL,HNRNPM,HNRNPU,HNRNPUL1"
"HPA","Lung; endothelial cells[High]","HPA:0300203","false","3.6827336517555334e-12","11.43382968971302","293","26","13","11007","SRSF1,SRSF3,SRSF6,SRSF11,HNRNPA2B1,HNRNPC,HNRNPD,HNRNPH2,HNRNPK,HNRNPL,HNRNPM,HNRNPU,HNRNPUL1"
"HPA","Cerebellum; cells in granular layer[High]","HPA:0090183","false","4.596876051554918e-12","11.337537206245658","756","26","17","11007","U2AF1,RBMX,SRSF1,SRSF3,SRSF4,SRSF6,SRSF9,SRSF11,HNRNPA1,HNRNPC,HNRNPD,HNRNPH1,HNRNPF,HNRNPK,HNRNPL,HNRNPM,HNRNPUL1"
"HPA","Smooth muscle; smooth muscle cells[High]","HPA:0490693","false","4.978273437117845e-12","11.30292125297249","620","26","16","11007","U2AF1,SRSF1,SRSF2,SRSF3,SRSF8,SRSF11,HNRNPA1,HNRNPA2B1,HNRNPC,HNRNPH1,HNRNPH2,HNRNPF,HNRNPK,HNRNPL,HNRNPM,HNRNPU"
"HPA","Testis; pachytene spermatocytes[High]","HPA:0570763","false","9.254861553694045e-12","11.033630073606533","951","26","18","11007","U2AF1,U2AF2,SRSF1,SRSF2,SRSF3,SRSF6,SRSF8,SRSF11,HNRNPA2B1,HNRNPC,HNRNPD,HNRNPH1,HNRNPH2,HNRNPK,HNRNPL,HNRNPM,HNRNPU,HNRNPUL1"
"HPA","Skin 1; melanocytes[High]","HPA:0460673","false","1.7688130913505962e-11","10.752318056114392","987","26","18","11007","U2AF1,RBMX,SRSF1,SRSF2,SRSF3,SRSF6,SRSF8,SRSF11,HNRNPA1,HNRNPA2B1,HNRNPH1,HNRNPH2,HNRNPF,HNRNPK,HNRNPL,HNRNPM,HNRNPU,HNRNPUL1"
"HPA","Skin 1; cells in granular layer[High]","HPA:0460183","false","1.789175161643924e-11","10.747347139582692","248","26","12","11007","SRSF3,SRSF6,SRSF7,SRSF9,HNRNPA1,HNRNPA2B1,HNRNPC,HNRNPH1,HNRNPH2,HNRNPK,HNRNPM,HNRNPU"
"HPA","Testis; preleptotene spermatocytes[≥Low]","HPA:0570781","false","2.052511146083828e-11","10.687714475782428","1901","26","22","11007","U2AF1,U2AF2,RBMX,SRSF1,SRSF2,SRSF3,SRSF6,SRSF7,SRSF8,SRSF11,HNRNPA1,HNRNPA2B1,HNRNPC,HNRNPD,HNRNPH1,HNRNPH2,HNRNPF,HNRNPK,HNRNPL,HNRNPM,HNRNPU,HNRNPUL1"
"HPA","Testis; spermatogonia cells[≥Medium]","HPA:0570812","false","2.2835956152454926e-11","10.64138079955768","2568","26","24","11007","U2AF1,U2AF2,RBMX,SRSF1,SRSF2,SRSF3,SRSF4,SRSF6,SRSF7,SRSF8,SRSF9,SRSF11,HNRNPA1,HNRNPA2B1,HNRNPC,HNRNPD,HNRNPH1,HNRNPH2,HNRNPF,HNRNPK,HNRNPL,HNRNPM,HNRNPU,HNRNPUL1"
"HPA","Skeletal muscle; myocytes[High]","HPA:0440343","false","5.221594980344745e-11","10.282196817810476","876","26","17","11007","RBMX,SRSF1,SRSF2,SRSF3,SRSF8,SRSF11,HNRNPA1,HNRNPA2B1,HNRNPC,HNRNPD,HNRNPH1,HNRNPH2,HNRNPF,HNRNPK,HNRNPL,HNRNPM,HNRNPU"
"HPA","Salivary gland; glandular cells[High]","HPA:0420053","false","6.285582122393892e-11","10.201654495092372","1479","26","20","11007","U2AF1,RBMX,SRSF1,SRSF2,SRSF3,SRSF6,SRSF8,SRSF11,HNRNPA1,HNRNPA2B1,HNRNPC,HNRNPD,HNRNPH1,HNRNPH2,HNRNPF,HNRNPK,HNRNPL,HNRNPM,HNRNPU,HNRNPUL1"
"HPA","Hippocampus; glial cells[≥Medium]","HPA:0250122","false","6.451661394212978e-11","10.190328433980495","2006","26","22","11007","U2AF1,RBMX,SRSF1,SRSF2,SRSF3,SRSF4,SRSF7,SRSF8,SRSF9,SRSF11,HNRNPA1,HNRNPA2B1,HNRNPC,HNRNPD,HNRNPH1,HNRNPH2,HNRNPF,HNRNPK,HNRNPL,HNRNPM,HNRNPU,HNRNPUL1"
"HPA","Testis; sertoli cells[High]","HPA:0570803","false","8.13360304732228e-11","10.089717026738931","602","26","15","11007","U2AF2,RBMX,SRSF1,SRSF2,SRSF3,SRSF8,SRSF11,HNRNPA1,HNRNPH1,HNRNPH2,HNRNPK,HNRNPL,HNRNPM,HNRNPU,HNRNPUL1"
"HPA","Ovary; ovarian stroma cells[≥Medium]","HPA:0340462","false","1.1947134618272158e-10","9.922736242723444","2065","26","22","11007","U2AF1,U2AF2,RBMX,SRSF1,SRSF2,SRSF3,SRSF4,SRSF6,SRSF8,SRSF11,HNRNPA1,HNRNPA2B1,HNRNPC,HNRNPD,HNRNPH1,HNRNPH2,HNRNPF,HNRNPK,HNRNPL,HNRNPM,HNRNPU,HNRNPUL1"
"HPA","Nasopharynx; respiratory epithelial cells[High]","HPA:0320103","false","1.228356017320662e-10","9.9106757423567","1784","26","21","11007","U2AF1,RBMX,SRSF1,SRSF2,SRSF3,SRSF5,SRSF6,SRSF8,SRSF9,SRSF11,HNRNPA1,HNRNPA2B1,HNRNPC,HNRNPH1,HNRNPH2,HNRNPF,HNRNPK,HNRNPL,HNRNPM,HNRNPU,HNRNPUL1"
"HPA","Cerebellum; cells in molecular layer[≥Medium]","HPA:0090192","false","1.6290667767148123e-10","9.788061113257868","2792","26","24","11007","U2AF1,U2AF2,RBMX,SRSF1,SRSF2,SRSF3,SRSF4,SRSF5,SRSF6,SRSF7,SRSF8,SRSF9,SRSF11,HNRNPA1,HNRNPA2B1,HNRNPC,HNRNPD,HNRNPH1,HNRNPF,HNRNPK,HNRNPL,HNRNPM,HNRNPU,HNRNPUL1"
"HPA","Lung; alveolar cells type I[High]","HPA:0301363","false","1.7100213111718102e-10","9.76699847717121","506","26","14","11007","SRSF1,SRSF3,SRSF6,SRSF7,SRSF11,HNRNPA2B1,HNRNPC,HNRNPD,HNRNPH2,HNRNPK,HNRNPL,HNRNPM,HNRNPU,HNRNPUL1"
"HPA","Stomach 1; glandular cells[High]","HPA:0540053","false","2.2142007413758715e-10","9.654783008154784","2453","26","23","11007","U2AF1,U2AF2,RBMX,SRSF1,SRSF2,SRSF3,SRSF4,SRSF6,SRSF8,SRSF9,SRSF11,HNRNPA1,HNRNPA2B1,HNRNPC,HNRNPD,HNRNPH1,HNRNPH2,HNRNPF,HNRNPK,HNRNPL,HNRNPM,HNRNPU,HNRNPUL1"
"HPA","Epididymis; glandular cells[High]","HPA:0180053","false","2.3431314356059566e-10","9.630203349406711","1842","26","21","11007","U2AF1,U2AF2,RBMX,SRSF1,SRSF2,SRSF3,SRSF6,SRSF8,SRSF9,SRSF11,HNRNPA1,HNRNPA2B1,HNRNPC,HNRNPH1,HNRNPH2,HNRNPF,HNRNPK,HNRNPL,HNRNPM,HNRNPU,HNRNPUL1"
"HPA","Cerebral cortex; neuronal cells[High]","HPA:0100133","false","2.4747724316725385e-10","9.606464730553757","1847","26","21","11007","U2AF1,RBMX,SRSF1,SRSF2,SRSF3,SRSF6,SRSF8,SRSF9,SRSF11,HNRNPA1,HNRNPA2B1,HNRNPC,HNRNPD,HNRNPH1,HNRNPH2,HNRNPF,HNRNPK,HNRNPL,HNRNPM,HNRNPU,HNRNPUL1"
"HPA","Lung; endothelial cells[≥Medium]","HPA:0300202","false","2.539907854107435e-10","9.59518203896218","651","26","15","11007","U2AF2,SRSF1,SRSF3,SRSF4,SRSF6,SRSF11,HNRNPA2B1,HNRNPC,HNRNPD,HNRNPH2,HNRNPK,HNRNPL,HNRNPM,HNRNPU,HNRNPUL1"
"HPA","Kidney; cells in tubules[High]","HPA:0270363","false","3.163207146505576e-10","9.499872366845391","2162","26","22","11007","U2AF1,U2AF2,RBMX,SRSF1,SRSF2,SRSF3,SRSF4,SRSF6,SRSF8,SRSF9,HNRNPA1,HNRNPA2B1,HNRNPC,HNRNPD,HNRNPH1,HNRNPH2,HNRNPF,HNRNPK,HNRNPL,HNRNPM,HNRNPU,HNRNPUL1"
"HPA","Thyroid gland; glandular cells[High]","HPA:0590053","false","3.5360485520162415e-10","9.4514817805006","1880","26","21","11007","U2AF1,U2AF2,RBMX,SRSF1,SRSF2,SRSF3,SRSF6,SRSF8,SRSF9,SRSF11,HNRNPA1,HNRNPA2B1,HNRNPC,HNRNPH1,HNRNPH2,HNRNPF,HNRNPK,HNRNPL,HNRNPM,HNRNPU,HNRNPUL1"
"HPA","Colon; peripheral nerve/ganglion[High]","HPA:0130243","false","7.256536471471614e-10","9.139270617625563","855","26","16","11007","U2AF1,RBMX,SRSF2,SRSF3,SRSF6,SRSF8,HNRNPA1,HNRNPA2B1,HNRNPC,HNRNPH1,HNRNPH2,HNRNPF,HNRNPK,HNRNPL,HNRNPM,HNRNPUL1"
"HPA","Testis; round or early spermatids[High]","HPA:0570793","false","7.37102357094044e-10","9.132472200018137","1030","26","17","11007","U2AF2,SRSF1,SRSF2,SRSF3,SRSF6,SRSF7,SRSF8,SRSF11,HNRNPA1,HNRNPA2B1,HNRNPC,HNRNPD,HNRNPK,HNRNPL,HNRNPM,HNRNPU,HNRNPUL1"
"HPA","Lung; alveolar cells type I[≥Medium]","HPA:0301362","false","1.25302473333627e-9","8.90204035642369","886","26","16","11007","U2AF2,SRSF1,SRSF3,SRSF4,SRSF6,SRSF7,SRSF11,HNRNPA2B1,HNRNPC,HNRNPD,HNRNPH2,HNRNPK,HNRNPL,HNRNPM,HNRNPU,HNRNPUL1"
"HPA","Caudate; glial cells[≥Medium]","HPA:0080122","false","1.3921664645544814e-9","8.85630883202786","2319","26","22","11007","U2AF1,SRSF1,SRSF2,SRSF3,SRSF4,SRSF6,SRSF7,SRSF8,SRSF9,SRSF11,HNRNPA1,HNRNPA2B1,HNRNPC,HNRNPD,HNRNPH1,HNRNPH2,HNRNPF,HNRNPK,HNRNPL,HNRNPM,HNRNPU,HNRNPUL1"
"HPA","Testis; spermatogonia cells[≥Low]","HPA:0570811","false","1.4032423493482077e-9","8.852867316929359","3061","26","24","11007","U2AF1,U2AF2,RBMX,SRSF1,SRSF2,SRSF3,SRSF4,SRSF6,SRSF7,SRSF8,SRSF9,SRSF11,HNRNPA1,HNRNPA2B1,HNRNPC,HNRNPD,HNRNPH1,HNRNPH2,HNRNPF,HNRNPK,HNRNPL,HNRNPM,HNRNPU,HNRNPUL1"
"HPA","Cerebral cortex; glial cells[≥Medium]","HPA:0100122","false","1.6245821800048857e-9","8.789258314839204","2683","26","23","11007","U2AF1,RBMX,SRSF1,SRSF2,SRSF3,SRSF4,SRSF6,SRSF7,SRSF8,SRSF9,SRSF11,HNRNPA1,HNRNPA2B1,HNRNPC,HNRNPD,HNRNPH1,HNRNPH2,HNRNPF,HNRNPK,HNRNPL,HNRNPM,HNRNPU,HNRNPUL1"
"HPA","Urinary bladder; urothelial cells[High]","HPA:0610833","false","1.736525933618089e-9","8.760318726466014","2035","26","21","11007","U2AF1,U2AF2,RBMX,SRSF1,SRSF2,SRSF3,SRSF6,SRSF8,SRSF11,HNRNPA1,HNRNPA2B1,HNRNPC,HNRNPD,HNRNPH1,HNRNPH2,HNRNPF,HNRNPK,HNRNPL,HNRNPM,HNRNPU,HNRNPUL1"
"HPA","Lung; alveolar cells type I[≥Low]","HPA:0301361","false","1.8477791352880698e-9","8.733349941155998","1090","26","17","11007","U2AF2,SRSF1,SRSF3,SRSF4,SRSF6,SRSF7,SRSF9,SRSF11,HNRNPA2B1,HNRNPC,HNRNPD,HNRNPH2,HNRNPK,HNRNPL,HNRNPM,HNRNPU,HNRNPUL1"
"HPA","Colon; glandular cells[High]","HPA:0130053","false","3.3581994142945678e-9","8.473893518455162","2418","26","22","11007","U2AF1,U2AF2,RBMX,SRSF1,SRSF2,SRSF3,SRSF6,SRSF8,SRSF9,SRSF11,HNRNPA1,HNRNPA2B1,HNRNPC,HNRNPD,HNRNPH1,HNRNPH2,HNRNPF,HNRNPK,HNRNPL,HNRNPM,HNRNPU,HNRNPUL1"
"HPA","Skin 1; cells in spinous layer[High]","HPA:0461413","false","3.3956714056064244e-9","8.469074342467088","207","26","10","11007","SRSF3,SRSF6,HNRNPA1,HNRNPA2B1,HNRNPC,HNRNPH1,HNRNPH2,HNRNPK,HNRNPM,HNRNPU"
"HPA","Bronchus; respiratory epithelial cells[High]","HPA:0060103","false","3.6106377763078333e-9","8.442416078352823","1828","26","20","11007","U2AF1,RBMX,SRSF1,SRSF2,SRSF3,SRSF6,SRSF8,SRSF9,SRSF11,HNRNPA1,HNRNPA2B1,HNRNPC,HNRNPH1,HNRNPH2,HNRNPF,HNRNPK,HNRNPL,HNRNPM,HNRNPU,HNRNPUL1"
"HPA","Stomach 2; glandular cells[High]","HPA:0550053","false","3.6311125917609786e-9","8.439960284487716","2427","26","22","11007","U2AF1,U2AF2,RBMX,SRSF2,SRSF3,SRSF4,SRSF5,SRSF6,SRSF8,SRSF11,HNRNPA1,HNRNPA2B1,HNRNPC,HNRNPD,HNRNPH1,HNRNPH2,HNRNPF,HNRNPK,HNRNPL,HNRNPM,HNRNPU,HNRNPUL1"
"HPA","Vagina; squamous epithelial cells[High]","HPA:0620223","false","3.816677670078909e-9","8.418314515978865","1140","26","17","11007","U2AF1,RBMX,SRSF1,SRSF2,SRSF3,SRSF6,SRSF8,SRSF11,HNRNPA1,HNRNPA2B1,HNRNPC,HNRNPD,HNRNPK,HNRNPL,HNRNPM,HNRNPU,HNRNPUL1"
"HPA","Lung; endothelial cells[≥Low]","HPA:0300201","false","4.793153320798939e-9","8.319378678808762","798","26","15","11007","U2AF2,SRSF1,SRSF3,SRSF4,SRSF6,SRSF11,HNRNPA2B1,HNRNPC,HNRNPD,HNRNPH2,HNRNPK,HNRNPL,HNRNPM,HNRNPU,HNRNPUL1"
"HPA","Pancreas; pancreatic endocrine cells[High]","HPA:0351183","false","5.149201630723423e-9","8.288260101881043","802","26","15","11007","U2AF1,SRSF1,SRSF3,SRSF11,HNRNPA1,HNRNPA2B1,HNRNPC,HNRNPH1,HNRNPH2,HNRNPF,HNRNPK,HNRNPL,HNRNPM,HNRNPU,HNRNPUL1"
"HPA","Skin 1; langerhans cells[High]","HPA:0461463","false","5.679130302924998e-9","8.245718166676271","218","26","10","11007","SRSF3,SRSF6,HNRNPA1,HNRNPA2B1,HNRNPC,HNRNPH1,HNRNPH2,HNRNPK,HNRNPM,HNRNPU"
"HPA","Testis; sertoli cells[≥Low]","HPA:0570801","false","9.133397534375385e-9","8.03936763911895","2536","26","22","11007","U2AF1,U2AF2,RBMX,SRSF1,SRSF2,SRSF3,SRSF4,SRSF6,SRSF8,SRSF9,SRSF11,HNRNPA1,HNRNPA2B1,HNRNPC,HNRNPH1,HNRNPH2,HNRNPF,HNRNPK,HNRNPL,HNRNPM,HNRNPU,HNRNPUL1"
"HPA","Caudate; glial cells[High]","HPA:0080123","false","1.0084753480597362e-8","7.996334713546881","684","26","14","11007","SRSF1,SRSF3,SRSF4,SRSF6,SRSF11,HNRNPA1,HNRNPA2B1,HNRNPC,HNRNPD,HNRNPK,HNRNPL,HNRNPM,HNRNPU,HNRNPUL1"
"HPA","Cerebellum; cells in granular layer[≥Medium]","HPA:0090182","false","1.1228337210533685e-8","7.949684553066907","2928","26","23","11007","U2AF1,U2AF2,RBMX,SRSF1,SRSF2,SRSF3,SRSF4,SRSF6,SRSF7,SRSF8,SRSF9,SRSF11,HNRNPA1,HNRNPA2B1,HNRNPC,HNRNPD,HNRNPH1,HNRNPF,HNRNPK,HNRNPL,HNRNPM,HNRNPU,HNRNPUL1"
"HPA","Endometrium 1; cells in endometrial stroma[≥Medium]","HPA:0160252","false","1.1387532849885346e-8","7.943570357197575","2236","26","21","11007","U2AF2,RBMX,SRSF1,SRSF2,SRSF3,SRSF6,SRSF8,SRSF9,SRSF11,HNRNPA1,HNRNPA2B1,HNRNPC,HNRNPD,HNRNPH1,HNRNPH2,HNRNPF,HNRNPK,HNRNPL,HNRNPM,HNRNPU,HNRNPUL1"
"HPA","Rectum; glandular cells[High]","HPA:0400053","false","1.2780749102087388e-8","7.893443690671465","2577","26","22","11007","U2AF1,U2AF2,RBMX,SRSF1,SRSF2,SRSF3,SRSF6,SRSF8,SRSF9,SRSF11,HNRNPA1,HNRNPA2B1,HNRNPC,HNRNPD,HNRNPH1,HNRNPH2,HNRNPF,HNRNPK,HNRNPL,HNRNPM,HNRNPU,HNRNPUL1"
"HPA","Pancreas; exocrine glandular cells[High]","HPA:0350473","false","1.3643095272625234e-8","7.865087088087139","1961","26","20","11007","U2AF1,U2AF2,SRSF1,SRSF2,SRSF3,SRSF6,SRSF8,SRSF11,HNRNPA1,HNRNPA2B1,HNRNPC,HNRNPD,HNRNPH1,HNRNPH2,HNRNPF,HNRNPK,HNRNPL,HNRNPM,HNRNPU,HNRNPUL1"
"HPA","Skin 2; vascular mural cells[≥Low]","HPA:0471491","false","1.4703961217620371e-8","7.832565651428291","240","26","10","11007","SRSF3,SRSF6,HNRNPA1,HNRNPA2B1,HNRNPC,HNRNPH1,HNRNPH2,HNRNPK,HNRNPM,HNRNPU"
"HPA","Skin 1; vascular mural cells[≥Low]","HPA:0461491","false","1.5958710230302155e-8","7.79700221088611","242","26","10","11007","SRSF3,SRSF6,SRSF7,HNRNPA1,HNRNPA2B1,HNRNPC,HNRNPH1,HNRNPH2,HNRNPK,HNRNPU"
"HPA","Adrenal gland; glandular cells[High]","HPA:0020053","false","1.7369407236552568e-8","7.760215002409951","2284","26","21","11007","U2AF1,U2AF2,RBMX,SRSF1,SRSF2,SRSF3,SRSF6,SRSF8,SRSF11,HNRNPA1,HNRNPA2B1,HNRNPC,HNRNPD,HNRNPH1,HNRNPH2,HNRNPF,HNRNPK,HNRNPL,HNRNPM,HNRNPU,HNRNPUL1"
"HPA","Seminal vesicle; glandular cells[High]","HPA:0430053","false","1.749205133959747e-8","7.757159256660409","1474","26","18","11007","U2AF1,U2AF2,SRSF1,SRSF3,SRSF6,SRSF11,HNRNPA1,HNRNPA2B1,HNRNPC,HNRNPD,HNRNPH1,HNRNPH2,HNRNPF,HNRNPK,HNRNPL,HNRNPM,HNRNPU,HNRNPUL1"
"HPA","Skin 2; cells in granular layer[High]","HPA:0470183","false","2.031696059417485e-8","7.692141261737952","248","26","10","11007","SRSF3,SRSF6,SRSF9,HNRNPA2B1,HNRNPC,HNRNPH1,HNRNPH2,HNRNPK,HNRNPM,HNRNPU"
"HPA","Endometrium 2; cells in endometrial stroma[High]","HPA:0170253","false","3.442647863580129e-8","7.463107397488514","358","26","11","11007","U2AF1,SRSF1,SRSF3,SRSF11,HNRNPA1,HNRNPA2B1,HNRNPC,HNRNPK,HNRNPL,HNRNPM,HNRNPUL1"
"HPA","Testis; pachytene spermatocytes[≥Low]","HPA:0570761","false","3.4960073982025955e-8","7.456427656988675","2366","26","21","11007","U2AF1,U2AF2,SRSF1,SRSF2,SRSF3,SRSF6,SRSF7,SRSF8,SRSF11,SRSF12,HNRNPA2B1,HNRNPC,HNRNPD,HNRNPH1,HNRNPH2,HNRNPF,HNRNPK,HNRNPL,HNRNPM,HNRNPU,HNRNPUL1"
"HPA","Soft tissue 1; fibroblasts[≥Medium]","HPA:0500652","false","4.073154375346463e-8","7.390069129543125","2724","26","22","11007","U2AF1,U2AF2,RBMX,SRSF1,SRSF2,SRSF3,SRSF6,SRSF8,SRSF9,SRSF11,HNRNPA1,HNRNPA2B1,HNRNPC,HNRNPD,HNRNPH1,HNRNPH2,HNRNPF,HNRNPK,HNRNPL,HNRNPM,HNRNPU,HNRNPUL1"
"HPA","Endometrium 2; cells in endometrial stroma[≥Medium]","HPA:0170252","false","4.231519051564764e-8","7.37350369946086","1805","26","19","11007","U2AF1,U2AF2,RBMX,SRSF1,SRSF3,SRSF4,SRSF11,HNRNPA1,HNRNPA2B1,HNRNPC,HNRNPD,HNRNPH1,HNRNPH2,HNRNPF,HNRNPK,HNRNPL,HNRNPM,HNRNPU,HNRNPUL1"
"HPA","Skin 2; vascular mural cells[≥Medium]","HPA:0471492","false","5.5942294480309345e-8","7.252259724955883","192","26","9","11007","SRSF3,SRSF6,HNRNPA1,HNRNPA2B1,HNRNPH1,HNRNPH2,HNRNPK,HNRNPM,HNRNPU"
"HPA","Skin 2; melanocytes[≥Medium]","HPA:0470672","false","7.26319361184918e-8","7.138872378881835","639","26","13","11007","SRSF3,SRSF6,SRSF7,SRSF9,HNRNPA1,HNRNPA2B1,HNRNPC,HNRNPD,HNRNPH1,HNRNPH2,HNRNPK,HNRNPM,HNRNPU"
"HPA","Testis; sertoli cells[≥Medium]","HPA:0570802","false","7.56852830351303e-8","7.120988560632089","1865","26","19","11007","U2AF1,U2AF2,RBMX,SRSF1,SRSF2,SRSF3,SRSF6,SRSF8,SRSF11,HNRNPA1,HNRNPC,HNRNPH1,HNRNPH2,HNRNPF,HNRNPK,HNRNPL,HNRNPM,HNRNPU,HNRNPUL1"
"HPA","Skin 1; vascular mural cells[High]","HPA:0461493","false","1.0060290158896264e-7","6.997389493177681","135","26","8","11007","SRSF3,SRSF6,HNRNPA1,HNRNPA2B1,HNRNPH1,HNRNPH2,HNRNPK,HNRNPU"
"HPA","Testis; pachytene spermatocytes[≥Medium]","HPA:0570762","false","1.0624044823125895e-7","6.973710105672295","1901","26","19","11007","U2AF1,U2AF2,SRSF1,SRSF2,SRSF3,SRSF6,SRSF8,SRSF11,HNRNPA2B1,HNRNPC,HNRNPD,HNRNPH1,HNRNPH2,HNRNPF,HNRNPK,HNRNPL,HNRNPM,HNRNPU,HNRNPUL1"
"HPA","Fallopian tube; glandular cells[High]","HPA:0210053","false","1.1481298382975164e-7","6.9400089961996665","1648","26","18","11007","U2AF1,U2AF2,RBMX,SRSF1,SRSF2,SRSF3,SRSF6,SRSF8,SRSF11,HNRNPA1,HNRNPA2B1,HNRNPC,HNRNPD,HNRNPK,HNRNPL,HNRNPM,HNRNPU,HNRNPUL1"
"HPA","Gallbladder; glandular cells[High]","HPA:0220053","false","1.1893783416427022e-7","6.92467997418608","2868","26","22","11007","U2AF1,U2AF2,RBMX,SRSF1,SRSF2,SRSF3,SRSF6,SRSF8,SRSF9,SRSF11,HNRNPA1,HNRNPA2B1,HNRNPC,HNRNPD,HNRNPH1,HNRNPH2,HNRNPF,HNRNPK,HNRNPL,HNRNPM,HNRNPU,HNRNPUL1"
"HPA","Esophagus; squamous epithelial cells[High]","HPA:0190223","false","1.2202910833920338e-7","6.913536562085612","1654","26","18","11007","U2AF1,RBMX,SRSF1,SRSF2,SRSF3,SRSF4,SRSF6,SRSF8,SRSF11,HNRNPA1,HNRNPA2B1,HNRNPC,HNRNPD,HNRNPK,HNRNPL,HNRNPM,HNRNPU,HNRNPUL1"
"HPA","Cervix; squamous epithelial cells[≥Medium]","HPA:0630222","false","1.362745423320023e-7","6.865585267843797","3727","26","24","11007","U2AF1,U2AF2,RBMX,SRSF1,SRSF2,SRSF3,SRSF4,SRSF5,SRSF6,SRSF7,SRSF8,SRSF11,HNRNPA1,HNRNPA2B1,HNRNPC,HNRNPD,HNRNPH1,HNRNPH2,HNRNPF,HNRNPK,HNRNPL,HNRNPM,HNRNPU,HNRNPUL1"
"HPA","Small intestine; glandular cells[High]","HPA:0480053","false","1.544643542458891e-7","6.811171726856776","2551","26","21","11007","U2AF1,U2AF2,RBMX,SRSF1,SRSF2,SRSF3,SRSF6,SRSF8,SRSF11,HNRNPA1,HNRNPA2B1,HNRNPC,HNRNPD,HNRNPH1,HNRNPH2,HNRNPF,HNRNPK,HNRNPL,HNRNPM,HNRNPU,HNRNPUL1"
"HPA","Skin 2; cells in spinous layer[≥Medium]","HPA:0471412","false","1.6239805104588269e-7","6.7894191870720455","682","26","13","11007","SRSF3,SRSF6,SRSF7,SRSF9,HNRNPA1,HNRNPA2B1,HNRNPC,HNRNPD,HNRNPH1,HNRNPH2,HNRNPK,HNRNPM,HNRNPU"
"HPA","Liver; cholangiocytes[≥Medium]","HPA:0291162","false","1.8411026215488505e-7","6.734922003603385","1961","26","19","11007","U2AF1,RBMX,SRSF1,SRSF2,SRSF3,SRSF4,SRSF6,SRSF8,SRSF11,HNRNPA1,HNRNPA2B1,HNRNPC,HNRNPH1,HNRNPH2,HNRNPK,HNRNPL,HNRNPM,HNRNPU,HNRNPUL1"
"HPA","Breast; adipocytes[High]","HPA:0050013","false","1.863624736858394e-7","6.729641533569492","311","26","10","11007","SRSF3,SRSF4,SRSF6,HNRNPA2B1,HNRNPC,HNRNPK,HNRNPL,HNRNPM,HNRNPU,HNRNPUL1"
"HPA","Bone marrow; hematopoietic cells[High]","HPA:0040083","false","1.9284342333212083e-7","6.714795167579751","1457","26","17","11007","U2AF1,SRSF1,SRSF3,SRSF6,SRSF11,HNRNPA1,HNRNPA2B1,HNRNPC,HNRNPD,HNRNPH1,HNRNPH2,HNRNPF,HNRNPK,HNRNPL,HNRNPM,HNRNPU,HNRNPUL1"
"HPA","Colon; endothelial cells[High]","HPA:0130203","false","1.956645819767086e-7","6.708487780597269","855","26","14","11007","U2AF1,RBMX,SRSF3,SRSF6,SRSF11,HNRNPC,HNRNPH1,HNRNPH2,HNRNPF,HNRNPK,HNRNPL,HNRNPM,HNRNPU,HNRNPUL1"
"HPA","Tonsil; squamous epithelial cells[High]","HPA:0600223","false","2.2430905967883524e-7","6.649153185226361","1471","26","17","11007","U2AF1,RBMX,SRSF2,SRSF3,SRSF4,SRSF6,SRSF8,SRSF11,HNRNPA1,HNRNPA2B1,HNRNPC,HNRNPD,HNRNPK,HNRNPL,HNRNPM,HNRNPU,HNRNPUL1"
"HPA","Hippocampus; glial cells[High]","HPA:0250123","false","2.2620140257376697e-7","6.645504706536298","555","26","12","11007","SRSF1,SRSF3,SRSF11,HNRNPA1,HNRNPA2B1,HNRNPC,HNRNPD,HNRNPK,HNRNPL,HNRNPM,HNRNPU,HNRNPUL1"
"HPA","Skin 1; cells in granular layer[≥Medium]","HPA:0460182","false","2.3570229651570533e-7","6.627636185998207","557","26","12","11007","SRSF3,SRSF6,SRSF7,SRSF9,HNRNPA1,HNRNPA2B1,HNRNPC,HNRNPH1,HNRNPH2,HNRNPK,HNRNPM,HNRNPU"
"HPA","Oral mucosa; squamous epithelial cells[≥Medium]","HPA:0330222","false","2.475544136471452e-7","6.606329326228023","4355","26","25","11007","U2AF1,U2AF2,RBMX,SRSF1,SRSF2,SRSF3,SRSF4,SRSF5,SRSF6,SRSF7,SRSF8,SRSF9,SRSF11,HNRNPA1,HNRNPA2B1,HNRNPC,HNRNPD,HNRNPH1,HNRNPH2,HNRNPF,HNRNPK,HNRNPL,HNRNPM,HNRNPU,HNRNPUL1"
"HPA","Soft tissue 2; fibroblasts[≥Medium]","HPA:0510652","false","2.5320024468453206e-7","6.59653587896633","2616","26","21","11007","U2AF1,U2AF2,RBMX,SRSF1,SRSF2,SRSF3,SRSF6,SRSF8,SRSF11,HNRNPA1,HNRNPA2B1,HNRNPC,HNRNPD,HNRNPH1,HNRNPH2,HNRNPF,HNRNPK,HNRNPL,HNRNPM,HNRNPU,HNRNPUL1"
"HPA","Skin 2; cells in granular layer[≥Medium]","HPA:0470182","false","2.6105713042545973e-7","6.583264440119846","562","26","12","11007","SRSF3,SRSF6,SRSF7,SRSF9,HNRNPA2B1,HNRNPC,HNRNPD,HNRNPH1,HNRNPH2,HNRNPK,HNRNPM,HNRNPU"
"HPA","Skin 1; cells in granular layer[≥Low]","HPA:0460181","false","2.6644472251356695e-7","6.574392877434459","710","26","13","11007","SRSF3,SRSF6,SRSF7,SRSF9,HNRNPA1,HNRNPA2B1,HNRNPC,HNRNPD,HNRNPH1,HNRNPH2,HNRNPK,HNRNPM,HNRNPU"
"HPA","Breast; adipocytes[≥Medium]","HPA:0050012","false","2.7468947349888846e-7","6.56115798305829","1490","26","17","11007","U2AF1,RBMX,SRSF1,SRSF3,SRSF4,SRSF6,HNRNPA1,HNRNPA2B1,HNRNPC,HNRNPH1,HNRNPH2,HNRNPF,HNRNPK,HNRNPL,HNRNPM,HNRNPU,HNRNPUL1"
"HPA","Appendix; lymphoid tissue[≥Medium]","HPA:0030072","false","2.819233949841565e-7","6.549868883365919","2990","26","22","11007","U2AF1,U2AF2,RBMX,SRSF1,SRSF2,SRSF3,SRSF6,SRSF7,SRSF8,SRSF11,HNRNPA1,HNRNPA2B1,HNRNPC,HNRNPD,HNRNPH1,HNRNPH2,HNRNPF,HNRNPK,HNRNPL,HNRNPM,HNRNPU,HNRNPUL1"
"HPA","Skin 2; melanocytes[≥Low]","HPA:0470671","false","3.3292665819998835e-7","6.477651428497219","723","26","13","11007","SRSF3,SRSF6,SRSF7,SRSF9,HNRNPA1,HNRNPA2B1,HNRNPC,HNRNPD,HNRNPH1,HNRNPH2,HNRNPK,HNRNPM,HNRNPU"
"HPA","Soft tissue 2; peripheral nerve[≥Medium]","HPA:0510702","false","4.861356521808738e-7","6.313242527500562","1545","26","17","11007","U2AF1,U2AF2,RBMX,SRSF1,SRSF3,SRSF4,SRSF6,HNRNPA1,HNRNPA2B1,HNRNPH1,HNRNPH2,HNRNPF,HNRNPK,HNRNPL,HNRNPM,HNRNPU,HNRNPUL1"
"HPA","Skin 2; cells in spinous layer[High]","HPA:0471413","false","5.402916488972145e-7","6.267371745149841","248","26","9","11007","SRSF3,SRSF6,SRSF9,HNRNPC,HNRNPH1,HNRNPH2,HNRNPK,HNRNPM,HNRNPU"
"HPA","Kidney; cells in glomeruli[≥Medium]","HPA:0270352","false","5.413555310586976e-7","6.266517421651967","3086","26","22","11007","U2AF1,U2AF2,RBMX,SRSF1,SRSF2,SRSF3,SRSF4,SRSF6,SRSF8,SRSF11,HNRNPA1,HNRNPA2B1,HNRNPC,HNRNPD,HNRNPH1,HNRNPH2,HNRNPF,HNRNPK,HNRNPL,HNRNPM,HNRNPU,HNRNPUL1"
"HPA","Endometrium 2; glandular cells[High]","HPA:0170053","false","6.067829404057205e-7","6.216966637825663","1335","26","16","11007","U2AF1,RBMX,SRSF1,SRSF3,SRSF11,HNRNPA1,HNRNPA2B1,HNRNPC,HNRNPH1,HNRNPH2,HNRNPF,HNRNPK,HNRNPL,HNRNPM,HNRNPU,HNRNPUL1"
"HPA","Ovary; ovarian stroma cells[≥Low]","HPA:0340461","false","6.378786317642392e-7","6.195261945995509","3985","26","24","11007","U2AF1,U2AF2,RBMX,SRSF1,SRSF2,SRSF3,SRSF4,SRSF6,SRSF7,SRSF8,SRSF9,SRSF11,HNRNPA1,HNRNPA2B1,HNRNPC,HNRNPD,HNRNPH1,HNRNPH2,HNRNPF,HNRNPK,HNRNPL,HNRNPM,HNRNPU,HNRNPUL1"
"HPA","Smooth muscle; smooth muscle cells[≥Medium]","HPA:0490692","false","7.011935359935305e-7","6.154162096136829","3125","26","22","11007","U2AF1,RBMX,SRSF1,SRSF2,SRSF3,SRSF4,SRSF6,SRSF7,SRSF8,SRSF9,SRSF11,HNRNPA1,HNRNPA2B1,HNRNPC,HNRNPH1,HNRNPH2,HNRNPF,HNRNPK,HNRNPL,HNRNPM,HNRNPU,HNRNPUL1"
"HPA","Breast; glandular cells[High]","HPA:0050053","false","7.080836746536911e-7","6.149915418449832","1349","26","16","11007","U2AF1,SRSF1,SRSF3,SRSF6,SRSF11,HNRNPA1,HNRNPA2B1,HNRNPC,HNRNPH1,HNRNPH2,HNRNPF,HNRNPK,HNRNPL,HNRNPM,HNRNPU,HNRNPUL1"
"HPA","Soft tissue 1; peripheral nerve[≥Medium]","HPA:0500702","false","7.317331212786722e-7","6.135647286550579","1352","26","16","11007","U2AF2,RBMX,SRSF1,SRSF3,SRSF5,SRSF6,SRSF11,HNRNPA1,HNRNPA2B1,HNRNPH1,HNRNPH2,HNRNPF,HNRNPK,HNRNPL,HNRNPM,HNRNPUL1"
"HPA","Breast; adipocytes[≥Low]","HPA:0050011","false","8.199593222735741e-7","6.086207692189843","2778","26","21","11007","U2AF1,U2AF2,RBMX,SRSF1,SRSF2,SRSF3,SRSF4,SRSF6,SRSF8,SRSF11,HNRNPA1,HNRNPA2B1,HNRNPC,HNRNPH1,HNRNPH2,HNRNPF,HNRNPK,HNRNPL,HNRNPM,HNRNPU,HNRNPUL1"
"HPA","Spleen; cells in red pulp[≥Medium]","HPA:0530712","false","8.261344076145986e-7","6.082949289560194","3150","26","22","11007","U2AF1,U2AF2,RBMX,SRSF1,SRSF2,SRSF3,SRSF4,SRSF6,SRSF8,SRSF11,HNRNPA1,HNRNPA2B1,HNRNPC,HNRNPD,HNRNPH1,HNRNPH2,HNRNPF,HNRNPK,HNRNPL,HNRNPM,HNRNPU,HNRNPUL1"
"HPA","Vagina; squamous epithelial cells[≥Medium]","HPA:0620222","false","8.994226277083094e-7","6.046036190633719","4045","26","24","11007","U2AF1,U2AF2,RBMX,SRSF1,SRSF2,SRSF3,SRSF4,SRSF6,SRSF7,SRSF8,SRSF9,SRSF11,HNRNPA1,HNRNPA2B1,HNRNPC,HNRNPD,HNRNPH1,HNRNPH2,HNRNPF,HNRNPK,HNRNPL,HNRNPM,HNRNPU,HNRNPUL1"
"HPA","Lung; macrophages[High]","HPA:0300413","false","9.188820314240511e-7","6.036740240942675","1373","26","16","11007","U2AF1,SRSF2,SRSF3,SRSF6,SRSF8,SRSF11,HNRNPA1,HNRNPA2B1,HNRNPC,HNRNPD,HNRNPH2,HNRNPK,HNRNPL,HNRNPM,HNRNPU,HNRNPUL1"
"HPA","Appendix; glandular cells[High]","HPA:0030053","false","0.0000010582286766242797","5.975420473827457","1883","26","18","11007","U2AF1,RBMX,SRSF1,SRSF3,SRSF6,SRSF11,HNRNPA1,HNRNPA2B1,HNRNPC,HNRNPD,HNRNPH1,HNRNPH2,HNRNPF,HNRNPK,HNRNPL,HNRNPM,HNRNPU,HNRNPUL1"
"HPA","Endometrium 1; cells in endometrial stroma[≥Low]","HPA:0160251","false","0.0000010901136978078932","5.962528203201186","4079","26","24","11007","U2AF1,U2AF2,RBMX,SRSF1,SRSF2,SRSF3,SRSF4,SRSF6,SRSF7,SRSF8,SRSF9,SRSF11,HNRNPA1,HNRNPA2B1,HNRNPC,HNRNPD,HNRNPH1,HNRNPH2,HNRNPF,HNRNPK,HNRNPL,HNRNPM,HNRNPU,HNRNPUL1"
"HPA","Cervix; glandular cells[High]","HPA:0630053","false","0.0000012118435695798541","5.916553437309078","1181","26","15","11007","U2AF1,RBMX,SRSF1,SRSF3,SRSF4,SRSF6,HNRNPA1,HNRNPA2B1,HNRNPC,HNRNPD,HNRNPK,HNRNPL,HNRNPM,HNRNPU,HNRNPUL1"
"HPA","Skin 2; lymphocytes[≥Medium]","HPA:0471472","false","0.0000012719243941550795","5.895538703292264","646","26","12","11007","SRSF3,SRSF6,SRSF7,HNRNPA1,HNRNPA2B1,HNRNPC,HNRNPD,HNRNPH1,HNRNPH2,HNRNPK,HNRNPM,HNRNPU"
"HPA","Caudate; neuronal cells[≥Medium]","HPA:0080132","false","0.0000013263439530688767","5.877343838261828","4114","26","24","11007","U2AF1,RBMX,SRSF1,SRSF2,SRSF3,SRSF4,SRSF5,SRSF6,SRSF7,SRSF8,SRSF9,SRSF11,HNRNPA1,HNRNPA2B1,HNRNPC,HNRNPD,HNRNPH1,HNRNPH2,HNRNPF,HNRNPK,HNRNPL,HNRNPM,HNRNPU,HNRNPUL1"
"HPA","Testis; round or early spermatids[≥Medium]","HPA:0570792","false","0.000001362303166432378","5.86572623393761","1912","26","18","11007","U2AF1,U2AF2,SRSF1,SRSF2,SRSF3,SRSF6,SRSF7,SRSF8,SRSF11,HNRNPA1,HNRNPA2B1,HNRNPC,HNRNPD,HNRNPK,HNRNPL,HNRNPM,HNRNPU,HNRNPUL1"
"HPA","Cerebellum; Purkinje cells[≥Medium]","HPA:0090162","false","0.0000013638340528457654","5.865238470088498","4119","26","24","11007","U2AF1,U2AF2,RBMX,SRSF1,SRSF2,SRSF3,SRSF4,SRSF5,SRSF6,SRSF7,SRSF8,SRSF9,SRSF11,HNRNPA1,HNRNPA2B1,HNRNPC,HNRNPD,HNRNPH1,HNRNPF,HNRNPK,HNRNPL,HNRNPM,HNRNPU,HNRNPUL1"
"HPA","Skin 1; vascular mural cells[≥Medium]","HPA:0461492","false","0.0000014579563721587503","5.836255471638208","189","26","8","11007","SRSF3,SRSF6,HNRNPA1,HNRNPA2B1,HNRNPH1,HNRNPH2,HNRNPK,HNRNPU"
"HPA","Hippocampus; glial cells[≥Low]","HPA:0250121","false","0.000001566936649100487","5.804948561605594","4144","26","24","11007","U2AF1,U2AF2,RBMX,SRSF1,SRSF2,SRSF3,SRSF4,SRSF6,SRSF7,SRSF8,SRSF9,SRSF11,HNRNPA1,HNRNPA2B1,HNRNPC,HNRNPD,HNRNPH1,HNRNPH2,HNRNPF,HNRNPK,HNRNPL,HNRNPM,HNRNPU,HNRNPUL1"
"HPA","Spleen; cells in red pulp[High]","HPA:0530713","false","0.0000015935105281517863","5.797645062844079","822","26","13","11007","U2AF1,SRSF1,SRSF3,SRSF11,HNRNPA1,HNRNPA2B1,HNRNPC,HNRNPD,HNRNPK,HNRNPL,HNRNPM,HNRNPU,HNRNPUL1"
"HPA","Skin 2; langerhans cells[≥Medium]","HPA:0471462","false","0.000001648350434154625","5.782950453172431","661","26","12","11007","SRSF3,SRSF6,SRSF7,HNRNPA1,HNRNPA2B1,HNRNPC,HNRNPD,HNRNPH1,HNRNPH2,HNRNPK,HNRNPM,HNRNPU"
"HPA","Lung; alveolar cells type II[High]","HPA:0301373","false","0.000001676704930238875","5.775543358648633","662","26","12","11007","SRSF3,SRSF6,SRSF11,HNRNPA2B1,HNRNPC,HNRNPD,HNRNPH2,HNRNPK,HNRNPL,HNRNPM,HNRNPU,HNRNPUL1"
"HPA","Soft tissue 2; fibroblasts[High]","HPA:0510653","false","0.0000018160224902875729","5.74087877731972","521","26","11","11007","U2AF1,SRSF2,SRSF3,SRSF6,SRSF8,HNRNPA1,HNRNPA2B1,HNRNPC,HNRNPK,HNRNPM,HNRNPU"
"HPA","Skin 2; fibrohistiocytic cells[≥Medium]","HPA:0471442","false","0.0000018451333726647513","5.73397223605297","832","26","13","11007","SRSF3,SRSF6,SRSF7,SRSF9,HNRNPA1,HNRNPA2B1,HNRNPC,HNRNPD,HNRNPH1,HNRNPH2,HNRNPK,HNRNPM,HNRNPU"
"HPA","Lung; alveolar cells type II[≥Medium]","HPA:0301372","false","0.0000021994429030826805","5.657687307703023","1233","26","15","11007","U2AF2,SRSF1,SRSF3,SRSF4,SRSF6,SRSF11,HNRNPA2B1,HNRNPC,HNRNPD,HNRNPH2,HNRNPK,HNRNPL,HNRNPM,HNRNPU,HNRNPUL1"
"HPA","Hippocampus; neuronal cells[≥Medium]","HPA:0250132","false","0.000002441880189086972","5.6122756485381","4225","26","24","11007","U2AF1,RBMX,SRSF1,SRSF2,SRSF3,SRSF4,SRSF5,SRSF6,SRSF7,SRSF8,SRSF9,SRSF11,HNRNPA1,HNRNPA2B1,HNRNPC,HNRNPD,HNRNPH1,HNRNPH2,HNRNPF,HNRNPK,HNRNPL,HNRNPM,HNRNPU,HNRNPUL1"
"HPA","Soft tissue 1; fibroblasts[≥Low]","HPA:0500651","false","0.000002508917956214583","5.6005135402580715","4230","26","24","11007","U2AF1,U2AF2,RBMX,SRSF1,SRSF2,SRSF3,SRSF4,SRSF6,SRSF7,SRSF8,SRSF9,SRSF11,HNRNPA1,HNRNPA2B1,HNRNPC,HNRNPD,HNRNPH1,HNRNPH2,HNRNPF,HNRNPK,HNRNPL,HNRNPM,HNRNPU,HNRNPUL1"
"HPA","Skin 2; vascular mural cells[High]","HPA:0471493","false","0.0000026294960710725202","5.580127473762028","129","26","7","11007","SRSF3,SRSF6,HNRNPH1,HNRNPH2,HNRNPK,HNRNPM,HNRNPU"
"HPA","Soft tissue 1; fibroblasts[High]","HPA:0500653","false","0.0000026371357071271017","5.578867520817115","540","26","11","11007","U2AF1,SRSF2,SRSF3,SRSF6,SRSF8,HNRNPA1,HNRNPA2B1,HNRNPC,HNRNPK,HNRNPM,HNRNPU"
"HPA","Duodenum; glandular cells[High]","HPA:0150053","false","0.000002720248617386398","5.565391401765522","2606","26","20","11007","U2AF1,U2AF2,RBMX,SRSF1,SRSF3,SRSF4,SRSF6,SRSF11,HNRNPA1,HNRNPA2B1,HNRNPC,HNRNPD,HNRNPH1,HNRNPH2,HNRNPF,HNRNPK,HNRNPL,HNRNPM,HNRNPU,HNRNPUL1"
"HPA","Skin 2; cells in spinous layer[≥Low]","HPA:0471411","false","0.0000031663787729295483","5.499437134592474","870","26","13","11007","SRSF3,SRSF6,SRSF7,SRSF9,HNRNPA1,HNRNPA2B1,HNRNPC,HNRNPD,HNRNPH1,HNRNPH2,HNRNPK,HNRNPM,HNRNPU"
"HPA","Testis; round or early spermatids[≥Low]","HPA:0570791","false","0.000003624680127309333","5.440730313251328","2325","26","19","11007","U2AF1,U2AF2,SRSF1,SRSF2,SRSF3,SRSF6,SRSF7,SRSF8,SRSF11,SRSF12,HNRNPA1,HNRNPA2B1,HNRNPC,HNRNPD,HNRNPK,HNRNPL,HNRNPM,HNRNPU,HNRNPUL1"
"HPA","Skin 1; langerhans cells[≥Low]","HPA:0461461","false","0.0000039859132594648866","5.399472156550144","715","26","12","11007","SRSF3,SRSF6,SRSF7,HNRNPA1,HNRNPA2B1,HNRNPC,HNRNPD,HNRNPH1,HNRNPH2,HNRNPK,HNRNPM,HNRNPU"
"HPA","Skin 2; cells in granular layer[≥Low]","HPA:0470181","false","0.000004242948239219861","5.372332266267395","719","26","12","11007","SRSF3,SRSF6,SRSF7,SRSF9,HNRNPA2B1,HNRNPC,HNRNPD,HNRNPH1,HNRNPH2,HNRNPK,HNRNPM,HNRNPU"
"HPA","Testis; peritubular cells[High]","HPA:0570773","false","0.0000043084361529914995","5.365680338510199","217","26","8","11007","U2AF2,SRSF3,SRSF11,HNRNPK,HNRNPL,HNRNPM,HNRNPU,HNRNPUL1"
"HPA","Endometrium 1; cells in endometrial stroma[High]","HPA:0160253","false","0.000004604619757379383","5.336806227375955","434","26","10","11007","RBMX,SRSF3,SRSF11,HNRNPA1,HNRNPA2B1,HNRNPC,HNRNPK,HNRNPL,HNRNPM,HNRNPUL1"
"HPA","Cerebral cortex; glial cells[≥Low]","HPA:0100121","false","0.0000048711164563116745","5.312371487400318","4921","26","25","11007","U2AF1,U2AF2,RBMX,SRSF1,SRSF2,SRSF3,SRSF4,SRSF5,SRSF6,SRSF7,SRSF8,SRSF9,SRSF11,HNRNPA1,HNRNPA2B1,HNRNPC,HNRNPD,HNRNPH1,HNRNPH2,HNRNPF,HNRNPK,HNRNPL,HNRNPM,HNRNPU,HNRNPUL1"
"HPA","Skin 2; endothelial cells[High]","HPA:0470203","false","0.000005000738104831589","5.300965889424492","320","26","9","11007","SRSF3,SRSF6,HNRNPA1,HNRNPA2B1,HNRNPH1,HNRNPH2,HNRNPK,HNRNPM,HNRNPU"
"HPA","Cerebellum; Purkinje cells[High]","HPA:0090163","false","0.000005387234336574399","5.268634132887739","1549","26","16","11007","U2AF1,RBMX,SRSF1,SRSF2,SRSF3,SRSF6,SRSF8,SRSF9,SRSF11,HNRNPA1,HNRNPC,HNRNPK,HNRNPL,HNRNPM,HNRNPU,HNRNPUL1"
"HPA","Prostate; glandular cells[High]","HPA:0390053","false","0.000006421924187221689","5.192334825718383","1333","26","15","11007","SRSF3,SRSF6,SRSF11,HNRNPA1,HNRNPA2B1,HNRNPC,HNRNPD,HNRNPH1,HNRNPH2,HNRNPF,HNRNPK,HNRNPL,HNRNPM,HNRNPU,HNRNPUL1"
"HPA","Cerebral cortex; neuronal cells[≥Medium]","HPA:0100132","false","0.000006635407872037705","5.178132376321629","4984","26","25","11007","U2AF1,U2AF2,RBMX,SRSF1,SRSF2,SRSF3,SRSF4,SRSF5,SRSF6,SRSF7,SRSF8,SRSF9,SRSF11,HNRNPA1,HNRNPA2B1,HNRNPC,HNRNPD,HNRNPH1,HNRNPH2,HNRNPF,HNRNPK,HNRNPL,HNRNPM,HNRNPU,HNRNPUL1"
"HPA","Skin 2; lymphocytes[High]","HPA:0471473","false","0.000007212090408093929","5.141938837760754","455","26","10","11007","SRSF3,SRSF6,HNRNPA1,HNRNPA2B1,HNRNPC,HNRNPH1,HNRNPH2,HNRNPK,HNRNPM,HNRNPU"
"HPA","Skin 2; cells in basal layer[≥Medium]","HPA:0471392","false","0.000007216389873933562","5.141680011563116","754","26","12","11007","SRSF3,SRSF6,SRSF7,SRSF9,HNRNPA1,HNRNPA2B1,HNRNPC,HNRNPH1,HNRNPH2,HNRNPK,HNRNPM,HNRNPU"
"HPA","Skin 1; cells in spinous layer[≥Low]","HPA:0461411","false","0.000007768012384791047","5.109690090689892","759","26","12","11007","SRSF3,SRSF6,SRSF7,HNRNPA1,HNRNPA2B1,HNRNPC,HNRNPD,HNRNPH1,HNRNPH2,HNRNPK,HNRNPM,HNRNPU"
"HPA","Endometrium 2; cells in endometrial stroma[≥Low]","HPA:0170251","false","0.000007817460129350264","5.106934325070297","3516","26","22","11007","U2AF1,U2AF2,RBMX,SRSF1,SRSF2,SRSF3,SRSF4,SRSF7,SRSF8,SRSF11,HNRNPA1,HNRNPA2B1,HNRNPC,HNRNPD,HNRNPH1,HNRNPH2,HNRNPF,HNRNPK,HNRNPL,HNRNPM,HNRNPU,HNRNPUL1"
"HPA","Liver; cholangiocytes[≥Low]","HPA:0291161","false","0.000008151549742854946","5.088759816930231","3961","26","23","11007","U2AF1,U2AF2,RBMX,SRSF1,SRSF2,SRSF3,SRSF4,SRSF6,SRSF7,SRSF8,SRSF9,SRSF11,HNRNPA1,HNRNPA2B1,HNRNPC,HNRNPD,HNRNPH1,HNRNPH2,HNRNPK,HNRNPL,HNRNPM,HNRNPU,HNRNPUL1"
"HPA","Cerebellum; cells in molecular layer[≥Low]","HPA:0090191","false","0.000008155963558638703","5.08852472334479","4454","26","24","11007","U2AF1,U2AF2,RBMX,SRSF1,SRSF2,SRSF3,SRSF4,SRSF5,SRSF6,SRSF7,SRSF8,SRSF9,SRSF11,HNRNPA1,HNRNPA2B1,HNRNPC,HNRNPD,HNRNPH1,HNRNPF,HNRNPK,HNRNPL,HNRNPM,HNRNPU,HNRNPUL1"
"HPA","Lymph node; germinal center cells[High]","HPA:0310433","false","0.00000844418524008532","5.073442248142156","944","26","13","11007","U2AF1,U2AF2,SRSF1,SRSF3,SRSF11,HNRNPA1,HNRNPC,HNRNPD,HNRNPK,HNRNPL,HNRNPM,HNRNPU,HNRNPUL1"
"HPA","Esophagus; squamous epithelial cells[≥Medium]","HPA:0190222","false","0.000009132416210950192","5.039414303708316","5050","26","25","11007","U2AF1,U2AF2,RBMX,SRSF1,SRSF2,SRSF3,SRSF4,SRSF5,SRSF6,SRSF7,SRSF8,SRSF9,SRSF11,HNRNPA1,HNRNPA2B1,HNRNPC,HNRNPD,HNRNPH1,HNRNPH2,HNRNPF,HNRNPK,HNRNPL,HNRNPM,HNRNPU,HNRNPUL1"
"HPA","Skin 2; cells in basal layer[≥Low]","HPA:0471391","false","0.000010452252048284627","4.9807901261300005","961","26","13","11007","SRSF3,SRSF6,SRSF7,SRSF9,HNRNPA1,HNRNPA2B1,HNRNPC,HNRNPD,HNRNPH1,HNRNPH2,HNRNPK,HNRNPM,HNRNPU"
"HPA","Heart muscle; cardiomyocytes[High]","HPA:0241103","false","0.000011722979750941598","4.930961985168491","1172","26","14","11007","U2AF1,SRSF1,SRSF2,SRSF3,SRSF4,SRSF6,SRSF8,SRSF11,HNRNPA2B1,HNRNPC,HNRNPL,HNRNPM,HNRNPU,HNRNPUL1"
"HPA","Skin 2; langerhans cells[≥Low]","HPA:0471461","false","0.000011786848926036634","4.928602282856002","788","26","12","11007","SRSF3,SRSF6,SRSF7,HNRNPA1,HNRNPA2B1,HNRNPC,HNRNPD,HNRNPH1,HNRNPH2,HNRNPK,HNRNPM,HNRNPU"
"HPA","Skin 2; lymphocytes[≥Low]","HPA:0471471","false","0.00001413209202540877","4.849793543187581","801","26","12","11007","SRSF3,SRSF6,SRSF7,HNRNPA1,HNRNPA2B1,HNRNPC,HNRNPD,HNRNPH1,HNRNPH2,HNRNPK,HNRNPM,HNRNPU"
"HPA","Caudate; glial cells[≥Low]","HPA:0080121","false","0.000015013197863514134","4.823526791663698","4575","26","24","11007","U2AF1,U2AF2,RBMX,SRSF1,SRSF2,SRSF3,SRSF4,SRSF6,SRSF7,SRSF8,SRSF9,SRSF11,HNRNPA1,HNRNPA2B1,HNRNPC,HNRNPD,HNRNPH1,HNRNPH2,HNRNPF,HNRNPK,HNRNPL,HNRNPM,HNRNPU,HNRNPUL1"
"HPA","Tonsil; germinal center cells[≥Medium]","HPA:0600432","false","0.0000169020025413678","4.772061837330504","4098","26","23","11007","U2AF1,U2AF2,RBMX,SRSF1,SRSF2,SRSF3,SRSF5,SRSF6,SRSF7,SRSF8,SRSF11,HNRNPA1,HNRNPA2B1,HNRNPC,HNRNPD,HNRNPH1,HNRNPH2,HNRNPF,HNRNPK,HNRNPL,HNRNPM,HNRNPU,HNRNPUL1"
"HPA","Skin 2; langerhans cells[High]","HPA:0471463","false","0.00002093148335003672","4.679199993452593","266","26","8","11007","SRSF3,SRSF6,HNRNPC,HNRNPH1,HNRNPH2,HNRNPK,HNRNPM,HNRNPU"
"HPA","Seminal vesicle; glandular cells[≥Medium]","HPA:0430052","false","0.000021150212654570062","4.67468526165811","5228","26","25","11007","U2AF1,U2AF2,RBMX,SRSF1,SRSF2,SRSF3,SRSF4,SRSF5,SRSF6,SRSF7,SRSF8,SRSF9,SRSF11,HNRNPA1,HNRNPA2B1,HNRNPC,HNRNPD,HNRNPH1,HNRNPH2,HNRNPF,HNRNPK,HNRNPL,HNRNPM,HNRNPU,HNRNPUL1"
"HPA","Skin 2; fibrohistiocytic cells[≥Low]","HPA:0471441","false","0.000021241124329273987","4.672822499027655","1020","26","13","11007","SRSF3,SRSF6,SRSF7,SRSF9,HNRNPA1,HNRNPA2B1,HNRNPC,HNRNPD,HNRNPH1,HNRNPH2,HNRNPK,HNRNPM,HNRNPU"
"HPA","Fallopian tube; glandular cells[≥Medium]","HPA:0210052","false","0.00002182782480372296","4.66098954064488","4651","26","24","11007","U2AF1,U2AF2,RBMX,SRSF1,SRSF2,SRSF3,SRSF5,SRSF6,SRSF7,SRSF8,SRSF9,SRSF11,HNRNPA1,HNRNPA2B1,HNRNPC,HNRNPD,HNRNPH1,HNRNPH2,HNRNPF,HNRNPK,HNRNPL,HNRNPM,HNRNPU,HNRNPUL1"
"HPA","Skin 1; melanocytes[≥Medium]","HPA:0460672","false","0.000022438693235203167","4.649002438737867","3704","26","22","11007","U2AF1,RBMX,SRSF1,SRSF2,SRSF3,SRSF4,SRSF5,SRSF6,SRSF8,SRSF11,HNRNPA1,HNRNPA2B1,HNRNPC,HNRNPD,HNRNPH1,HNRNPH2,HNRNPF,HNRNPK,HNRNPL,HNRNPM,HNRNPU,HNRNPUL1"
"HPA","Breast; myoepithelial cells[High]","HPA:0050093","false","0.000022675219637210487","4.644448497574744","836","26","12","11007","U2AF1,SRSF3,SRSF6,SRSF11,HNRNPA1,HNRNPA2B1,HNRNPC,HNRNPK,HNRNPL,HNRNPM,HNRNPU,HNRNPUL1"
"HPA","Pancreas; exocrine glandular cells[≥Medium]","HPA:0350472","false","0.000029183526942336884","4.5348622230994104","5298","26","25","11007","U2AF1,U2AF2,RBMX,SRSF1,SRSF2,SRSF3,SRSF4,SRSF5,SRSF6,SRSF7,SRSF8,SRSF9,SRSF11,HNRNPA1,HNRNPA2B1,HNRNPC,HNRNPD,HNRNPH1,HNRNPH2,HNRNPF,HNRNPK,HNRNPL,HNRNPM,HNRNPU,HNRNPUL1"
"HPA","Skin 1; lymphocytes[High]","HPA:0461473","false","0.000029899121951932307","4.524341565422389","394","26","9","11007","SRSF3,SRSF6,HNRNPA1,HNRNPA2B1,HNRNPH1,HNRNPH2,HNRNPK,HNRNPM,HNRNPU"
"HPA","Nasopharynx; respiratory epithelial cells[≥Medium]","HPA:0320102","false","0.00003152413587722403","4.501356809240108","4727","26","24","11007","U2AF1,U2AF2,RBMX,SRSF1,SRSF2,SRSF3,SRSF5,SRSF6,SRSF7,SRSF8,SRSF9,SRSF11,HNRNPA1,HNRNPA2B1,HNRNPC,HNRNPD,HNRNPH1,HNRNPH2,HNRNPF,HNRNPK,HNRNPL,HNRNPM,HNRNPU,HNRNPUL1"
"HPA","Skeletal muscle; myocytes[≥Medium]","HPA:0440342","false","0.00003432376521004709","4.4644050774592685","3783","26","22","11007","U2AF1,RBMX,SRSF1,SRSF2,SRSF3,SRSF4,SRSF6,SRSF7,SRSF8,SRSF11,HNRNPA1,HNRNPA2B1,HNRNPC,HNRNPD,HNRNPH1,HNRNPH2,HNRNPF,HNRNPK,HNRNPL,HNRNPM,HNRNPU,HNRNPUL1"
"HPA","Soft tissue 1","HPA:0500000","false","0.0000381473236757447","4.418535925694092","5357","26","25","11007","U2AF1,U2AF2,RBMX,SRSF1,SRSF2,SRSF3,SRSF4,SRSF5,SRSF6,SRSF7,SRSF8,SRSF9,SRSF11,HNRNPA1,HNRNPA2B1,HNRNPC,HNRNPD,HNRNPH1,HNRNPH2,HNRNPF,HNRNPK,HNRNPL,HNRNPM,HNRNPU,HNRNPUL1"
"HPA","Skin 1; fibrohistiocytic cells[High]","HPA:0461443","false","0.00003942345881599635","4.404245275571443","407","26","9","11007","SRSF3,SRSF6,HNRNPA1,HNRNPA2B1,HNRNPH1,HNRNPH2,HNRNPK,HNRNPM,HNRNPU"
"HPA","Skin 1; cells in basal layer[≥Low]","HPA:0461391","false","0.0000398630033427658","4.399429983958314","880","26","12","11007","SRSF3,SRSF6,SRSF7,HNRNPA1,HNRNPA2B1,HNRNPC,HNRNPD,HNRNPH1,HNRNPH2,HNRNPK,HNRNPM,HNRNPU"
"HPA","Lung; alveolar cells type II[≥Low]","HPA:0301371","false","0.00004272666185331826","4.369301036396815","1533","26","15","11007","U2AF2,SRSF1,SRSF3,SRSF4,SRSF6,SRSF11,HNRNPA2B1,HNRNPC,HNRNPD,HNRNPH2,HNRNPK,HNRNPL,HNRNPM,HNRNPU,HNRNPUL1"
"HPA","Soft tissue 2; peripheral nerve[High]","HPA:0510703","false","0.00004287792185844733","4.3677662715261","292","26","8","11007","U2AF1,SRSF3,SRSF6,HNRNPA1,HNRNPA2B1,HNRNPK,HNRNPL,HNRNPM"
"HPA","Skin 2; endothelial cells[≥Low]","HPA:0470201","false","0.00004348006433402087","4.361709821993986","887","26","12","11007","SRSF3,SRSF6,SRSF7,HNRNPA1,HNRNPA2B1,HNRNPC,HNRNPD,HNRNPH1,HNRNPH2,HNRNPK,HNRNPM,HNRNPU"
"HPA","Skin 1; lymphocytes[≥Low]","HPA:0461471","false","0.00004518035674744138","4.345050344180739","712","26","11","11007","SRSF3,SRSF6,SRSF7,HNRNPA1,HNRNPA2B1,HNRNPC,HNRNPH1,HNRNPH2,HNRNPK,HNRNPM,HNRNPU"
"HPA","Prostate; glandular cells[≥Medium]","HPA:0390052","false","0.00004544681007904044","4.342496594591383","4804","26","24","11007","U2AF1,U2AF2,RBMX,SRSF1,SRSF2,SRSF3,SRSF4,SRSF5,SRSF6,SRSF8,SRSF9,SRSF11,HNRNPA1,HNRNPA2B1,HNRNPC,HNRNPD,HNRNPH1,HNRNPH2,HNRNPF,HNRNPK,HNRNPL,HNRNPM,HNRNPU,HNRNPUL1"
"HPA","Colon; peripheral nerve/ganglion[≥Medium]","HPA:0130242","false","0.00004684277177717671","4.329357414796993","3428","26","21","11007","U2AF1,U2AF2,RBMX,SRSF1,SRSF2,SRSF3,SRSF6,SRSF7,SRSF8,SRSF11,HNRNPA1,HNRNPA2B1,HNRNPC,HNRNPD,HNRNPH1,HNRNPH2,HNRNPF,HNRNPK,HNRNPL,HNRNPM,HNRNPUL1"
"HPA","Parathyroid gland; glandular cells[High]","HPA:0360053","false","0.00004997074468942369","4.301284178432186","1551","26","15","11007","U2AF1,SRSF1,SRSF3,SRSF9,SRSF11,HNRNPA1,HNRNPA2B1,HNRNPC,HNRNPH1,HNRNPH2,HNRNPF,HNRNPK,HNRNPL,HNRNPM,HNRNPUL1"
"HPA","Cerebral cortex; endothelial cells[High]","HPA:0100203","false","0.00005254567491332116","4.279463025374676","421","26","9","11007","SRSF1,SRSF3,SRSF11,HNRNPC,HNRNPK,HNRNPL,HNRNPM,HNRNPU,HNRNPUL1"
"HPA","Ovary","HPA:0340000","false","0.00005267163051537055","4.2784232373123965","5429","26","25","11007","U2AF1,U2AF2,RBMX,SRSF1,SRSF2,SRSF3,SRSF4,SRSF5,SRSF6,SRSF7,SRSF8,SRSF9,SRSF11,HNRNPA1,HNRNPA2B1,HNRNPC,HNRNPD,HNRNPH1,HNRNPH2,HNRNPF,HNRNPK,HNRNPL,HNRNPM,HNRNPU,HNRNPUL1"
"HPA","Skin 1; lymphocytes[≥Medium]","HPA:0461472","false","0.00006384520701575573","4.194871700510837","574","26","10","11007","SRSF3,SRSF6,HNRNPA1,HNRNPA2B1,HNRNPC,HNRNPH1,HNRNPH2,HNRNPK,HNRNPM,HNRNPU"
"HPA","Bronchus; respiratory epithelial cells[≥Medium]","HPA:0060102","false","0.00006692712283449762","4.174397844710519","4887","26","24","11007","U2AF1,U2AF2,RBMX,SRSF1,SRSF2,SRSF3,SRSF5,SRSF6,SRSF7,SRSF8,SRSF9,SRSF11,HNRNPA1,HNRNPA2B1,HNRNPC,HNRNPD,HNRNPH1,HNRNPH2,HNRNPF,HNRNPK,HNRNPL,HNRNPM,HNRNPU,HNRNPUL1"
"HPA","Skin 1; langerhans cells[≥Medium]","HPA:0461462","false","0.00006701156247261875","4.173850255734799","577","26","10","11007","SRSF3,SRSF6,HNRNPA1,HNRNPA2B1,HNRNPC,HNRNPH1,HNRNPH2,HNRNPK,HNRNPM,HNRNPU"
"HPA","Skin 1; endothelial cells[High]","HPA:0460203","false","0.0000784195701077717","4.1055755428102865","316","26","8","11007","SRSF3,SRSF6,HNRNPA1,HNRNPA2B1,HNRNPH1,HNRNPH2,HNRNPK,HNRNPU"
"HPA","Skin 1; cells in spinous layer[≥Medium]","HPA:0461412","false","0.00008369268510734257","4.077312498474393","591","26","10","11007","SRSF3,SRSF6,HNRNPA1,HNRNPA2B1,HNRNPC,HNRNPH1,HNRNPH2,HNRNPK,HNRNPM,HNRNPU"
"HPA","Tonsil; squamous epithelial cells[≥Medium]","HPA:0600222","false","0.00008382087913822113","4.076647788469056","4936","26","24","11007","U2AF1,U2AF2,RBMX,SRSF1,SRSF2,SRSF3,SRSF4,SRSF5,SRSF6,SRSF7,SRSF8,SRSF11,HNRNPA1,HNRNPA2B1,HNRNPC,HNRNPD,HNRNPH1,HNRNPH2,HNRNPF,HNRNPK,HNRNPL,HNRNPM,HNRNPU,HNRNPUL1"
"HPA","Appendix; lymphoid tissue[High]","HPA:0030073","false","0.00009452719526164761","4.02444322796755","766","26","11","11007","U2AF1,SRSF3,SRSF11,HNRNPA1,HNRNPC,HNRNPD,HNRNPK,HNRNPL,HNRNPM,HNRNPU,HNRNPUL1"
"HPA","Adipose tissue; adipocytes[≥Medium]","HPA:0010012","false","0.00014118654390912912","3.8502066926927663","2235","26","17","11007","U2AF1,U2AF2,SRSF1,SRSF3,SRSF6,SRSF11,HNRNPA1,HNRNPA2B1,HNRNPC,HNRNPH1,HNRNPH2,HNRNPF,HNRNPK,HNRNPL,HNRNPM,HNRNPU,HNRNPUL1"
"HPA","Cerebellum; cells in granular layer[≥Low]","HPA:0090181","false","0.00014843623030551741","3.8284600835492095","4539","26","23","11007","U2AF1,U2AF2,RBMX,SRSF1,SRSF2,SRSF3,SRSF4,SRSF6,SRSF7,SRSF8,SRSF9,SRSF11,HNRNPA1,HNRNPA2B1,HNRNPC,HNRNPD,HNRNPH1,HNRNPF,HNRNPK,HNRNPL,HNRNPM,HNRNPU,HNRNPUL1"
"HPA","Epididymis; glandular cells[≥Medium]","HPA:0180052","false","0.00015795305582882722","3.8014719676267674","5682","26","25","11007","U2AF1,U2AF2,RBMX,SRSF1,SRSF2,SRSF3,SRSF4,SRSF5,SRSF6,SRSF7,SRSF8,SRSF9,SRSF11,HNRNPA1,HNRNPA2B1,HNRNPC,HNRNPD,HNRNPH1,HNRNPH2,HNRNPF,HNRNPK,HNRNPL,HNRNPM,HNRNPU,HNRNPUL1"
"HPA","Lymph node; non-germinal center cells[High]","HPA:0310443","false","0.00016067313345684183","3.794056736596354","1212","26","13","11007","U2AF1,SRSF1,SRSF3,SRSF11,HNRNPA1,HNRNPA2B1,HNRNPC,HNRNPD,HNRNPK,HNRNPL,HNRNPM,HNRNPU,HNRNPUL1"
"HPA","Skin 2; endothelial cells[≥Medium]","HPA:0470202","false","0.00016471070237944357","3.783278180834334","636","26","10","11007","SRSF3,SRSF6,SRSF7,HNRNPA1,HNRNPA2B1,HNRNPH1,HNRNPH2,HNRNPK,HNRNPM,HNRNPU"
"HPA","Skin 1; cells in basal layer[≥Medium]","HPA:0461392","false","0.00016710602909428951","3.777007880716154","637","26","10","11007","SRSF3,SRSF6,HNRNPA1,HNRNPA2B1,HNRNPC,HNRNPH1,HNRNPH2,HNRNPK,HNRNPM,HNRNPU"
"HPA","Tonsil; germinal center cells[High]","HPA:0600433","false","0.00019059153966389166","3.719896381550977","1230","26","13","11007","U2AF1,U2AF2,RBMX,SRSF3,SRSF6,SRSF11,HNRNPA1,HNRNPD,HNRNPK,HNRNPL,HNRNPM,HNRNPU,HNRNPUL1"
"HPA","Lymph node; germinal center cells[≥Medium]","HPA:0310432","false","0.0001918145436765553","3.717118467034933","3300","26","20","11007","U2AF1,U2AF2,SRSF1,SRSF2,SRSF3,SRSF5,SRSF8,SRSF11,HNRNPA1,HNRNPA2B1,HNRNPC,HNRNPD,HNRNPH1,HNRNPH2,HNRNPF,HNRNPK,HNRNPL,HNRNPM,HNRNPU,HNRNPUL1"
"HPA","Liver; hepatocytes[≥Low]","HPA:0290401","false","0.00020421685446638568","3.6899084174906425","5743","26","25","11007","U2AF1,U2AF2,RBMX,SRSF1,SRSF2,SRSF3,SRSF4,SRSF5,SRSF6,SRSF7,SRSF8,SRSF9,SRSF11,HNRNPA1,HNRNPA2B1,HNRNPC,HNRNPD,HNRNPH1,HNRNPH2,HNRNPF,HNRNPK,HNRNPL,HNRNPM,HNRNPU,HNRNPUL1"
"HPA","Placenta; endothelial cells[High]","HPA:0380203","false","0.00020671534797569492","3.6846272771525923","244","26","7","11007","HNRNPA1,HNRNPA2B1,HNRNPD,HNRNPH1,HNRNPH2,HNRNPK,HNRNPM"
"HPA","Colon; endothelial cells[≥Medium]","HPA:0130202","false","0.00020861433298696762","3.6806558563921965","3711","26","21","11007","U2AF1,U2AF2,RBMX,SRSF1,SRSF2,SRSF3,SRSF4,SRSF6,SRSF8,SRSF11,HNRNPA1,HNRNPA2B1,HNRNPC,HNRNPH1,HNRNPH2,HNRNPF,HNRNPK,HNRNPL,HNRNPM,HNRNPU,HNRNPUL1"
"HPA","Endometrium 1; glandular cells[High]","HPA:0160053","false","0.00020925065844407164","3.679333166748432","1474","26","14","11007","U2AF1,RBMX,SRSF1,SRSF3,SRSF6,SRSF9,SRSF11,HNRNPC,HNRNPD,HNRNPK,HNRNPL,HNRNPM,HNRNPU,HNRNPUL1"
"HPA","Kidney; cells in glomeruli[≥Low]","HPA:0270351","false","0.0002303556337212576","3.6376011619043096","5163","26","24","11007","U2AF1,U2AF2,RBMX,SRSF1,SRSF2,SRSF3,SRSF4,SRSF6,SRSF7,SRSF8,SRSF9,SRSF11,HNRNPA1,HNRNPA2B1,HNRNPC,HNRNPD,HNRNPH1,HNRNPH2,HNRNPF,HNRNPK,HNRNPL,HNRNPM,HNRNPU,HNRNPUL1"
"HPA","Skin 1; endothelial cells[≥Low]","HPA:0460201","false","0.00023777621341879268","3.6238315933576053","840","26","11","11007","SRSF3,SRSF6,SRSF7,HNRNPA1,HNRNPA2B1,HNRNPC,HNRNPH1,HNRNPH2,HNRNPK,HNRNPM,HNRNPU"
"HPA","Spleen; cells in white pulp[High]","HPA:0530723","false","0.0002674549775304854","3.572749315159476","850","26","11","11007","U2AF1,SRSF1,SRSF3,SRSF11,HNRNPA1,HNRNPC,HNRNPD,HNRNPK,HNRNPL,HNRNPM,HNRNPUL1"
"HPA","Ovary; ovarian stroma cells[High]","HPA:0340463","false","0.0003042452303025277","3.5167762215433527","378","26","8","11007","SRSF3,SRSF11,HNRNPA1,HNRNPC,HNRNPK,HNRNPL,HNRNPM,HNRNPUL1"
"HPA","Appendix; lymphoid tissue[≥Low]","HPA:0030071","false","0.00035636987422676513","3.4480990162234604","4732","26","23","11007","U2AF1,U2AF2,RBMX,SRSF1,SRSF2,SRSF3,SRSF5,SRSF6,SRSF7,SRSF8,SRSF11,HNRNPA1,HNRNPA2B1,HNRNPC,HNRNPD,HNRNPH1,HNRNPH2,HNRNPF,HNRNPK,HNRNPL,HNRNPM,HNRNPU,HNRNPUL1"
"HPA","Bone marrow; hematopoietic cells[≥Medium]","HPA:0040082","false","0.0003672545899753418","3.43503276765886","4261","26","22","11007","U2AF1,RBMX,SRSF1,SRSF2,SRSF3,SRSF4,SRSF6,SRSF7,SRSF8,SRSF11,HNRNPA1,HNRNPA2B1,HNRNPC,HNRNPD,HNRNPH1,HNRNPH2,HNRNPF,HNRNPK,HNRNPL,HNRNPM,HNRNPU,HNRNPUL1"
"HPA","Skin 1; fibrohistiocytic cells[≥Medium]","HPA:0461442","false","0.0003855482911766331","3.413921217410589","698","26","10","11007","SRSF3,SRSF6,HNRNPA1,HNRNPA2B1,HNRNPC,HNRNPH1,HNRNPH2,HNRNPK,HNRNPM,HNRNPU"
"HPA","Skin 1; fibrohistiocytic cells[≥Low]","HPA:0461441","false","0.00039444258648282417","3.404016202057306","884","26","11","11007","SRSF3,SRSF6,SRSF7,HNRNPA1,HNRNPA2B1,HNRNPC,HNRNPH1,HNRNPH2,HNRNPK,HNRNPM,HNRNPU"
"HPA","Spleen; cells in white pulp[≥Medium]","HPA:0530722","false","0.00040266743526862225","3.3950534914628534","2722","26","18","11007","U2AF1,U2AF2,RBMX,SRSF1,SRSF3,SRSF4,SRSF6,SRSF11,HNRNPA1,HNRNPA2B1,HNRNPC,HNRNPD,HNRNPH2,HNRNPK,HNRNPL,HNRNPM,HNRNPU,HNRNPUL1"
"HPA","Skin 1; melanocytes[≥Low]","HPA:0460671","false","0.0004087252676878985","3.3885685130635","5297","26","24","11007","U2AF1,U2AF2,RBMX,SRSF1,SRSF2,SRSF3,SRSF4,SRSF5,SRSF6,SRSF7,SRSF8,SRSF11,HNRNPA1,HNRNPA2B1,HNRNPC,HNRNPD,HNRNPH1,HNRNPH2,HNRNPF,HNRNPK,HNRNPL,HNRNPM,HNRNPU,HNRNPUL1"
"HPA","Tonsil; non-germinal center cells[High]","HPA:0600443","false","0.0004524631750993947","3.3444167612144065","1326","26","13","11007","U2AF1,RBMX,SRSF1,SRSF3,SRSF6,SRSF11,HNRNPA1,HNRNPD,HNRNPK,HNRNPL,HNRNPM,HNRNPU,HNRNPUL1"
"HPA","Urinary bladder; urothelial cells[≥Medium]","HPA:0610832","false","0.00047591713853169877","3.322468655285876","5949","26","25","11007","U2AF1,U2AF2,RBMX,SRSF1,SRSF2,SRSF3,SRSF4,SRSF5,SRSF6,SRSF7,SRSF8,SRSF9,SRSF11,HNRNPA1,HNRNPA2B1,HNRNPC,HNRNPD,HNRNPH1,HNRNPH2,HNRNPF,HNRNPK,HNRNPL,HNRNPM,HNRNPU,HNRNPUL1"
"HPA","Colon; glandular cells[≥Medium]","HPA:0130052","false","0.0005325969761680187","3.2736013036073133","5977","26","25","11007","U2AF1,U2AF2,RBMX,SRSF1,SRSF2,SRSF3,SRSF4,SRSF5,SRSF6,SRSF7,SRSF8,SRSF9,SRSF11,HNRNPA1,HNRNPA2B1,HNRNPC,HNRNPD,HNRNPH1,HNRNPH2,HNRNPF,HNRNPK,HNRNPL,HNRNPM,HNRNPU,HNRNPUL1"
"HPA","Placenta; hofbauer cells[High]","HPA:0381203","false","0.0005434872085418913","3.264810672966915","282","26","7","11007","HNRNPA1,HNRNPA2B1,HNRNPD,HNRNPH1,HNRNPH2,HNRNPK,HNRNPM"
"HPA","Tonsil; germinal center cells[≥Low]","HPA:0600431","false","0.0005477423138457659","3.261423707930272","5984","26","25","11007","U2AF1,U2AF2,RBMX,SRSF1,SRSF2,SRSF3,SRSF4,SRSF5,SRSF6,SRSF7,SRSF8,SRSF9,SRSF11,HNRNPA1,HNRNPA2B1,HNRNPC,HNRNPD,HNRNPH1,HNRNPH2,HNRNPF,HNRNPK,HNRNPL,HNRNPM,HNRNPU,HNRNPUL1"
"HPA","Vagina; squamous epithelial cells[≥Low]","HPA:0620221","false","0.0005700930568324804","3.244054248239339","5994","26","25","11007","U2AF1,U2AF2,RBMX,SRSF1,SRSF2,SRSF3,SRSF4,SRSF5,SRSF6,SRSF7,SRSF8,SRSF9,SRSF11,HNRNPA1,HNRNPA2B1,HNRNPC,HNRNPD,HNRNPH1,HNRNPH2,HNRNPF,HNRNPK,HNRNPL,HNRNPM,HNRNPU,HNRNPUL1"
"HPA","Vagina","HPA:0620000","false","0.0005700930568324804","3.244054248239339","5994","26","25","11007","U2AF1,U2AF2,RBMX,SRSF1,SRSF2,SRSF3,SRSF4,SRSF5,SRSF6,SRSF7,SRSF8,SRSF9,SRSF11,HNRNPA1,HNRNPA2B1,HNRNPC,HNRNPD,HNRNPH1,HNRNPH2,HNRNPF,HNRNPK,HNRNPL,HNRNPM,HNRNPU,HNRNPUL1"
"HPA","Heart muscle; cardiomyocytes[≥Medium]","HPA:0241102","false","0.0006117181403066944","3.2134486404466425","4373","26","22","11007","U2AF1,U2AF2,RBMX,SRSF1,SRSF2,SRSF3,SRSF4,SRSF6,SRSF7,SRSF8,SRSF9,SRSF11,HNRNPA1,HNRNPA2B1,HNRNPC,HNRNPH1,HNRNPH2,HNRNPK,HNRNPL,HNRNPM,HNRNPU,HNRNPUL1"
"HPA","Endometrium 2; glandular cells[≥Medium]","HPA:0170052","false","0.0006842147191595975","3.1648075872964805","4882","26","23","11007","U2AF1,U2AF2,RBMX,SRSF1,SRSF2,SRSF3,SRSF4,SRSF6,SRSF7,SRSF8,SRSF11,HNRNPA1,HNRNPA2B1,HNRNPC,HNRNPD,HNRNPH1,HNRNPH2,HNRNPF,HNRNPK,HNRNPL,HNRNPM,HNRNPU,HNRNPUL1"
"HPA","Parathyroid gland; glandular cells[≥Medium]","HPA:0360052","false","0.000699440852022566","3.1552490055843307","4403","26","22","11007","U2AF1,RBMX,SRSF1,SRSF2,SRSF3,SRSF4,SRSF6,SRSF7,SRSF8,SRSF9,SRSF11,HNRNPA1,HNRNPA2B1,HNRNPC,HNRNPH1,HNRNPH2,HNRNPF,HNRNPK,HNRNPL,HNRNPM,HNRNPU,HNRNPUL1"
"HPA","Small intestine; glandular cells[≥Medium]","HPA:0480052","false","0.0007438844130161466","3.1284945411867615","6061","26","25","11007","U2AF1,U2AF2,RBMX,SRSF1,SRSF2,SRSF3,SRSF4,SRSF5,SRSF6,SRSF7,SRSF8,SRSF9,SRSF11,HNRNPA1,HNRNPA2B1,HNRNPC,HNRNPD,HNRNPH1,HNRNPH2,HNRNPF,HNRNPK,HNRNPL,HNRNPM,HNRNPU,HNRNPUL1"
"HPA","Smooth muscle; smooth muscle cells[≥Low]","HPA:0490691","false","0.0007462947112369866","3.1270896360812412","5442","26","24","11007","U2AF1,U2AF2,RBMX,SRSF1,SRSF2,SRSF3,SRSF4,SRSF6,SRSF7,SRSF8,SRSF9,SRSF11,HNRNPA1,HNRNPA2B1,HNRNPC,HNRNPD,HNRNPH1,HNRNPH2,HNRNPF,HNRNPK,HNRNPL,HNRNPM,HNRNPU,HNRNPUL1"
"HPA","Smooth muscle","HPA:0490000","false","0.0007462947112369866","3.1270896360812412","5442","26","24","11007","U2AF1,U2AF2,RBMX,SRSF1,SRSF2,SRSF3,SRSF4,SRSF6,SRSF7,SRSF8,SRSF9,SRSF11,HNRNPA1,HNRNPA2B1,HNRNPC,HNRNPD,HNRNPH1,HNRNPH2,HNRNPF,HNRNPK,HNRNPL,HNRNPM,HNRNPU,HNRNPUL1"
"HPA","Cervix; squamous epithelial cells[≥Low]","HPA:0630221","false","0.0007710854099757335","3.112897514261935","5450","26","24","11007","U2AF1,U2AF2,RBMX,SRSF1,SRSF2,SRSF3,SRSF4,SRSF5,SRSF6,SRSF7,SRSF8,SRSF11,HNRNPA1,HNRNPA2B1,HNRNPC,HNRNPD,HNRNPH1,HNRNPH2,HNRNPF,HNRNPK,HNRNPL,HNRNPM,HNRNPU,HNRNPUL1"
"HPA","Soft tissue 2; peripheral nerve[≥Low]","HPA:0510701","false","0.0007854243031661548","3.104895664604108","3196","26","19","11007","U2AF1,U2AF2,RBMX,SRSF1,SRSF3,SRSF4,SRSF6,HNRNPA1,HNRNPA2B1,HNRNPC,HNRNPD,HNRNPH1,HNRNPH2,HNRNPF,HNRNPK,HNRNPL,HNRNPM,HNRNPU,HNRNPUL1"
"HPA","Lymph node; non-germinal center cells[≥Medium]","HPA:0310442","false","0.0007939211025458805","3.1002226542875966","3988","26","21","11007","U2AF1,U2AF2,RBMX,SRSF1,SRSF2,SRSF3,SRSF6,SRSF8,SRSF11,HNRNPA1,HNRNPA2B1,HNRNPC,HNRNPD,HNRNPH1,HNRNPH2,HNRNPF,HNRNPK,HNRNPL,HNRNPM,HNRNPU,HNRNPUL1"
"HPA","Placenta; cytotrophoblasts[High]","HPA:0381193","false","0.0008371505790827306","3.0771964180127416","301","26","7","11007","HNRNPA1,HNRNPA2B1,HNRNPD,HNRNPH1,HNRNPH2,HNRNPK,HNRNPM"
"HPA","Duodenum; glandular cells[≥Medium]","HPA:0150052","false","0.0008604397935240938","3.0652795126171033","6098","26","25","11007","U2AF1,U2AF2,RBMX,SRSF1,SRSF2,SRSF3,SRSF4,SRSF5,SRSF6,SRSF7,SRSF8,SRSF9,SRSF11,HNRNPA1,HNRNPA2B1,HNRNPC,HNRNPD,HNRNPH1,HNRNPH2,HNRNPF,HNRNPK,HNRNPL,HNRNPM,HNRNPU,HNRNPUL1"
"HPA","Rectum; glandular cells[≥Medium]","HPA:0400052","false","0.0008604397935240938","3.0652795126171033","6098","26","25","11007","U2AF1,U2AF2,RBMX,SRSF1,SRSF2,SRSF3,SRSF4,SRSF5,SRSF6,SRSF7,SRSF8,SRSF9,SRSF11,HNRNPA1,HNRNPA2B1,HNRNPC,HNRNPD,HNRNPH1,HNRNPH2,HNRNPF,HNRNPK,HNRNPL,HNRNPM,HNRNPU,HNRNPUL1"
"HPA","Skin 1; endothelial cells[≥Medium]","HPA:0460202","false","0.0009052790432379376","3.0432175332155738","592","26","9","11007","SRSF3,SRSF6,HNRNPA1,HNRNPA2B1,HNRNPH1,HNRNPH2,HNRNPK,HNRNPM,HNRNPU"
"HPA","Appendix; glandular cells[≥Medium]","HPA:0030052","false","0.0009294839936986844","3.031758084652912","5496","26","24","11007","U2AF1,U2AF2,RBMX,SRSF1,SRSF2,SRSF3,SRSF4,SRSF6,SRSF7,SRSF8,SRSF9,SRSF11,HNRNPA1,HNRNPA2B1,HNRNPC,HNRNPD,HNRNPH1,HNRNPH2,HNRNPF,HNRNPK,HNRNPL,HNRNPM,HNRNPU,HNRNPUL1"
"HPA","Pancreas; pancreatic endocrine cells[≥Medium]","HPA:0351182","false","0.0009839097187864614","3.0070447495683026","3623","26","20","11007","U2AF1,U2AF2,RBMX,SRSF1,SRSF2,SRSF3,SRSF6,SRSF8,SRSF11,HNRNPA1,HNRNPA2B1,HNRNPC,HNRNPH1,HNRNPH2,HNRNPF,HNRNPK,HNRNPL,HNRNPM,HNRNPU,HNRNPUL1"
"HPA","Caudate; neuronal cells[≥Low]","HPA:0080131","false","0.0010581263896080647","2.975462454199707","6151","26","25","11007","U2AF1,U2AF2,RBMX,SRSF1,SRSF2,SRSF3,SRSF4,SRSF5,SRSF6,SRSF7,SRSF8,SRSF9,SRSF11,HNRNPA1,HNRNPA2B1,HNRNPC,HNRNPD,HNRNPH1,HNRNPH2,HNRNPF,HNRNPK,HNRNPL,HNRNPM,HNRNPU,HNRNPUL1"
"HPA","Placenta; decidual cells[High]","HPA:0380513","false","0.001147470902342722","2.940258318524658","1203","26","12","11007","SRSF1,SRSF3,SRSF6,SRSF9,SRSF11,HNRNPC,HNRNPH1,HNRNPF,HNRNPL,HNRNPM,HNRNPU,HNRNPUL1"
"HPA","Cerebellum; Purkinje cells[≥Low]","HPA:0090161","false","0.001221107536808961","2.9132460882367397","5564","26","24","11007","U2AF1,U2AF2,RBMX,SRSF1,SRSF2,SRSF3,SRSF4,SRSF5,SRSF6,SRSF7,SRSF8,SRSF9,SRSF11,HNRNPA1,HNRNPA2B1,HNRNPC,HNRNPD,HNRNPH1,HNRNPF,HNRNPK,HNRNPL,HNRNPM,HNRNPU,HNRNPUL1"
"HPA","Liver; cholangiocytes[High]","HPA:0291163","false","0.0013055797765387136","2.884196585769798","322","26","7","11007","SRSF1,SRSF3,HNRNPA2B1,HNRNPC,HNRNPL,HNRNPM,HNRNPUL1"
"HPA","Adipose tissue; adipocytes[High]","HPA:0010013","false","0.0013120736967229209","2.8820417707673545","460","26","8","11007","U2AF1,SRSF3,SRSF6,HNRNPA1,HNRNPA2B1,HNRNPC,HNRNPK,HNRNPM"
"HPA","Hippocampus; neuronal cells[≥Low]","HPA:0250131","false","0.001354753964944135","2.868139569268634","6215","26","25","11007","U2AF1,U2AF2,RBMX,SRSF1,SRSF2,SRSF3,SRSF4,SRSF5,SRSF6,SRSF7,SRSF8,SRSF9,SRSF11,HNRNPA1,HNRNPA2B1,HNRNPC,HNRNPD,HNRNPH1,HNRNPH2,HNRNPF,HNRNPK,HNRNPL,HNRNPM,HNRNPU,HNRNPUL1"
"HPA","Lymph node; germinal center cells[≥Low]","HPA:0310431","false","0.0013932577110076507","2.855968544655178","5052","26","23","11007","U2AF1,U2AF2,SRSF1,SRSF2,SRSF3,SRSF4,SRSF5,SRSF7,SRSF8,SRSF9,SRSF11,HNRNPA1,HNRNPA2B1,HNRNPC,HNRNPD,HNRNPH1,HNRNPH2,HNRNPF,HNRNPK,HNRNPL,HNRNPM,HNRNPU,HNRNPUL1"
"HPA","Soft tissue 2; fibroblasts[≥Low]","HPA:0510651","false","0.0014499516231660738","2.838646487518482","4121","26","21","11007","U2AF1,U2AF2,RBMX,SRSF1,SRSF2,SRSF3,SRSF6,SRSF8,SRSF11,HNRNPA1,HNRNPA2B1,HNRNPC,HNRNPD,HNRNPH1,HNRNPH2,HNRNPF,HNRNPK,HNRNPL,HNRNPM,HNRNPU,HNRNPUL1"
"HPA","Oral mucosa","HPA:0330000","false","0.0015196599297707992","2.8182535878104304","6245","26","25","11007","U2AF1,U2AF2,RBMX,SRSF1,SRSF2,SRSF3,SRSF4,SRSF5,SRSF6,SRSF7,SRSF8,SRSF9,SRSF11,HNRNPA1,HNRNPA2B1,HNRNPC,HNRNPD,HNRNPH1,HNRNPH2,HNRNPF,HNRNPK,HNRNPL,HNRNPM,HNRNPU,HNRNPUL1"
"HPA","Oral mucosa; squamous epithelial cells[≥Low]","HPA:0330221","false","0.0015196599297707992","2.8182535878104304","6245","26","25","11007","U2AF1,U2AF2,RBMX,SRSF1,SRSF2,SRSF3,SRSF4,SRSF5,SRSF6,SRSF7,SRSF8,SRSF9,SRSF11,HNRNPA1,HNRNPA2B1,HNRNPC,HNRNPD,HNRNPH1,HNRNPH2,HNRNPF,HNRNPK,HNRNPL,HNRNPM,HNRNPU,HNRNPUL1"
"HPA","Placenta; endothelial cells[≥Medium]","HPA:0380202","false","0.0016597573898086914","2.779955389048873","334","26","7","11007","HNRNPA1,HNRNPA2B1,HNRNPD,HNRNPH1,HNRNPH2,HNRNPK,HNRNPM"
"HPA","Breast; glandular cells[≥Medium]","HPA:0050052","false","0.001687419482595807","2.772776940925739","5099","26","23","11007","U2AF1,RBMX,SRSF1,SRSF2,SRSF3,SRSF4,SRSF6,SRSF7,SRSF8,SRSF9,SRSF11,HNRNPA1,HNRNPA2B1,HNRNPC,HNRNPD,HNRNPH1,HNRNPH2,HNRNPF,HNRNPK,HNRNPL,HNRNPM,HNRNPU,HNRNPUL1"
"HPA","Stomach 2; glandular cells[≥Medium]","HPA:0550052","false","0.0016907003810627801","2.7719333494574587","6273","26","25","11007","U2AF1,U2AF2,RBMX,SRSF1,SRSF2,SRSF3,SRSF4,SRSF5,SRSF6,SRSF7,SRSF8,SRSF9,SRSF11,HNRNPA1,HNRNPA2B1,HNRNPC,HNRNPD,HNRNPH1,HNRNPH2,HNRNPF,HNRNPK,HNRNPL,HNRNPM,HNRNPU,HNRNPUL1"
"HPA","Liver","HPA:0290000","false","0.0017965199105036461","2.7455679652258507","6289","26","25","11007","U2AF1,U2AF2,RBMX,SRSF1,SRSF2,SRSF3,SRSF4,SRSF5,SRSF6,SRSF7,SRSF8,SRSF9,SRSF11,HNRNPA1,HNRNPA2B1,HNRNPC,HNRNPD,HNRNPH1,HNRNPH2,HNRNPF,HNRNPK,HNRNPL,HNRNPM,HNRNPU,HNRNPUL1"
"HPA","Cerebral cortex; endothelial cells[≥Low]","HPA:0100201","false","0.0018625353729475943","2.7298954704561424","4630","26","22","11007","U2AF1,U2AF2,RBMX,SRSF1,SRSF2,SRSF3,SRSF4,SRSF6,SRSF7,SRSF8,SRSF11,HNRNPA1,HNRNPA2B1,HNRNPC,HNRNPH1,HNRNPH2,HNRNPF,HNRNPK,HNRNPL,HNRNPM,HNRNPU,HNRNPUL1"
"HPA","Skin 1; keratinocytes[High]","HPA:0460663","false","0.001892628957651398","2.722934519390195","648","26","9","11007","U2AF1,RBMX,SRSF1,SRSF2,SRSF8,SRSF11,HNRNPF,HNRNPL,HNRNPUL1"
"HPA","Breast; myoepithelial cells[≥Medium]","HPA:0050092","false","0.0019631036850896897","2.7070567616974377","3771","26","20","11007","U2AF1,RBMX,SRSF1,SRSF2,SRSF3,SRSF4,SRSF6,SRSF8,SRSF11,HNRNPA1,HNRNPA2B1,HNRNPC,HNRNPH1,HNRNPH2,HNRNPF,HNRNPK,HNRNPL,HNRNPM,HNRNPU,HNRNPUL1"
"HPA","Testis; Leydig cells[High]","HPA:0570733","false","0.001978559831276323","2.7036508122161154","1773","26","14","11007","U2AF1,U2AF2,RBMX,SRSF3,SRSF4,SRSF11,HNRNPA1,HNRNPC,HNRNPH1,HNRNPH2,HNRNPL,HNRNPM,HNRNPU,HNRNPUL1"
"HPA","Tonsil; non-germinal center cells[≥Medium]","HPA:0600442","false","0.0020415730621033564","2.6900350732964355","4199","26","21","11007","U2AF1,U2AF2,RBMX,SRSF1,SRSF2,SRSF3,SRSF6,SRSF8,SRSF11,HNRNPA1,HNRNPA2B1,HNRNPC,HNRNPD,HNRNPH1,HNRNPH2,HNRNPF,HNRNPK,HNRNPL,HNRNPM,HNRNPU,HNRNPUL1"
"HPA","Fallopian tube; glandular cells[≥Low]","HPA:0210051","false","0.0021656294986936416","2.6644158415409214","5710","26","24","11007","U2AF1,U2AF2,RBMX,SRSF1,SRSF2,SRSF3,SRSF5,SRSF6,SRSF7,SRSF8,SRSF9,SRSF11,HNRNPA1,HNRNPA2B1,HNRNPC,HNRNPD,HNRNPH1,HNRNPH2,HNRNPF,HNRNPK,HNRNPL,HNRNPM,HNRNPU,HNRNPUL1"
"HPA","Stomach 1; glandular cells[≥Medium]","HPA:0540052","false","0.0021775824631244363","2.6620253896604664","6340","26","25","11007","U2AF1,U2AF2,RBMX,SRSF1,SRSF2,SRSF3,SRSF4,SRSF5,SRSF6,SRSF7,SRSF8,SRSF9,SRSF11,HNRNPA1,HNRNPA2B1,HNRNPC,HNRNPD,HNRNPH1,HNRNPH2,HNRNPF,HNRNPK,HNRNPL,HNRNPM,HNRNPU,HNRNPUL1"
"HPA","Nasopharynx; respiratory epithelial cells[≥Low]","HPA:0320101","false","0.0024216903729051926","2.6158813847002733","5739","26","24","11007","U2AF1,U2AF2,RBMX,SRSF1,SRSF2,SRSF3,SRSF5,SRSF6,SRSF7,SRSF8,SRSF9,SRSF11,HNRNPA1,HNRNPA2B1,HNRNPC,HNRNPD,HNRNPH1,HNRNPH2,HNRNPF,HNRNPK,HNRNPL,HNRNPM,HNRNPU,HNRNPUL1"
"HPA","Skin 2; melanocytes[High]","HPA:0470673","false","0.0025174082093991773","2.5990463558798815","356","26","7","11007","SRSF3,SRSF6,HNRNPH1,HNRNPH2,HNRNPK,HNRNPM,HNRNPU"
"HPA","Placenta; syncytiotrophoblasts - cell body[High]","HPA:0381213","false","0.0027565399556399224","2.559635708104655","361","26","7","11007","HNRNPA1,HNRNPA2B1,HNRNPD,HNRNPH1,HNRNPH2,HNRNPK,HNRNPM"
"HPA","Kidney; cells in tubules[≥Medium]","HPA:0270362","false","0.0032972818024862745","2.481843934253634","5820","26","24","11007","U2AF1,U2AF2,RBMX,SRSF1,SRSF2,SRSF3,SRSF4,SRSF6,SRSF7,SRSF8,SRSF9,SRSF11,HNRNPA1,HNRNPA2B1,HNRNPC,HNRNPD,HNRNPH1,HNRNPH2,HNRNPF,HNRNPK,HNRNPL,HNRNPM,HNRNPU,HNRNPUL1"
"HPA","Soft tissue 1; peripheral nerve[≥Low]","HPA:0500701","false","0.003646017353465939","2.4381812686221935","2792","26","17","11007","U2AF2,RBMX,SRSF1,SRSF3,SRSF5,SRSF6,SRSF11,HNRNPA1,HNRNPA2B1,HNRNPD,HNRNPH1,HNRNPH2,HNRNPF,HNRNPK,HNRNPL,HNRNPM,HNRNPUL1"
"HPA","Bone marrow; hematopoietic cells[≥Low]","HPA:0040081","false","0.003824408230492793","2.4174357558343176","6492","26","25","11007","U2AF1,U2AF2,RBMX,SRSF1,SRSF2,SRSF3,SRSF4,SRSF5,SRSF6,SRSF7,SRSF8,SRSF9,SRSF11,HNRNPA1,HNRNPA2B1,HNRNPC,HNRNPD,HNRNPH1,HNRNPH2,HNRNPF,HNRNPK,HNRNPL,HNRNPM,HNRNPU,HNRNPUL1"
"HPA","Bone marrow","HPA:0040000","false","0.003824408230492793","2.4174357558343176","6492","26","25","11007","U2AF1,U2AF2,RBMX,SRSF1,SRSF2,SRSF3,SRSF4,SRSF5,SRSF6,SRSF7,SRSF8,SRSF9,SRSF11,HNRNPA1,HNRNPA2B1,HNRNPC,HNRNPD,HNRNPH1,HNRNPH2,HNRNPF,HNRNPK,HNRNPL,HNRNPM,HNRNPU,HNRNPUL1"
"HPA","Placenta; hofbauer cells[≥Medium]","HPA:0381202","false","0.003910441043058911","2.407774257498072","381","26","7","11007","HNRNPA1,HNRNPA2B1,HNRNPD,HNRNPH1,HNRNPH2,HNRNPK,HNRNPM"
"HPA","Adipose tissue","HPA:0010000","false","0.004113917442768737","2.3857444278843025","3938","26","20","11007","U2AF1,U2AF2,RBMX,SRSF1,SRSF3,SRSF4,SRSF6,SRSF11,HNRNPA1,HNRNPA2B1,HNRNPC,HNRNPD,HNRNPH1,HNRNPH2,HNRNPF,HNRNPK,HNRNPL,HNRNPM,HNRNPU,HNRNPUL1"
"HPA","Adipose tissue; adipocytes[≥Low]","HPA:0010011","false","0.004113917442768737","2.3857444278843025","3938","26","20","11007","U2AF1,U2AF2,RBMX,SRSF1,SRSF3,SRSF4,SRSF6,SRSF11,HNRNPA1,HNRNPA2B1,HNRNPC,HNRNPD,HNRNPH1,HNRNPH2,HNRNPF,HNRNPK,HNRNPL,HNRNPM,HNRNPU,HNRNPUL1"
"HPA","Bronchus; respiratory epithelial cells[≥Low]","HPA:0060101","false","0.0041152688240160655","2.3856017898627746","5879","26","24","11007","U2AF1,U2AF2,RBMX,SRSF1,SRSF2,SRSF3,SRSF5,SRSF6,SRSF7,SRSF8,SRSF9,SRSF11,HNRNPA1,HNRNPA2B1,HNRNPC,HNRNPD,HNRNPH1,HNRNPH2,HNRNPF,HNRNPK,HNRNPL,HNRNPM,HNRNPU,HNRNPUL1"
"HPA","Parathyroid gland","HPA:0360000","false","0.004177161584262025","2.3791187246879417","5883","26","24","11007","U2AF1,U2AF2,RBMX,SRSF1,SRSF2,SRSF3,SRSF4,SRSF5,SRSF6,SRSF7,SRSF8,SRSF9,SRSF11,HNRNPA1,HNRNPA2B1,HNRNPC,HNRNPH1,HNRNPH2,HNRNPF,HNRNPK,HNRNPL,HNRNPM,HNRNPU,HNRNPUL1"
"HPA","Parathyroid gland; glandular cells[≥Low]","HPA:0360051","false","0.004177161584262025","2.3791187246879417","5883","26","24","11007","U2AF1,U2AF2,RBMX,SRSF1,SRSF2,SRSF3,SRSF4,SRSF5,SRSF6,SRSF7,SRSF8,SRSF9,SRSF11,HNRNPA1,HNRNPA2B1,HNRNPC,HNRNPH1,HNRNPH2,HNRNPF,HNRNPK,HNRNPL,HNRNPM,HNRNPU,HNRNPUL1"
"HPA","Cerebral cortex; endothelial cells[≥Medium]","HPA:0100202","false","0.004222333010935478","2.374447517331456","2491","26","16","11007","U2AF1,SRSF1,SRSF2,SRSF3,SRSF8,SRSF11,HNRNPA1,HNRNPA2B1,HNRNPC,HNRNPH1,HNRNPH2,HNRNPK,HNRNPL,HNRNPM,HNRNPU,HNRNPUL1"
"HPA","Lymph node","HPA:0310000","false","0.004297686449175512","2.3667652729674753","6524","26","25","11007","U2AF1,U2AF2,RBMX,SRSF1,SRSF2,SRSF3,SRSF4,SRSF5,SRSF6,SRSF7,SRSF8,SRSF9,SRSF11,HNRNPA1,HNRNPA2B1,HNRNPC,HNRNPD,HNRNPH1,HNRNPH2,HNRNPF,HNRNPK,HNRNPL,HNRNPM,HNRNPU,HNRNPUL1"
"HPA","Skeletal muscle","HPA:0440000","false","0.0043196532368946884","2.364551115071119","5892","26","24","11007","U2AF1,U2AF2,RBMX,SRSF1,SRSF2,SRSF3,SRSF4,SRSF6,SRSF7,SRSF8,SRSF9,SRSF11,HNRNPA1,HNRNPA2B1,HNRNPC,HNRNPD,HNRNPH1,HNRNPH2,HNRNPF,HNRNPK,HNRNPL,HNRNPM,HNRNPU,HNRNPUL1"
"HPA","Skeletal muscle; myocytes[≥Low]","HPA:0440341","false","0.0043196532368946884","2.364551115071119","5892","26","24","11007","U2AF1,U2AF2,RBMX,SRSF1,SRSF2,SRSF3,SRSF4,SRSF6,SRSF7,SRSF8,SRSF9,SRSF11,HNRNPA1,HNRNPA2B1,HNRNPC,HNRNPD,HNRNPH1,HNRNPH2,HNRNPF,HNRNPK,HNRNPL,HNRNPM,HNRNPU,HNRNPUL1"
"HPA","Spleen; cells in red pulp[≥Low]","HPA:0530711","false","0.004328168402992795","2.363695849780491","5338","26","23","11007","U2AF1,U2AF2,RBMX,SRSF1,SRSF2,SRSF3,SRSF4,SRSF5,SRSF6,SRSF8,SRSF11,HNRNPA1,HNRNPA2B1,HNRNPC,HNRNPD,HNRNPH1,HNRNPH2,HNRNPF,HNRNPK,HNRNPL,HNRNPM,HNRNPU,HNRNPUL1"
"HPA","Salivary gland; glandular cells[≥Medium]","HPA:0420052","false","0.0049094751225956055","2.3089649362976497","4869","26","22","11007","U2AF1,U2AF2,RBMX,SRSF1,SRSF2,SRSF3,SRSF4,SRSF6,SRSF8,SRSF11,HNRNPA1,HNRNPA2B1,HNRNPC,HNRNPD,HNRNPH1,HNRNPH2,HNRNPF,HNRNPK,HNRNPL,HNRNPM,HNRNPU,HNRNPUL1"
"HPA","Placenta; trophoblastic cells[High]","HPA:0380523","false","0.0055028334463970326","2.2594136317291578","1933","26","14","11007","U2AF1,U2AF2,RBMX,SRSF1,SRSF2,SRSF3,SRSF6,SRSF8,SRSF11,HNRNPC,HNRNPF,HNRNPL,HNRNPU,HNRNPUL1"
"HPA","Gallbladder; glandular cells[≥Medium]","HPA:0220052","false","0.005696044511395832","2.244426625589939","6602","26","25","11007","U2AF1,U2AF2,RBMX,SRSF1,SRSF2,SRSF3,SRSF4,SRSF5,SRSF6,SRSF7,SRSF8,SRSF9,SRSF11,HNRNPA1,HNRNPA2B1,HNRNPC,HNRNPD,HNRNPH1,HNRNPH2,HNRNPF,HNRNPK,HNRNPL,HNRNPM,HNRNPU,HNRNPUL1"
"HPA","Placenta; endothelial cells[≥Low]","HPA:0380201","false","0.0057978315181935105","2.236734409157289","405","26","7","11007","HNRNPA1,HNRNPA2B1,HNRNPD,HNRNPH1,HNRNPH2,HNRNPK,HNRNPM"
"HPA","Skin 1; Langerhans[High]","HPA:0460643","false","0.0059464489945549835","2.2257423019094635","566","26","8","11007","U2AF1,RBMX,SRSF1,SRSF2,SRSF8,SRSF11,HNRNPF,HNRNPUL1"
"HPA","Cervix; glandular cells[≥Medium]","HPA:0630052","false","0.006235336416772709","2.205140109947019","4036","26","20","11007","U2AF1,U2AF2,RBMX,SRSF1,SRSF3,SRSF4,SRSF6,SRSF7,SRSF9,HNRNPA1,HNRNPA2B1,HNRNPC,HNRNPD,HNRNPH1,HNRNPH2,HNRNPK,HNRNPL,HNRNPM,HNRNPU,HNRNPUL1"
"HPA","Tonsil; squamous epithelial cells[≥Low]","HPA:0600221","false","0.006455590422152571","2.190064031421315","6637","26","25","11007","U2AF1,U2AF2,RBMX,SRSF1,SRSF2,SRSF3,SRSF4,SRSF5,SRSF6,SRSF7,SRSF8,SRSF9,SRSF11,HNRNPA1,HNRNPA2B1,HNRNPC,HNRNPD,HNRNPH1,HNRNPH2,HNRNPF,HNRNPK,HNRNPL,HNRNPM,HNRNPU,HNRNPUL1"
"HPA","Adrenal gland; glandular cells[≥Medium]","HPA:0020052","false","0.006524188947712104","2.185473469802138","6004","26","24","11007","U2AF1,U2AF2,RBMX,SRSF1,SRSF2,SRSF3,SRSF4,SRSF6,SRSF7,SRSF8,SRSF9,SRSF11,HNRNPA1,HNRNPA2B1,HNRNPC,HNRNPD,HNRNPH1,HNRNPH2,HNRNPF,HNRNPK,HNRNPL,HNRNPM,HNRNPU,HNRNPUL1"
"HPA","Prostate","HPA:0390000","false","0.007131668672289799","2.1468088417640336","6665","26","25","11007","U2AF1,U2AF2,RBMX,SRSF1,SRSF2,SRSF3,SRSF4,SRSF5,SRSF6,SRSF7,SRSF8,SRSF9,SRSF11,HNRNPA1,HNRNPA2B1,HNRNPC,HNRNPD,HNRNPH1,HNRNPH2,HNRNPF,HNRNPK,HNRNPL,HNRNPM,HNRNPU,HNRNPUL1"
"HPA","Prostate; glandular cells[≥Low]","HPA:0390051","false","0.007131668672289799","2.1468088417640336","6665","26","25","11007","U2AF1,U2AF2,RBMX,SRSF1,SRSF2,SRSF3,SRSF4,SRSF5,SRSF6,SRSF7,SRSF8,SRSF9,SRSF11,HNRNPA1,HNRNPA2B1,HNRNPC,HNRNPD,HNRNPH1,HNRNPH2,HNRNPF,HNRNPK,HNRNPL,HNRNPM,HNRNPU,HNRNPUL1"
"HPA","Esophagus; squamous epithelial cells[≥Low]","HPA:0190221","false","0.007207975927954415","2.1421866724138465","6668","26","25","11007","U2AF1,U2AF2,RBMX,SRSF1,SRSF2,SRSF3,SRSF4,SRSF5,SRSF6,SRSF7,SRSF8,SRSF9,SRSF11,HNRNPA1,HNRNPA2B1,HNRNPC,HNRNPD,HNRNPH1,HNRNPH2,HNRNPF,HNRNPK,HNRNPL,HNRNPM,HNRNPU,HNRNPUL1"
"HPA","Esophagus","HPA:0190000","false","0.007207975927954415","2.1421866724138465","6668","26","25","11007","U2AF1,U2AF2,RBMX,SRSF1,SRSF2,SRSF3,SRSF4,SRSF5,SRSF6,SRSF7,SRSF8,SRSF9,SRSF11,HNRNPA1,HNRNPA2B1,HNRNPC,HNRNPD,HNRNPH1,HNRNPH2,HNRNPF,HNRNPK,HNRNPL,HNRNPM,HNRNPU,HNRNPUL1"
"HPA","Lymph node; non-germinal center cells[≥Low]","HPA:0310441","false","0.007990190023735818","2.097442892115475","6060","26","24","11007","U2AF1,U2AF2,RBMX,SRSF1,SRSF2,SRSF3,SRSF4,SRSF5,SRSF6,SRSF7,SRSF8,SRSF11,HNRNPA1,HNRNPA2B1,HNRNPC,HNRNPD,HNRNPH1,HNRNPH2,HNRNPF,HNRNPK,HNRNPL,HNRNPM,HNRNPU,HNRNPUL1"
"HPA","Cerebral cortex; neuronal cells[≥Low]","HPA:0100131","false","0.008015019524969304","2.0960954153465052","6698","26","25","11007","U2AF1,U2AF2,RBMX,SRSF1,SRSF2,SRSF3,SRSF4,SRSF5,SRSF6,SRSF7,SRSF8,SRSF9,SRSF11,HNRNPA1,HNRNPA2B1,HNRNPC,HNRNPD,HNRNPH1,HNRNPH2,HNRNPF,HNRNPK,HNRNPL,HNRNPM,HNRNPU,HNRNPUL1"
"HPA","Appendix; glandular cells[≥Low]","HPA:0030051","false","0.009290441814288283","2.0319636322986177","6740","26","25","11007","U2AF1,U2AF2,RBMX,SRSF1,SRSF2,SRSF3,SRSF4,SRSF5,SRSF6,SRSF7,SRSF8,SRSF9,SRSF11,HNRNPA1,HNRNPA2B1,HNRNPC,HNRNPD,HNRNPH1,HNRNPH2,HNRNPF,HNRNPK,HNRNPL,HNRNPM,HNRNPU,HNRNPUL1"
"HPA","Placenta; hofbauer cells[≥Low]","HPA:0381201","false","0.009295461409853805","2.0317290477662215","436","26","7","11007","HNRNPA1,HNRNPA2B1,HNRNPD,HNRNPH1,HNRNPH2,HNRNPK,HNRNPM"
"HPA","Tonsil; non-germinal center cells[≥Low]","HPA:0600441","false","0.009903357826109753","2.0042175288266857","6120","26","24","11007","U2AF1,U2AF2,RBMX,SRSF1,SRSF2,SRSF3,SRSF4,SRSF6,SRSF7,SRSF8,SRSF9,SRSF11,HNRNPA1,HNRNPA2B1,HNRNPC,HNRNPD,HNRNPH1,HNRNPH2,HNRNPF,HNRNPK,HNRNPL,HNRNPM,HNRNPU,HNRNPUL1"
"HPA","Liver; hepatocytes[≥Medium]","HPA:0290402","false","0.010235586307530086","1.9898872753432337","3749","26","19","11007","U2AF1,U2AF2,RBMX,SRSF1,SRSF2,SRSF3,SRSF4,SRSF6,SRSF7,SRSF8,SRSF9,HNRNPA1,HNRNPA2B1,HNRNPC,HNRNPK,HNRNPL,HNRNPM,HNRNPU,HNRNPUL1"
"HPA","Thyroid gland; glandular cells[≥Medium]","HPA:0590052","false","0.011141043913698653","1.953074113945226","5592","26","23","11007","U2AF1,U2AF2,RBMX,SRSF1,SRSF2,SRSF3,SRSF4,SRSF6,SRSF7,SRSF8,SRSF9,SRSF11,HNRNPA1,HNRNPA2B1,HNRNPC,HNRNPH1,HNRNPH2,HNRNPF,HNRNPK,HNRNPL,HNRNPM,HNRNPU,HNRNPUL1"
"HPA","Breast; glandular cells[≥Low]","HPA:0050051","false","0.011411801620183543","1.9426457866126177","6799","26","25","11007","U2AF1,U2AF2,RBMX,SRSF1,SRSF2,SRSF3,SRSF4,SRSF5,SRSF6,SRSF7,SRSF8,SRSF9,SRSF11,HNRNPA1,HNRNPA2B1,HNRNPC,HNRNPD,HNRNPH1,HNRNPH2,HNRNPF,HNRNPK,HNRNPL,HNRNPM,HNRNPU,HNRNPUL1"
"HPA","Placenta; cytotrophoblasts[≥Medium]","HPA:0381192","false","0.011855139298716923","1.9260933386652384","453","26","7","11007","HNRNPA1,HNRNPA2B1,HNRNPD,HNRNPH1,HNRNPH2,HNRNPK,HNRNPM"
"HPA","Seminal vesicle; glandular cells[≥Low]","HPA:0430051","false","0.01210386447488824","1.9170759476862664","6816","26","25","11007","U2AF1,U2AF2,RBMX,SRSF1,SRSF2,SRSF3,SRSF4,SRSF5,SRSF6,SRSF7,SRSF8,SRSF9,SRSF11,HNRNPA1,HNRNPA2B1,HNRNPC,HNRNPD,HNRNPH1,HNRNPH2,HNRNPF,HNRNPK,HNRNPL,HNRNPM,HNRNPU,HNRNPUL1"
"HPA","Seminal vesicle","HPA:0430000","false","0.01210386447488824","1.9170759476862664","6816","26","25","11007","U2AF1,U2AF2,RBMX,SRSF1,SRSF2,SRSF3,SRSF4,SRSF5,SRSF6,SRSF7,SRSF8,SRSF9,SRSF11,HNRNPA1,HNRNPA2B1,HNRNPC,HNRNPD,HNRNPH1,HNRNPH2,HNRNPF,HNRNPK,HNRNPL,HNRNPM,HNRNPU,HNRNPUL1"
"HPA","Pancreas; pancreatic endocrine cells[≥Low]","HPA:0351181","false","0.012148024353903197","1.9154943460956255","5616","26","23","11007","U2AF1,U2AF2,RBMX,SRSF1,SRSF2,SRSF3,SRSF4,SRSF6,SRSF7,SRSF8,SRSF11,HNRNPA1,HNRNPA2B1,HNRNPC,HNRNPD,HNRNPH1,HNRNPH2,HNRNPF,HNRNPK,HNRNPL,HNRNPM,HNRNPU,HNRNPUL1"
"HPA","Hippocampus","HPA:0250000","false","0.01227240765815779","1.9110702269977728","6820","26","25","11007","U2AF1,U2AF2,RBMX,SRSF1,SRSF2,SRSF3,SRSF4,SRSF5,SRSF6,SRSF7,SRSF8,SRSF9,SRSF11,HNRNPA1,HNRNPA2B1,HNRNPC,HNRNPD,HNRNPH1,HNRNPH2,HNRNPF,HNRNPK,HNRNPL,HNRNPM,HNRNPU,HNRNPUL1"
"HPA","Breast; myoepithelial cells[≥Low]","HPA:0050091","false","0.013770305368881564","1.861056428766336","5651","26","23","11007","U2AF1,U2AF2,RBMX,SRSF1,SRSF2,SRSF3,SRSF4,SRSF6,SRSF7,SRSF8,SRSF9,SRSF11,HNRNPA1,HNRNPA2B1,HNRNPC,HNRNPH1,HNRNPH2,HNRNPF,HNRNPK,HNRNPL,HNRNPM,HNRNPU,HNRNPUL1"
"HPA","Skin 2; fibrohistiocytic cells[High]","HPA:0471443","false","0.014181860745678633","1.8482667833586237","466","26","7","11007","SRSF3,SRSF6,HNRNPH1,HNRNPH2,HNRNPK,HNRNPM,HNRNPU"
"HPA","Endometrium 1; glandular cells[≥Medium]","HPA:0160052","false","0.014194042748483978","1.8478938911317377","5149","26","22","11007","U2AF1,U2AF2,RBMX,SRSF1,SRSF2,SRSF3,SRSF4,SRSF6,SRSF8,SRSF9,SRSF11,HNRNPA1,HNRNPA2B1,HNRNPC,HNRNPD,HNRNPH1,HNRNPH2,HNRNPK,HNRNPL,HNRNPM,HNRNPU,HNRNPUL1"
"HPA","Colon; endothelial cells[≥Low]","HPA:0130201","false","0.014525869499598337","1.837857861858426","5666","26","23","11007","U2AF1,U2AF2,RBMX,SRSF1,SRSF2,SRSF3,SRSF4,SRSF6,SRSF7,SRSF8,SRSF9,SRSF11,HNRNPA1,HNRNPA2B1,HNRNPC,HNRNPH1,HNRNPH2,HNRNPF,HNRNPK,HNRNPL,HNRNPM,HNRNPU,HNRNPUL1"
"HPA","Soft tissue 2","HPA:0510000","false","0.016839181638552254","1.7736790184478324","5196","26","22","11007","U2AF1,U2AF2,RBMX,SRSF1,SRSF2,SRSF3,SRSF4,SRSF6,SRSF8,SRSF11,HNRNPA1,HNRNPA2B1,HNRNPC,HNRNPD,HNRNPH1,HNRNPH2,HNRNPF,HNRNPK,HNRNPL,HNRNPM,HNRNPU,HNRNPUL1"
"HPA","Cervix","HPA:0630000","false","0.017055087920791398","1.7681460374165883","6916","26","25","11007","U2AF1,U2AF2,RBMX,SRSF1,SRSF2,SRSF3,SRSF4,SRSF5,SRSF6,SRSF7,SRSF8,SRSF9,SRSF11,HNRNPA1,HNRNPA2B1,HNRNPC,HNRNPD,HNRNPH1,HNRNPH2,HNRNPF,HNRNPK,HNRNPL,HNRNPM,HNRNPU,HNRNPUL1"
"HPA","Placenta; syncytiotrophoblasts - cell body[≥Medium]","HPA:0381212","false","0.017548248027145753","1.755766235900354","482","26","7","11007","HNRNPA1,HNRNPA2B1,HNRNPD,HNRNPH1,HNRNPH2,HNRNPK,HNRNPM"
"HPA","Pancreas; exocrine glandular cells[≥Low]","HPA:0350471","false","0.017946399343810076","1.746022672543833","6931","26","25","11007","U2AF1,U2AF2,RBMX,SRSF1,SRSF2,SRSF3,SRSF4,SRSF5,SRSF6,SRSF7,SRSF8,SRSF9,SRSF11,HNRNPA1,HNRNPA2B1,HNRNPC,HNRNPD,HNRNPH1,HNRNPH2,HNRNPF,HNRNPK,HNRNPL,HNRNPM,HNRNPU,HNRNPUL1"
"HPA","Caudate","HPA:0080000","false","0.019268872304278293","1.715143701346628","6952","26","25","11007","U2AF1,U2AF2,RBMX,SRSF1,SRSF2,SRSF3,SRSF4,SRSF5,SRSF6,SRSF7,SRSF8,SRSF9,SRSF11,HNRNPA1,HNRNPA2B1,HNRNPC,HNRNPD,HNRNPH1,HNRNPH2,HNRNPF,HNRNPK,HNRNPL,HNRNPM,HNRNPU,HNRNPUL1"
"HPA","Spleen; cells in white pulp[≥Low]","HPA:0530721","false","0.0210060245238108","1.6776561318271646","4341","26","20","11007","U2AF1,U2AF2,RBMX,SRSF1,SRSF3,SRSF4,SRSF6,SRSF11,HNRNPA1,HNRNPA2B1,HNRNPC,HNRNPD,HNRNPH1,HNRNPH2,HNRNPF,HNRNPK,HNRNPL,HNRNPM,HNRNPU,HNRNPUL1"
"HPA","Colon; glandular cells[≥Low]","HPA:0130051","false","0.021319663208433835","1.6712196602399323","6982","26","25","11007","U2AF1,U2AF2,RBMX,SRSF1,SRSF2,SRSF3,SRSF4,SRSF5,SRSF6,SRSF7,SRSF8,SRSF9,SRSF11,HNRNPA1,HNRNPA2B1,HNRNPC,HNRNPD,HNRNPH1,HNRNPH2,HNRNPF,HNRNPK,HNRNPL,HNRNPM,HNRNPU,HNRNPUL1"
"HPA","Kidney; cells in tubules[≥Low]","HPA:0270361","false","0.02318542237542881","1.6347849880301062","7007","26","25","11007","U2AF1,U2AF2,RBMX,SRSF1,SRSF2,SRSF3,SRSF4,SRSF5,SRSF6,SRSF7,SRSF8,SRSF9,SRSF11,HNRNPA1,HNRNPA2B1,HNRNPC,HNRNPD,HNRNPH1,HNRNPH2,HNRNPF,HNRNPK,HNRNPL,HNRNPM,HNRNPU,HNRNPUL1"
"HPA","Skin 2","HPA:0470000","false","0.024459813358241177","1.611546861191606","7023","26","25","11007","U2AF1,U2AF2,RBMX,SRSF1,SRSF2,SRSF3,SRSF4,SRSF5,SRSF6,SRSF7,SRSF8,SRSF9,SRSF11,HNRNPA1,HNRNPA2B1,HNRNPC,HNRNPD,HNRNPH1,HNRNPH2,HNRNPF,HNRNPK,HNRNPL,HNRNPM,HNRNPU,HNRNPUL1"
"HPA","Rectum; glandular cells[≥Low]","HPA:0400051","false","0.026673651204744537","1.5739175321339223","7049","26","25","11007","U2AF1,U2AF2,RBMX,SRSF1,SRSF2,SRSF3,SRSF4,SRSF5,SRSF6,SRSF7,SRSF8,SRSF9,SRSF11,HNRNPA1,HNRNPA2B1,HNRNPC,HNRNPD,HNRNPH1,HNRNPH2,HNRNPF,HNRNPK,HNRNPL,HNRNPM,HNRNPU,HNRNPUL1"
"HPA","Placenta; cytotrophoblasts[≥Low]","HPA:0381191","false","0.02690085664490507","1.5702338898774617","516","26","7","11007","HNRNPA1,HNRNPA2B1,HNRNPD,HNRNPH1,HNRNPH2,HNRNPK,HNRNPM"
"HPA","Small intestine; glandular cells[≥Low]","HPA:0480051","false","0.02822265423626124","1.5494021448709803","7066","26","25","11007","U2AF1,U2AF2,RBMX,SRSF1,SRSF2,SRSF3,SRSF4,SRSF5,SRSF6,SRSF7,SRSF8,SRSF9,SRSF11,HNRNPA1,HNRNPA2B1,HNRNPC,HNRNPD,HNRNPH1,HNRNPH2,HNRNPF,HNRNPK,HNRNPL,HNRNPM,HNRNPU,HNRNPUL1"
"HPA","Testis; Leydig cells[≥Medium]","HPA:0570732","false","0.030514954862721273","1.5154872681090128","5364","26","22","11007","U2AF1,U2AF2,RBMX,SRSF2,SRSF3,SRSF4,SRSF5,SRSF6,SRSF7,SRSF8,SRSF11,HNRNPA1,HNRNPA2B1,HNRNPC,HNRNPH1,HNRNPH2,HNRNPF,HNRNPK,HNRNPL,HNRNPM,HNRNPU,HNRNPUL1"
"HPA","Duodenum; glandular cells[≥Low]","HPA:0150051","false","0.0309616810141107","1.5091754680365177","7094","26","25","11007","U2AF1,U2AF2,RBMX,SRSF1,SRSF2,SRSF3,SRSF4,SRSF5,SRSF6,SRSF7,SRSF8,SRSF9,SRSF11,HNRNPA1,HNRNPA2B1,HNRNPC,HNRNPD,HNRNPH1,HNRNPH2,HNRNPF,HNRNPK,HNRNPL,HNRNPM,HNRNPU,HNRNPUL1"
"HPA","Lung; macrophages[≥Medium]","HPA:0300412","false","0.03097712139977228","1.5089589422346341","4891","26","21","11007","U2AF1,U2AF2,RBMX,SRSF2,SRSF3,SRSF4,SRSF6,SRSF8,SRSF11,HNRNPA1,HNRNPA2B1,HNRNPC,HNRNPD,HNRNPH1,HNRNPH2,HNRNPF,HNRNPK,HNRNPL,HNRNPM,HNRNPU,HNRNPUL1"
"HPA","Spleen","HPA:0530000","false","0.03222473313841497","1.4918106704677694","5896","26","23","11007","U2AF1,U2AF2,RBMX,SRSF1,SRSF2,SRSF3,SRSF4,SRSF5,SRSF6,SRSF8,SRSF11,HNRNPA1,HNRNPA2B1,HNRNPC,HNRNPD,HNRNPH1,HNRNPH2,HNRNPF,HNRNPK,HNRNPL,HNRNPM,HNRNPU,HNRNPUL1"
"HPA","Thyroid gland; glandular cells[≥Low]","HPA:0590051","false","0.03285378072561786","1.4834146457756072","7112","26","25","11007","U2AF1,U2AF2,RBMX,SRSF1,SRSF2,SRSF3,SRSF4,SRSF5,SRSF6,SRSF7,SRSF8,SRSF9,SRSF11,HNRNPA1,HNRNPA2B1,HNRNPC,HNRNPD,HNRNPH1,HNRNPH2,HNRNPF,HNRNPK,HNRNPL,HNRNPM,HNRNPU,HNRNPUL1"
"HPA","Thyroid gland","HPA:0590000","false","0.03285378072561786","1.4834146457756072","7112","26","25","11007","U2AF1,U2AF2,RBMX,SRSF1,SRSF2,SRSF3,SRSF4,SRSF5,SRSF6,SRSF7,SRSF8,SRSF9,SRSF11,HNRNPA1,HNRNPA2B1,HNRNPC,HNRNPD,HNRNPH1,HNRNPH2,HNRNPF,HNRNPK,HNRNPL,HNRNPM,HNRNPU,HNRNPUL1"
"HPA","Breast","HPA:0050000","false","0.039725397184460415","1.4009317519139843","7170","26","25","11007","U2AF1,U2AF2,RBMX,SRSF1,SRSF2,SRSF3,SRSF4,SRSF5,SRSF6,SRSF7,SRSF8,SRSF9,SRSF11,HNRNPA1,HNRNPA2B1,HNRNPC,HNRNPD,HNRNPH1,HNRNPH2,HNRNPF,HNRNPK,HNRNPL,HNRNPM,HNRNPU,HNRNPUL1"
"HPA","Placenta; syncytiotrophoblasts - cell body[≥Low]","HPA:0381211","false","0.04043428588251231","1.3932502226417294","551","26","7","11007","HNRNPA1,HNRNPA2B1,HNRNPD,HNRNPH1,HNRNPH2,HNRNPK,HNRNPM"
"HPA","Soft tissue 1; peripheral nerve[High]","HPA:0500703","false","0.040661558702444166","1.3908159773237652","241","26","5","11007","SRSF3,HNRNPA1,HNRNPK,HNRNPL,HNRNPM"
"HPA","Cerebellum","HPA:0090000","false","0.041308020736874174","1.383965613632632","7182","26","25","11007","U2AF1,U2AF2,RBMX,SRSF1,SRSF2,SRSF3,SRSF4,SRSF5,SRSF6,SRSF7,SRSF8,SRSF9,SRSF11,HNRNPA1,HNRNPA2B1,HNRNPC,HNRNPD,HNRNPH1,HNRNPH2,HNRNPF,HNRNPK,HNRNPL,HNRNPM,HNRNPU,HNRNPUL1"
"HPA","Nasopharynx","HPA:0320000","false","0.04253405325317509","1.3712632295217753","7191","26","25","11007","U2AF1,U2AF2,RBMX,SRSF1,SRSF2,SRSF3,SRSF4,SRSF5,SRSF6,SRSF7,SRSF8,SRSF9,SRSF11,HNRNPA1,HNRNPA2B1,HNRNPC,HNRNPD,HNRNPH1,HNRNPH2,HNRNPF,HNRNPK,HNRNPL,HNRNPM,HNRNPU,HNRNPUL1"
"HPA","Skin 1","HPA:0460000","false","0.04856944974926399","1.3136368166878034","7232","26","25","11007","U2AF1,U2AF2,RBMX,SRSF1,SRSF2,SRSF3,SRSF4,SRSF5,SRSF6,SRSF7,SRSF8,SRSF9,SRSF11,HNRNPA1,HNRNPA2B1,HNRNPC,HNRNPD,HNRNPH1,HNRNPH2,HNRNPF,HNRNPK,HNRNPL,HNRNPM,HNRNPU,HNRNPUL1"
"CORUM","C complex spliceosome","CORUM:1181","false","5.4589687247459775e-11","10.262889393825409","77","21","11","3383","U2AF1,RBMX,SRSF1,HNRNPA1,HNRNPA2B1,HNRNPC,HNRNPH1,HNRNPF,HNRNPK,HNRNPM,HNRNPU"
"CORUM","Spliceosome","CORUM:351","false","0.0000010089778607735994","5.996118363048863","138","21","10","3383","U2AF1,SRSF1,SRSF2,SRSF3,SRSF4,SRSF5,SRSF6,SRSF7,SRSF9,SRSF11"
"CORUM","PGC-1-SRp40-SRp55-SRp75 complex","CORUM:2589","false","0.00037357804804058866","3.4276186514326774","4","21","3","3383","SRSF4,SRSF5,SRSF6"
"CORUM","Large Drosha complex","CORUM:1332","false","0.0022681344478597196","2.6443312054083377","20","21","4","3383","HNRNPH1,HNRNPM,HNRNPU,HNRNPUL1"
"CORUM","SRSF9-SRSF6 complex","CORUM:6073","false","0.016685952714584423","1.777648991474009","2","21","2","3383","SRSF6,SRSF9"
"CORUM","HNRPF-HNRPH1 complex","CORUM:1287","false","0.016685952714584423","1.777648991474009","2","21","2","3383","HNRNPH1,HNRNPF"
"CORUM","TRA2B1-SRSF9-SRSF6 complex","CORUM:6072","false","0.04987032007715925","1.3021578443884556","3","21","2","3383","SRSF6,SRSF9"
"CORUM","DCS complex (PTBP1, PTBP2, HNRPH1, HNRPF)","CORUM:1288","false","0.04987032007715925","1.3021578443884556","3","21","2","3383","HNRNPH1,HNRNPF"
"HP","Ubiquitin-positive cerebral inclusion bodies","HP:0012083","false","0.019938405909735408","1.7003095668006902","4","9","2","5200","HNRNPA1,HNRNPA2B1"
