"source","term_name","term_id","highlighted","adjusted_p_value","negative_log10_of_adjusted_p_value","term_size","query_size","intersection_size","effective_domain_size","intersections"
"GO:MF","RNA binding","GO:0003723","true","1.5133220920738887e-25","24.82006862787693","3099","39","37","20208","SNRNP70,SNRPA,SNRPC,SNRPB,SNRPB2,SNRPD1,SNRPD2,SNRPD3,SNRPE,SNRPF,SNRPG,SF3A1,SF3A2,SF3A3,SF3B1,SF3B2,SF3B3,SF3B4,SF3B5,PHF5A,SNRPA1,PRPF3,PRPF4,PRPF6,PRPF31,SART3,LSM2,LSM3,LSM4,LSM5,LSM6,LSM7,LSM8,PRPF8,SNRNP200,EFTUD2,SNRNP40"
"GO:MF","nucleic acid binding","GO:0003676","false","1.3490957124846407e-16","15.869957237926776","5437","39","37","20208","SNRNP70,SNRPA,SNRPC,SNRPB,SNRPB2,SNRPD1,SNRPD2,SNRPD3,SNRPE,SNRPF,SNRPG,SF3A1,SF3A2,SF3A3,SF3B1,SF3B2,SF3B3,SF3B4,SF3B5,PHF5A,SNRPA1,PRPF3,PRPF4,PRPF6,PRPF31,SART3,LSM2,LSM3,LSM4,LSM5,LSM6,LSM7,LSM8,PRPF8,SNRNP200,EFTUD2,SNRNP40"
"GO:MF","U1 snRNA binding","GO:0030619","false","5.199428244117402e-10","9.284044410995403","8","39","5","20208","SNRNP70,SNRPA,SNRPC,SNRPB2,PRPF8"
"GO:MF","U6 snRNA binding","GO:0017070","false","9.61341100742616e-10","9.017122489661146","79","39","8","20208","PRPF4,SART3,LSM2,LSM3,LSM4,LSM7,LSM8,PRPF8"
"GO:MF","snRNA binding","GO:0017069","false","9.2866673189833e-9","8.032140112125884","1207","39","17","20208","SNRNP70,SNRPA,SNRPC,SNRPB2,SNRPD3,SF3B3,SNRPA1,PRPF4,PRPF31,SART3,LSM2,LSM3,LSM4,LSM7,LSM8,PRPF8,EFTUD2"
"GO:MF","snRNP binding","GO:0070990","true","6.734797806257851e-7","6.171675438240124","9","39","4","20208","SNRPA,SNRPB,SNRPD1,PRPF31"
"GO:MF","splicing factor binding","GO:1990935","true","0.000030127304590154105","4.521039721761302","5","39","3","20208","SF3B1,SF3B4,SF3B5"
"GO:MF","U1 snRNP binding","GO:1990446","false","0.000060174098766770116","4.220590405474198","6","39","3","20208","SNRPA,SNRPB,SNRPD1"
"GO:MF","U2 snRNA binding","GO:0030620","false","0.00025171959261641175","3.599082979787207","9","39","3","20208","SF3B3,SNRPA1,PRPF8"
"GO:MF","U5 snRNA binding","GO:0030623","false","0.0049430056842126235","2.306008890121712","3","39","2","20208","PRPF8,EFTUD2"
"GO:MF","histone pre-mRNA DCP binding","GO:0071208","false","0.009873944322160596","2.0055093260375525","4","39","2","20208","SNRPB,SNRPD3"
"GO:MF","ribonucleoprotein complex binding","GO:0043021","false","0.010015874659608038","1.9993111189360806","177","39","5","20208","SNRPA,SNRPB,SNRPD1,PRPF6,PRPF31"
"GO:BP","U2-type prespliceosome assembly","GO:1903241","true","4.871908917211449e-43","42.31230083965314","25","39","18","20972","SNRPB,SNRPB2,SNRPD1,SNRPD2,SNRPD3,SNRPE,SNRPF,SNRPG,SF3A1,SF3A2,SF3A3,SF3B1,SF3B2,SF3B3,SF3B4,SF3B5,PHF5A,SNRPA1"
"GO:BP","RNA splicing, via transesterification reactions with bulged adenosine as nucleophile","GO:0000377","false","2.4620679866416513e-40","39.60869995879071","1693","39","39","20972","SNRNP70,SNRPA,SNRPC,SNRPB,SNRPB2,SNRPD1,SNRPD2,SNRPD3,SNRPE,SNRPF,SNRPG,SF3A1,SF3A2,SF3A3,SF3B1,SF3B2,SF3B3,SF3B4,SF3B5,PHF5A,SNRPA1,PRPF3,PRPF4,PRPF6,PRPF31,SART3,LSM2,LSM3,LSM4,LSM5,LSM6,LSM7,LSM8,PRPF8,SNRNP200,EFTUD2,TXNL4A,SNRNP40,CWC27"
"GO:BP","mRNA splicing, via spliceosome","GO:0000398","false","2.4620679866416513e-40","39.60869995879071","1693","39","39","20972","SNRNP70,SNRPA,SNRPC,SNRPB,SNRPB2,SNRPD1,SNRPD2,SNRPD3,SNRPE,SNRPF,SNRPG,SF3A1,SF3A2,SF3A3,SF3B1,SF3B2,SF3B3,SF3B4,SF3B5,PHF5A,SNRPA1,PRPF3,PRPF4,PRPF6,PRPF31,SART3,LSM2,LSM3,LSM4,LSM5,LSM6,LSM7,LSM8,PRPF8,SNRNP200,EFTUD2,TXNL4A,SNRNP40,CWC27"
"GO:BP","RNA splicing, via transesterification reactions","GO:0000375","false","2.7022496843682953e-40","39.568274525212765","1697","39","39","20972","SNRNP70,SNRPA,SNRPC,SNRPB,SNRPB2,SNRPD1,SNRPD2,SNRPD3,SNRPE,SNRPF,SNRPG,SF3A1,SF3A2,SF3A3,SF3B1,SF3B2,SF3B3,SF3B4,SF3B5,PHF5A,SNRPA1,PRPF3,PRPF4,PRPF6,PRPF31,SART3,LSM2,LSM3,LSM4,LSM5,LSM6,LSM7,LSM8,PRPF8,SNRNP200,EFTUD2,TXNL4A,SNRNP40,CWC27"
"GO:BP","RNA splicing","GO:0008380","false","6.422149882439209e-39","38.19231956293073","1839","39","39","20972","SNRNP70,SNRPA,SNRPC,SNRPB,SNRPB2,SNRPD1,SNRPD2,SNRPD3,SNRPE,SNRPF,SNRPG,SF3A1,SF3A2,SF3A3,SF3B1,SF3B2,SF3B3,SF3B4,SF3B5,PHF5A,SNRPA1,PRPF3,PRPF4,PRPF6,PRPF31,SART3,LSM2,LSM3,LSM4,LSM5,LSM6,LSM7,LSM8,PRPF8,SNRNP200,EFTUD2,TXNL4A,SNRNP40,CWC27"
"GO:BP","mRNA processing","GO:0006397","false","1.8870848741760688e-38","37.724208566418326","1890","39","39","20972","SNRNP70,SNRPA,SNRPC,SNRPB,SNRPB2,SNRPD1,SNRPD2,SNRPD3,SNRPE,SNRPF,SNRPG,SF3A1,SF3A2,SF3A3,SF3B1,SF3B2,SF3B3,SF3B4,SF3B5,PHF5A,SNRPA1,PRPF3,PRPF4,PRPF6,PRPF31,SART3,LSM2,LSM3,LSM4,LSM5,LSM6,LSM7,LSM8,PRPF8,SNRNP200,EFTUD2,TXNL4A,SNRNP40,CWC27"
"GO:BP","mRNA metabolic process","GO:0016071","false","2.4664939611258244e-36","35.60791994351136","2139","39","39","20972","SNRNP70,SNRPA,SNRPC,SNRPB,SNRPB2,SNRPD1,SNRPD2,SNRPD3,SNRPE,SNRPF,SNRPG,SF3A1,SF3A2,SF3A3,SF3B1,SF3B2,SF3B3,SF3B4,SF3B5,PHF5A,SNRPA1,PRPF3,PRPF4,PRPF6,PRPF31,SART3,LSM2,LSM3,LSM4,LSM5,LSM6,LSM7,LSM8,PRPF8,SNRNP200,EFTUD2,TXNL4A,SNRNP40,CWC27"
"GO:BP","RNA processing","GO:0006396","false","7.711969673264268e-29","28.112834686931972","3319","39","39","20972","SNRNP70,SNRPA,SNRPC,SNRPB,SNRPB2,SNRPD1,SNRPD2,SNRPD3,SNRPE,SNRPF,SNRPG,SF3A1,SF3A2,SF3A3,SF3B1,SF3B2,SF3B3,SF3B4,SF3B5,PHF5A,SNRPA1,PRPF3,PRPF4,PRPF6,PRPF31,SART3,LSM2,LSM3,LSM4,LSM5,LSM6,LSM7,LSM8,PRPF8,SNRNP200,EFTUD2,TXNL4A,SNRNP40,CWC27"
"GO:BP","spliceosomal complex assembly","GO:0000245","false","7.605705870262798e-27","26.118860473743233","332","39","22","20972","SNRPC,SNRPB,SNRPB2,SNRPD1,SNRPD2,SNRPD3,SNRPE,SNRPF,SNRPG,SF3A1,SF3A2,SF3A3,SF3B1,SF3B2,SF3B3,SF3B4,SF3B5,PHF5A,SNRPA1,PRPF6,SNRNP200,TXNL4A"
"GO:BP","protein-RNA complex assembly","GO:0022618","false","3.113260417806663e-20","19.50678454996121","1576","39","28","20972","SNRPC,SNRPB,SNRPB2,SNRPD1,SNRPD2,SNRPD3,SNRPE,SNRPF,SNRPG,SF3A1,SF3A2,SF3A3,SF3B1,SF3B2,SF3B3,SF3B4,SF3B5,PHF5A,SNRPA1,PRPF3,PRPF6,PRPF31,SART3,LSM2,LSM4,PRPF8,SNRNP200,TXNL4A"
"GO:BP","protein-RNA complex organization","GO:0071826","false","3.6385314305783996e-20","19.43907386917793","1585","39","28","20972","SNRPC,SNRPB,SNRPB2,SNRPD1,SNRPD2,SNRPD3,SNRPE,SNRPF,SNRPG,SF3A1,SF3A2,SF3A3,SF3B1,SF3B2,SF3B3,SF3B4,SF3B5,PHF5A,SNRPA1,PRPF3,PRPF6,PRPF31,SART3,LSM2,LSM4,PRPF8,SNRNP200,TXNL4A"
"GO:BP","ribonucleoprotein complex biogenesis","GO:0022613","false","7.745049415222141e-20","19.110975806995825","1841","39","29","20972","SNRPC,SNRPB,SNRPB2,SNRPD1,SNRPD2,SNRPD3,SNRPE,SNRPF,SNRPG,SF3A1,SF3A2,SF3A3,SF3B1,SF3B2,SF3B3,SF3B4,SF3B5,PHF5A,SNRPA1,PRPF3,PRPF6,PRPF31,SART3,LSM2,LSM4,LSM6,PRPF8,SNRNP200,TXNL4A"
"GO:BP","RNA biosynthetic process","GO:0032774","false","4.445564691913622e-17","16.352073065513657","6627","39","39","20972","SNRNP70,SNRPA,SNRPC,SNRPB,SNRPB2,SNRPD1,SNRPD2,SNRPD3,SNRPE,SNRPF,SNRPG,SF3A1,SF3A2,SF3A3,SF3B1,SF3B2,SF3B3,SF3B4,SF3B5,PHF5A,SNRPA1,PRPF3,PRPF4,PRPF6,PRPF31,SART3,LSM2,LSM3,LSM4,LSM5,LSM6,LSM7,LSM8,PRPF8,SNRNP200,EFTUD2,TXNL4A,SNRNP40,CWC27"
"GO:BP","nucleic acid biosynthetic process","GO:0141187","false","8.365910059363331e-17","16.077486808764732","6735","39","39","20972","SNRNP70,SNRPA,SNRPC,SNRPB,SNRPB2,SNRPD1,SNRPD2,SNRPD3,SNRPE,SNRPF,SNRPG,SF3A1,SF3A2,SF3A3,SF3B1,SF3B2,SF3B3,SF3B4,SF3B5,PHF5A,SNRPA1,PRPF3,PRPF4,PRPF6,PRPF31,SART3,LSM2,LSM3,LSM4,LSM5,LSM6,LSM7,LSM8,PRPF8,SNRNP200,EFTUD2,TXNL4A,SNRNP40,CWC27"
"GO:BP","RNA metabolic process","GO:0016070","false","1.480354106192418e-16","15.829634387327493","6834","39","39","20972","SNRNP70,SNRPA,SNRPC,SNRPB,SNRPB2,SNRPD1,SNRPD2,SNRPD3,SNRPE,SNRPF,SNRPG,SF3A1,SF3A2,SF3A3,SF3B1,SF3B2,SF3B3,SF3B4,SF3B5,PHF5A,SNRPA1,PRPF3,PRPF4,PRPF6,PRPF31,SART3,LSM2,LSM3,LSM4,LSM5,LSM6,LSM7,LSM8,PRPF8,SNRNP200,EFTUD2,TXNL4A,SNRNP40,CWC27"
"GO:BP","nucleobase-containing compound biosynthetic process","GO:0034654","false","4.599302817533615e-16","15.33730799558917","7035","39","39","20972","SNRNP70,SNRPA,SNRPC,SNRPB,SNRPB2,SNRPD1,SNRPD2,SNRPD3,SNRPE,SNRPF,SNRPG,SF3A1,SF3A2,SF3A3,SF3B1,SF3B2,SF3B3,SF3B4,SF3B5,PHF5A,SNRPA1,PRPF3,PRPF4,PRPF6,PRPF31,SART3,LSM2,LSM3,LSM4,LSM5,LSM6,LSM7,LSM8,PRPF8,SNRNP200,EFTUD2,TXNL4A,SNRNP40,CWC27"
"GO:BP","7-methylguanosine cap hypermethylation","GO:0036261","false","5.428738282977496e-16","15.265301094980616","8","39","7","20972","SNRPB,SNRPD1,SNRPD2,SNRPD3,SNRPE,SNRPF,SNRPG"
"GO:BP","nucleic acid metabolic process","GO:0090304","false","3.3418586089711827e-15","14.476011928662434","7401","39","39","20972","SNRNP70,SNRPA,SNRPC,SNRPB,SNRPB2,SNRPD1,SNRPD2,SNRPD3,SNRPE,SNRPF,SNRPG,SF3A1,SF3A2,SF3A3,SF3B1,SF3B2,SF3B3,SF3B4,SF3B5,PHF5A,SNRPA1,PRPF3,PRPF4,PRPF6,PRPF31,SART3,LSM2,LSM3,LSM4,LSM5,LSM6,LSM7,LSM8,PRPF8,SNRNP200,EFTUD2,TXNL4A,SNRNP40,CWC27"
"GO:BP","nucleobase-containing compound metabolic process","GO:0006139","false","5.873072053514775e-14","13.231134671002453","7964","39","39","20972","SNRNP70,SNRPA,SNRPC,SNRPB,SNRPB2,SNRPD1,SNRPD2,SNRPD3,SNRPE,SNRPF,SNRPG,SF3A1,SF3A2,SF3A3,SF3B1,SF3B2,SF3B3,SF3B4,SF3B5,PHF5A,SNRPA1,PRPF3,PRPF4,PRPF6,PRPF31,SART3,LSM2,LSM3,LSM4,LSM5,LSM6,LSM7,LSM8,PRPF8,SNRNP200,EFTUD2,TXNL4A,SNRNP40,CWC27"
"GO:BP","RNA capping","GO:0036260","false","7.680530015115943e-13","12.114608809304709","16","39","7","20972","SNRPB,SNRPD1,SNRPD2,SNRPD3,SNRPE,SNRPF,SNRPG"
"GO:BP","protein-containing complex assembly","GO:0065003","false","6.425540141560151e-12","11.192090358947777","3214","39","28","20972","SNRPC,SNRPB,SNRPB2,SNRPD1,SNRPD2,SNRPD3,SNRPE,SNRPF,SNRPG,SF3A1,SF3A2,SF3A3,SF3B1,SF3B2,SF3B3,SF3B4,SF3B5,PHF5A,SNRPA1,PRPF3,PRPF6,PRPF31,SART3,LSM2,LSM4,PRPF8,SNRNP200,TXNL4A"
"GO:BP","gene expression","GO:0010467","false","1.8916870903856094e-11","10.723150699941433","9232","39","39","20972","SNRNP70,SNRPA,SNRPC,SNRPB,SNRPB2,SNRPD1,SNRPD2,SNRPD3,SNRPE,SNRPF,SNRPG,SF3A1,SF3A2,SF3A3,SF3B1,SF3B2,SF3B3,SF3B4,SF3B5,PHF5A,SNRPA1,PRPF3,PRPF4,PRPF6,PRPF31,SART3,LSM2,LSM3,LSM4,LSM5,LSM6,LSM7,LSM8,PRPF8,SNRNP200,EFTUD2,TXNL4A,SNRNP40,CWC27"
"GO:BP","protein-containing complex organization","GO:0043933","false","3.066139122427318e-11","10.513408143437376","3412","39","28","20972","SNRPC,SNRPB,SNRPB2,SNRPD1,SNRPD2,SNRPD3,SNRPE,SNRPF,SNRPG,SF3A1,SF3A2,SF3A3,SF3B1,SF3B2,SF3B3,SF3B4,SF3B5,PHF5A,SNRPA1,PRPF3,PRPF6,PRPF31,SART3,LSM2,LSM4,PRPF8,SNRNP200,TXNL4A"
"GO:BP","macromolecule biosynthetic process","GO:0009059","false","8.893404598811646e-11","10.050931949331225","9605","39","39","20972","SNRNP70,SNRPA,SNRPC,SNRPB,SNRPB2,SNRPD1,SNRPD2,SNRPD3,SNRPE,SNRPF,SNRPG,SF3A1,SF3A2,SF3A3,SF3B1,SF3B2,SF3B3,SF3B4,SF3B5,PHF5A,SNRPA1,PRPF3,PRPF4,PRPF6,PRPF31,SART3,LSM2,LSM3,LSM4,LSM5,LSM6,LSM7,LSM8,PRPF8,SNRNP200,EFTUD2,TXNL4A,SNRNP40,CWC27"
"GO:BP","RNA 5'-end processing","GO:0000966","false","8.227331030589731e-10","9.084741028296552","38","39","7","20972","SNRPB,SNRPD1,SNRPD2,SNRPD3,SNRPE,SNRPF,SNRPG"
"GO:BP","biosynthetic process","GO:0009058","false","4.8313311353365495e-9","8.315933195318076","10639","39","39","20972","SNRNP70,SNRPA,SNRPC,SNRPB,SNRPB2,SNRPD1,SNRPD2,SNRPD3,SNRPE,SNRPF,SNRPG,SF3A1,SF3A2,SF3A3,SF3B1,SF3B2,SF3B3,SF3B4,SF3B5,PHF5A,SNRPA1,PRPF3,PRPF4,PRPF6,PRPF31,SART3,LSM2,LSM3,LSM4,LSM5,LSM6,LSM7,LSM8,PRPF8,SNRNP200,EFTUD2,TXNL4A,SNRNP40,CWC27"
"GO:BP","cellular component biogenesis","GO:0044085","false","1.0103180724989594e-8","7.995541878312","5090","39","30","20972","SNRPC,SNRPB,SNRPB2,SNRPD1,SNRPD2,SNRPD3,SNRPE,SNRPF,SNRPG,SF3A1,SF3A2,SF3A3,SF3B1,SF3B2,SF3B3,SF3B4,SF3B5,PHF5A,SNRPA1,PRPF3,PRPF6,PRPF31,SART3,LSM2,LSM3,LSM4,LSM6,PRPF8,SNRNP200,TXNL4A"
"GO:BP","cellular component assembly","GO:0022607","false","2.4517057997268546e-8","7.610531645581418","4830","39","29","20972","SNRPC,SNRPB,SNRPB2,SNRPD1,SNRPD2,SNRPD3,SNRPE,SNRPF,SNRPG,SF3A1,SF3A2,SF3A3,SF3B1,SF3B2,SF3B3,SF3B4,SF3B5,PHF5A,SNRPA1,PRPF3,PRPF6,PRPF31,SART3,LSM2,LSM3,LSM4,PRPF8,SNRNP200,TXNL4A"
"GO:BP","RNA methylation","GO:0001510","false","2.3367312547788067e-7","6.631391232527739","82","39","7","20972","SNRPB,SNRPD1,SNRPD2,SNRPD3,SNRPE,SNRPF,SNRPG"
"GO:BP","macromolecule metabolic process","GO:0043170","false","4.4080735383509134e-7","6.355751168912712","11942","39","39","20972","SNRNP70,SNRPA,SNRPC,SNRPB,SNRPB2,SNRPD1,SNRPD2,SNRPD3,SNRPE,SNRPF,SNRPG,SF3A1,SF3A2,SF3A3,SF3B1,SF3B2,SF3B3,SF3B4,SF3B5,PHF5A,SNRPA1,PRPF3,PRPF4,PRPF6,PRPF31,SART3,LSM2,LSM3,LSM4,LSM5,LSM6,LSM7,LSM8,PRPF8,SNRNP200,EFTUD2,TXNL4A,SNRNP40,CWC27"
"GO:BP","primary metabolic process","GO:0044238","false","9.227450223726765e-7","6.034918288870761","12170","39","39","20972","SNRNP70,SNRPA,SNRPC,SNRPB,SNRPB2,SNRPD1,SNRPD2,SNRPD3,SNRPE,SNRPF,SNRPG,SF3A1,SF3A2,SF3A3,SF3B1,SF3B2,SF3B3,SF3B4,SF3B5,PHF5A,SNRPA1,PRPF3,PRPF4,PRPF6,PRPF31,SART3,LSM2,LSM3,LSM4,LSM5,LSM6,LSM7,LSM8,PRPF8,SNRNP200,EFTUD2,TXNL4A,SNRNP40,CWC27"
"GO:BP","spliceosomal snRNP assembly","GO:0000387","true","0.0000027460732149516287","5.561287887920239","1217","39","15","20972","SNRPC,SNRPB,SNRPD1,SNRPD2,SNRPD3,SNRPE,SNRPF,SNRPG,PRPF3,PRPF6,PRPF31,SART3,LSM2,LSM4,PRPF8"
"GO:BP","macromolecule methylation","GO:0043414","false","0.000005462876817518938","5.262578592286982","128","39","7","20972","SNRPB,SNRPD1,SNRPD2,SNRPD3,SNRPE,SNRPF,SNRPG"
"GO:BP","RNA modification","GO:0009451","false","0.000040865685343222334","4.388641213292744","171","39","7","20972","SNRPB,SNRPD1,SNRPD2,SNRPD3,SNRPE,SNRPF,SNRPG"
"GO:BP","mRNA 3'-splice site recognition","GO:0000389","true","0.00018508188613039202","3.7326360833462946","6","39","3","20972","SF3A1,SF3A2,SF3A3"
"GO:BP","metabolic process","GO:0008152","false","0.0002418544966553995","3.6164458336239957","14035","39","39","20972","SNRNP70,SNRPA,SNRPC,SNRPB,SNRPB2,SNRPD1,SNRPD2,SNRPD3,SNRPE,SNRPF,SNRPG,SF3A1,SF3A2,SF3A3,SF3B1,SF3B2,SF3B3,SF3B4,SF3B5,PHF5A,SNRPA1,PRPF3,PRPF4,PRPF6,PRPF31,SART3,LSM2,LSM3,LSM4,LSM5,LSM6,LSM7,LSM8,PRPF8,SNRNP200,EFTUD2,TXNL4A,SNRNP40,CWC27"
"GO:BP","methylation","GO:0032259","false","0.0003914975481684312","3.407270953453433","238","39","7","20972","SNRPB,SNRPD1,SNRPD2,SNRPD3,SNRPE,SNRPF,SNRPG"
"GO:BP","cellular component organization or biogenesis","GO:0071840","false","0.007128781453728725","2.1469846992012362","8538","39","30","20972","SNRPC,SNRPB,SNRPB2,SNRPD1,SNRPD2,SNRPD3,SNRPE,SNRPF,SNRPG,SF3A1,SF3A2,SF3A3,SF3B1,SF3B2,SF3B3,SF3B4,SF3B5,PHF5A,SNRPA1,PRPF3,PRPF6,PRPF31,SART3,LSM2,LSM3,LSM4,LSM6,PRPF8,SNRNP200,TXNL4A"
"GO:BP","cellular component organization","GO:0016043","false","0.018198400031544697","1.73996679267513","8325","39","29","20972","SNRPC,SNRPB,SNRPB2,SNRPD1,SNRPD2,SNRPD3,SNRPE,SNRPF,SNRPG,SF3A1,SF3A2,SF3A3,SF3B1,SF3B2,SF3B3,SF3B4,SF3B5,PHF5A,SNRPA1,PRPF3,PRPF6,PRPF31,SART3,LSM2,LSM3,LSM4,PRPF8,SNRNP200,TXNL4A"
"GO:CC","U2-type precatalytic spliceosome","GO:0071005","true","3.337130529813845e-89","88.47662680585069","50","39","34","22155","SNRPB,SNRPB2,SNRPD1,SNRPD2,SNRPD3,SNRPE,SNRPF,SNRPG,SF3A1,SF3A2,SF3A3,SF3B1,SF3B2,SF3B3,SF3B4,SF3B5,PHF5A,SNRPA1,PRPF3,PRPF4,PRPF6,PRPF31,LSM2,LSM3,LSM4,LSM5,LSM6,LSM7,LSM8,PRPF8,SNRNP200,EFTUD2,TXNL4A,CWC27"
"GO:CC","precatalytic spliceosome","GO:0071011","false","1.0009191831850968e-88","87.99960098716971","51","39","34","22155","SNRPB,SNRPB2,SNRPD1,SNRPD2,SNRPD3,SNRPE,SNRPF,SNRPG,SF3A1,SF3A2,SF3A3,SF3B1,SF3B2,SF3B3,SF3B4,SF3B5,PHF5A,SNRPA1,PRPF3,PRPF4,PRPF6,PRPF31,LSM2,LSM3,LSM4,LSM5,LSM6,LSM7,LSM8,PRPF8,SNRNP200,EFTUD2,TXNL4A,CWC27"
"GO:CC","U2-type spliceosomal complex","GO:0005684","false","7.313375083296622e-87","86.13588215221111","94","39","37","22155","SNRNP70,SNRPC,SNRPB,SNRPB2,SNRPD1,SNRPD2,SNRPD3,SNRPE,SNRPF,SNRPG,SF3A1,SF3A2,SF3A3,SF3B1,SF3B2,SF3B3,SF3B4,SF3B5,PHF5A,SNRPA1,PRPF3,PRPF4,PRPF6,PRPF31,LSM2,LSM3,LSM4,LSM5,LSM6,LSM7,LSM8,PRPF8,SNRNP200,EFTUD2,TXNL4A,SNRNP40,CWC27"
"GO:CC","spliceosomal complex","GO:0005681","false","1.1698779378904917e-75","74.9318594490795","205","39","38","22155","SNRNP70,SNRPA,SNRPC,SNRPB,SNRPB2,SNRPD1,SNRPD2,SNRPD3,SNRPE,SNRPF,SNRPG,SF3A1,SF3A2,SF3A3,SF3B1,SF3B2,SF3B3,SF3B4,SF3B5,PHF5A,SNRPA1,PRPF3,PRPF4,PRPF6,PRPF31,LSM2,LSM3,LSM4,LSM5,LSM6,LSM7,LSM8,PRPF8,SNRNP200,EFTUD2,TXNL4A,SNRNP40,CWC27"
"GO:CC","catalytic step 2 spliceosome","GO:0071013","false","3.9671904669197977e-47","46.40151694831674","88","39","24","22155","SNRPB,SNRPB2,SNRPD1,SNRPD2,SNRPD3,SNRPE,SNRPF,SNRPG,SF3A1,SF3A2,SF3A3,SF3B1,SF3B2,SF3B3,SNRPA1,PRPF6,LSM2,LSM3,LSM7,PRPF8,SNRNP200,EFTUD2,SNRNP40,CWC27"
"GO:CC","spliceosomal snRNP complex","GO:0097525","false","4.3317635269993855e-42","41.363335259738875","1444","39","38","22155","SNRNP70,SNRPA,SNRPC,SNRPB,SNRPB2,SNRPD1,SNRPD2,SNRPD3,SNRPE,SNRPF,SNRPG,SF3A1,SF3A2,SF3A3,SF3B1,SF3B2,SF3B3,SF3B4,SF3B5,PHF5A,SNRPA1,PRPF3,PRPF4,PRPF6,PRPF31,SART3,LSM2,LSM3,LSM4,LSM5,LSM6,LSM7,LSM8,PRPF8,SNRNP200,EFTUD2,TXNL4A,SNRNP40"
"GO:CC","small nuclear ribonucleoprotein complex","GO:0030532","false","5.499887686545825e-42","41.25964617916238","1453","39","38","22155","SNRNP70,SNRPA,SNRPC,SNRPB,SNRPB2,SNRPD1,SNRPD2,SNRPD3,SNRPE,SNRPF,SNRPG,SF3A1,SF3A2,SF3A3,SF3B1,SF3B2,SF3B3,SF3B4,SF3B5,PHF5A,SNRPA1,PRPF3,PRPF4,PRPF6,PRPF31,SART3,LSM2,LSM3,LSM4,LSM5,LSM6,LSM7,LSM8,PRPF8,SNRNP200,EFTUD2,TXNL4A,SNRNP40"
"GO:CC","Sm-like protein family complex","GO:0120114","false","7.543910174163024e-42","41.12240349141304","1465","39","38","22155","SNRNP70,SNRPA,SNRPC,SNRPB,SNRPB2,SNRPD1,SNRPD2,SNRPD3,SNRPE,SNRPF,SNRPG,SF3A1,SF3A2,SF3A3,SF3B1,SF3B2,SF3B3,SF3B4,SF3B5,PHF5A,SNRPA1,PRPF3,PRPF4,PRPF6,PRPF31,SART3,LSM2,LSM3,LSM4,LSM5,LSM6,LSM7,LSM8,PRPF8,SNRNP200,EFTUD2,TXNL4A,SNRNP40"
"GO:CC","ribonucleoprotein complex","GO:1990904","false","4.544096287259689e-34","33.34255247470406","2712","39","39","22155","SNRNP70,SNRPA,SNRPC,SNRPB,SNRPB2,SNRPD1,SNRPD2,SNRPD3,SNRPE,SNRPF,SNRPG,SF3A1,SF3A2,SF3A3,SF3B1,SF3B2,SF3B3,SF3B4,SF3B5,PHF5A,SNRPA1,PRPF3,PRPF4,PRPF6,PRPF31,SART3,LSM2,LSM3,LSM4,LSM5,LSM6,LSM7,LSM8,PRPF8,SNRNP200,EFTUD2,TXNL4A,SNRNP40,CWC27"
"GO:CC","nuclear protein-containing complex","GO:0140513","false","5.482959756374298e-34","33.260984941723436","2725","39","39","22155","SNRNP70,SNRPA,SNRPC,SNRPB,SNRPB2,SNRPD1,SNRPD2,SNRPD3,SNRPE,SNRPF,SNRPG,SF3A1,SF3A2,SF3A3,SF3B1,SF3B2,SF3B3,SF3B4,SF3B5,PHF5A,SNRPA1,PRPF3,PRPF4,PRPF6,PRPF31,SART3,LSM2,LSM3,LSM4,LSM5,LSM6,LSM7,LSM8,PRPF8,SNRNP200,EFTUD2,TXNL4A,SNRNP40,CWC27"
"GO:CC","U12-type spliceosomal complex","GO:0005689","false","1.842488147838446e-31","30.734595297143223","25","39","14","22155","SNRPB,SNRPD1,SNRPD2,SNRPD3,SNRPE,SNRPF,SNRPG,SF3B1,SF3B2,SF3B3,SF3B4,SF3B5,PHF5A,LSM7"
"GO:CC","U2 snRNP","GO:0005686","false","2.6875895987669333e-30","29.570637048340924","103","39","18","22155","SNRPB,SNRPB2,SNRPD1,SNRPD2,SNRPD3,SNRPE,SNRPF,SNRPG,SF3A1,SF3A2,SF3A3,SF3B1,SF3B2,SF3B3,SF3B4,SF3B5,PHF5A,SNRPA1"
"GO:CC","nucleoplasm","GO:0005654","false","4.391078964634489e-26","25.35742875292142","4334","39","39","22155","SNRNP70,SNRPA,SNRPC,SNRPB,SNRPB2,SNRPD1,SNRPD2,SNRPD3,SNRPE,SNRPF,SNRPG,SF3A1,SF3A2,SF3A3,SF3B1,SF3B2,SF3B3,SF3B4,SF3B5,PHF5A,SNRPA1,PRPF3,PRPF4,PRPF6,PRPF31,SART3,LSM2,LSM3,LSM4,LSM5,LSM6,LSM7,LSM8,PRPF8,SNRNP200,EFTUD2,TXNL4A,SNRNP40,CWC27"
"GO:CC","U2-type catalytic step 2 spliceosome","GO:0071007","false","2.475444080303931e-24","23.60634687983128","30","39","12","22155","SNRPB,SNRPB2,SNRPD1,SNRPD2,SNRPD3,SNRPE,SNRPF,SNRPG,SNRPA1,PRPF8,EFTUD2,SNRNP40"
"GO:CC","U5 snRNP","GO:0005682","false","1.1079778385468142e-22","21.955468926153692","39","39","12","22155","SNRPB,SNRPD1,SNRPD2,SNRPD3,SNRPE,SNRPF,SNRPG,PRPF6,PRPF8,SNRNP200,TXNL4A,SNRNP40"
"GO:CC","ribonucleoprotein granule","GO:0035770","true","1.0666655969913207e-21","20.971971711919444","773","39","23","22155","SNRNP70,SNRPC,SNRPB2,SNRPG,SF3A1,SF3A2,SF3A3,SF3B1,SF3B2,PHF5A,SNRPA1,PRPF3,PRPF4,PRPF6,PRPF31,SART3,LSM2,LSM3,LSM4,LSM6,PRPF8,EFTUD2,SNRNP40"
"GO:CC","nuclear lumen","GO:0031981","false","1.166132139012999e-21","20.93325223517505","5622","39","39","22155","SNRNP70,SNRPA,SNRPC,SNRPB,SNRPB2,SNRPD1,SNRPD2,SNRPD3,SNRPE,SNRPF,SNRPG,SF3A1,SF3A2,SF3A3,SF3B1,SF3B2,SF3B3,SF3B4,SF3B5,PHF5A,SNRPA1,PRPF3,PRPF4,PRPF6,PRPF31,SART3,LSM2,LSM3,LSM4,LSM5,LSM6,LSM7,LSM8,PRPF8,SNRNP200,EFTUD2,TXNL4A,SNRNP40,CWC27"
"GO:CC","U4/U6 x U5 tri-snRNP complex","GO:0046540","false","3.460976895703437e-19","18.460801299897433","1157","39","24","22155","SNRPA,SNRPB,SNRPD1,SNRPD2,SNRPD3,SNRPE,SNRPF,SNRPG,PRPF3,PRPF4,PRPF6,PRPF31,LSM2,LSM3,LSM4,LSM5,LSM6,LSM7,LSM8,PRPF8,SNRNP200,EFTUD2,TXNL4A,SNRNP40"
"GO:CC","spliceosomal tri-snRNP complex","GO:0097526","false","3.460976895703437e-19","18.460801299897433","1157","39","24","22155","SNRPA,SNRPB,SNRPD1,SNRPD2,SNRPD3,SNRPE,SNRPF,SNRPG,PRPF3,PRPF4,PRPF6,PRPF31,LSM2,LSM3,LSM4,LSM5,LSM6,LSM7,LSM8,PRPF8,SNRNP200,EFTUD2,TXNL4A,SNRNP40"
"GO:CC","intracellular organelle lumen","GO:0070013","false","1.8893625179972934e-18","17.723684704618858","6791","39","39","22155","SNRNP70,SNRPA,SNRPC,SNRPB,SNRPB2,SNRPD1,SNRPD2,SNRPD3,SNRPE,SNRPF,SNRPG,SF3A1,SF3A2,SF3A3,SF3B1,SF3B2,SF3B3,SF3B4,SF3B5,PHF5A,SNRPA1,PRPF3,PRPF4,PRPF6,PRPF31,SART3,LSM2,LSM3,LSM4,LSM5,LSM6,LSM7,LSM8,PRPF8,SNRNP200,EFTUD2,TXNL4A,SNRNP40,CWC27"
"GO:CC","organelle lumen","GO:0043233","false","1.8893625179972934e-18","17.723684704618858","6791","39","39","22155","SNRNP70,SNRPA,SNRPC,SNRPB,SNRPB2,SNRPD1,SNRPD2,SNRPD3,SNRPE,SNRPF,SNRPG,SF3A1,SF3A2,SF3A3,SF3B1,SF3B2,SF3B3,SF3B4,SF3B5,PHF5A,SNRPA1,PRPF3,PRPF4,PRPF6,PRPF31,SART3,LSM2,LSM3,LSM4,LSM5,LSM6,LSM7,LSM8,PRPF8,SNRNP200,EFTUD2,TXNL4A,SNRNP40,CWC27"
"GO:CC","membrane-enclosed lumen","GO:0031974","false","1.8893625179972934e-18","17.723684704618858","6791","39","39","22155","SNRNP70,SNRPA,SNRPC,SNRPB,SNRPB2,SNRPD1,SNRPD2,SNRPD3,SNRPE,SNRPF,SNRPG,SF3A1,SF3A2,SF3A3,SF3B1,SF3B2,SF3B3,SF3B4,SF3B5,PHF5A,SNRPA1,PRPF3,PRPF4,PRPF6,PRPF31,SART3,LSM2,LSM3,LSM4,LSM5,LSM6,LSM7,LSM8,PRPF8,SNRNP200,EFTUD2,TXNL4A,SNRNP40,CWC27"
"GO:CC","Lsm2-8 complex","GO:0120115","false","6.438206634828447e-18","17.19123508870576","7","39","7","22155","LSM2,LSM3,LSM4,LSM5,LSM6,LSM7,LSM8"
"GO:CC","catalytic complex","GO:1902494","false","2.8862256324482037e-17","16.539669720679516","1814","39","26","22155","SNRPB,SNRPB2,SNRPD1,SNRPD2,SNRPD3,SNRPE,SNRPF,SNRPG,SF3A1,SF3A2,SF3A3,SF3B1,SF3B2,SF3B3,SF3B5,SNRPA1,PRPF6,PRPF31,LSM2,LSM3,LSM7,PRPF8,SNRNP200,EFTUD2,SNRNP40,CWC27"
"GO:CC","nuclear ribonucleoprotein granule","GO:0140168","false","4.215265911427687e-17","16.375175023596032","530","39","18","22155","SNRNP70,SNRPC,SNRPB2,SF3A1,SF3A2,SF3A3,SF3B1,SF3B2,PHF5A,SNRPA1,PRPF3,PRPF4,PRPF6,PRPF31,SART3,PRPF8,EFTUD2,SNRNP40"
"GO:CC","nuclear speck","GO:0016607","false","4.484312723841732e-17","16.34830410849833","431","39","17","22155","SNRNP70,SNRPB2,SF3A1,SF3A2,SF3A3,SF3B1,SF3B2,PHF5A,SNRPA1,PRPF3,PRPF4,PRPF6,PRPF31,SART3,PRPF8,EFTUD2,SNRNP40"
"GO:CC","prespliceosome","GO:0071010","false","2.236138141680824e-16","15.650501370590383","17","39","8","22155","SNRNP70,SNRPC,SNRPB,SNRPG,SF3A1,SF3A2,SF3B1,LSM7"
"GO:CC","U2-type prespliceosome","GO:0071004","false","2.236138141680824e-16","15.650501370590383","17","39","8","22155","SNRNP70,SNRPC,SNRPB,SNRPG,SF3A1,SF3A2,SF3B1,LSM7"
"GO:CC","protein-containing complex","GO:0032991","false","1.0326909477197217e-15","14.98602962986647","7979","39","39","22155","SNRNP70,SNRPA,SNRPC,SNRPB,SNRPB2,SNRPD1,SNRPD2,SNRPD3,SNRPE,SNRPF,SNRPG,SF3A1,SF3A2,SF3A3,SF3B1,SF3B2,SF3B3,SF3B4,SF3B5,PHF5A,SNRPA1,PRPF3,PRPF4,PRPF6,PRPF31,SART3,LSM2,LSM3,LSM4,LSM5,LSM6,LSM7,LSM8,PRPF8,SNRNP200,EFTUD2,TXNL4A,SNRNP40,CWC27"
"GO:CC","methylosome","GO:0034709","false","1.0964420334628308e-14","13.960014323596743","13","39","7","22155","SNRPB,SNRPD1,SNRPD2,SNRPD3,SNRPE,SNRPF,SNRPG"
"GO:CC","nuclear body","GO:0016604","false","4.7295795029913893e-14","13.325177469758682","940","39","19","22155","SNRNP70,SNRPC,SNRPB2,SNRPD3,SF3A1,SF3A2,SF3A3,SF3B1,SF3B2,PHF5A,SNRPA1,PRPF3,PRPF4,PRPF6,PRPF31,SART3,PRPF8,EFTUD2,SNRNP40"
"GO:CC","U1 snRNP","GO:0005685","false","8.949480428073742e-14","13.048202177395876","135","39","11","22155","SNRNP70,SNRPA,SNRPC,SNRPB,SNRPB2,SNRPD1,SNRPD2,SNRPD3,SNRPE,SNRPF,SNRPG"
"GO:CC","SMN-Sm protein complex","GO:0034719","false","2.020578639217872e-13","12.694524242517161","18","39","7","22155","SNRPB,SNRPD1,SNRPD2,SNRPD3,SNRPE,SNRPF,SNRPG"
"GO:CC","supramolecular complex","GO:0099080","false","8.39679990146373e-13","12.075886196072908","1938","39","23","22155","SNRNP70,SNRPC,SNRPB2,SNRPG,SF3A1,SF3A2,SF3A3,SF3B1,SF3B2,PHF5A,SNRPA1,PRPF3,PRPF4,PRPF6,PRPF31,SART3,LSM2,LSM3,LSM4,LSM6,PRPF8,EFTUD2,SNRNP40"
"GO:CC","nucleus","GO:0005634","false","1.2700543645286359e-11","10.896177688721622","10153","39","39","22155","SNRNP70,SNRPA,SNRPC,SNRPB,SNRPB2,SNRPD1,SNRPD2,SNRPD3,SNRPE,SNRPF,SNRPG,SF3A1,SF3A2,SF3A3,SF3B1,SF3B2,SF3B3,SF3B4,SF3B5,PHF5A,SNRPA1,PRPF3,PRPF4,PRPF6,PRPF31,SART3,LSM2,LSM3,LSM4,LSM5,LSM6,LSM7,LSM8,PRPF8,SNRNP200,EFTUD2,TXNL4A,SNRNP40,CWC27"
"GO:CC","pICln-Sm protein complex","GO:0034715","false","1.6869230479435635e-11","10.772904728090023","6","39","5","22155","SNRPD1,SNRPD2,SNRPD3,SNRPE,SNRPF"
"GO:CC","U7 snRNP","GO:0005683","false","5.896678212451137e-11","10.22939257145399","7","39","5","22155","SNRPB,SNRPD3,SNRPE,SNRPF,SNRPG"
"GO:CC","U4 snRNP","GO:0005687","false","1.4436649494511756e-10","9.840533587575589","75","39","8","22155","SNRPB,SNRPD1,SNRPD2,SNRPD3,SNRPE,SNRPF,SNRPG,PRPF31"
"GO:CC","methyltransferase complex","GO:0034708","false","3.1158880458137695e-9","8.506418154965704","109","39","8","22155","SNRPB,SNRPD1,SNRPD2,SNRPD3,SNRPE,SNRPF,SNRPG,PRPF31"
"GO:CC","Lsm1-7-Pat1 complex","GO:1990726","false","8.897047053210754e-9","8.05075411260182","5","39","4","22155","LSM2,LSM3,LSM5,LSM7"
"GO:CC","Cajal body","GO:0015030","false","0.0000054579225700890945","5.262972629828008","103","39","6","22155","SNRPC,PRPF3,PRPF4,PRPF31,SART3,EFTUD2"
"GO:CC","commitment complex","GO:0000243","false","0.000010936449201136474","4.96112365996471","5","39","3","22155","SNRPC,SNRPD1,SNRPD3"
"GO:CC","intracellular membrane-bounded organelle","GO:0043231","false","0.00003283149478153049","4.48370934387462","14817","39","39","22155","SNRNP70,SNRPA,SNRPC,SNRPB,SNRPB2,SNRPD1,SNRPD2,SNRPD3,SNRPE,SNRPF,SNRPG,SF3A1,SF3A2,SF3A3,SF3B1,SF3B2,SF3B3,SF3B4,SF3B5,PHF5A,SNRPA1,PRPF3,PRPF4,PRPF6,PRPF31,SART3,LSM2,LSM3,LSM4,LSM5,LSM6,LSM7,LSM8,PRPF8,SNRNP200,EFTUD2,TXNL4A,SNRNP40,CWC27"
"GO:CC","membrane-bounded organelle","GO:0043227","false","0.0004900016359988818","3.3098024699631177","15879","39","39","22155","SNRNP70,SNRPA,SNRPC,SNRPB,SNRPB2,SNRPD1,SNRPD2,SNRPD3,SNRPE,SNRPF,SNRPG,SF3A1,SF3A2,SF3A3,SF3B1,SF3B2,SF3B3,SF3B4,SF3B5,PHF5A,SNRPA1,PRPF3,PRPF4,PRPF6,PRPF31,SART3,LSM2,LSM3,LSM4,LSM5,LSM6,LSM7,LSM8,PRPF8,SNRNP200,EFTUD2,TXNL4A,SNRNP40,CWC27"
"GO:CC","transferase complex","GO:1990234","false","0.0009687432789670672","3.013791297561908","959","39","10","22155","SNRPB,SNRPD1,SNRPD2,SNRPD3,SNRPE,SNRPF,SNRPG,SF3B3,SF3B5,PRPF31"
"GO:CC","intracellular organelle","GO:0043229","false","0.0010808589152728272","2.9662309908915203","16204","39","39","22155","SNRNP70,SNRPA,SNRPC,SNRPB,SNRPB2,SNRPD1,SNRPD2,SNRPD3,SNRPE,SNRPF,SNRPG,SF3A1,SF3A2,SF3A3,SF3B1,SF3B2,SF3B3,SF3B4,SF3B5,PHF5A,SNRPA1,PRPF3,PRPF4,PRPF6,PRPF31,SART3,LSM2,LSM3,LSM4,LSM5,LSM6,LSM7,LSM8,PRPF8,SNRNP200,EFTUD2,TXNL4A,SNRNP40,CWC27"
"GO:CC","cytoplasmic ribonucleoprotein granule","GO:0036464","false","0.0013792425937427825","2.8603593394385762","264","39","6","22155","SNRPB2,SNRPG,LSM2,LSM3,LSM4,LSM6"
"GO:CC","telomerase holoenzyme complex","GO:0005697","false","0.0016496692473123547","2.782603121523193","22","39","3","22155","SNRPB,SNRPD3,SNRPE"
"GO:CC","U4/U6 snRNP","GO:0071001","false","0.001966997818706778","2.7061961216892727","3","39","2","22155","PRPF4,SART3"
"GO:CC","intracellular membraneless organelle","GO:0043232","false","0.002243565597500653","2.649061228018101","7128","39","26","22155","SNRNP70,SNRPC,SNRPB2,SNRPD3,SNRPG,SF3A1,SF3A2,SF3A3,SF3B1,SF3B2,SF3B3,SF3B5,PHF5A,SNRPA1,PRPF3,PRPF4,PRPF6,PRPF31,SART3,LSM2,LSM3,LSM4,LSM6,PRPF8,EFTUD2,SNRNP40"
"GO:CC","membraneless organelle","GO:0043228","false","0.002243565597500653","2.649061228018101","7128","39","26","22155","SNRNP70,SNRPC,SNRPB2,SNRPD3,SNRPG,SF3A1,SF3A2,SF3A3,SF3B1,SF3B2,SF3B3,SF3B5,PHF5A,SNRPA1,PRPF3,PRPF4,PRPF6,PRPF31,SART3,LSM2,LSM3,LSM4,LSM6,PRPF8,EFTUD2,SNRNP40"
"GO:CC","P-body","GO:0000932","false","0.006188025319299416","2.2084479179834124","100","39","4","22155","LSM2,LSM3,LSM4,LSM6"
"GO:CC","organelle","GO:0043226","false","0.006917635121639066","2.1600423490631786","16993","39","39","22155","SNRNP70,SNRPA,SNRPC,SNRPB,SNRPB2,SNRPD1,SNRPD2,SNRPD3,SNRPE,SNRPF,SNRPG,SF3A1,SF3A2,SF3A3,SF3B1,SF3B2,SF3B3,SF3B4,SF3B5,PHF5A,SNRPA1,PRPF3,PRPF4,PRPF6,PRPF31,SART3,LSM2,LSM3,LSM4,LSM5,LSM6,LSM7,LSM8,PRPF8,SNRNP200,EFTUD2,TXNL4A,SNRNP40,CWC27"
"GO:CC","U2-type catalytic step 1 spliceosome","GO:0071006","false","0.04284244785404921","1.368125723201175","12","39","2","22155","PRPF8,SNRNP200"
"GO:CC","catalytic step 1 spliceosome","GO:0071012","false","0.04284244785404921","1.368125723201175","12","39","2","22155","PRPF8,SNRNP200"
"KEGG","Spliceosome","KEGG:03040","false","4.5610541294010715e-61","60.340934773634814","199","37","37","8716","SNRNP70,SNRPA,SNRPC,SNRPB,SNRPB2,SNRPD1,SNRPD2,SNRPD3,SNRPE,SNRPF,SNRPG,SF3A1,SF3A2,SF3A3,SF3B1,SF3B2,SF3B3,SF3B4,SF3B5,PHF5A,SNRPA1,PRPF3,PRPF4,PRPF6,PRPF31,LSM2,LSM3,LSM4,LSM5,LSM6,LSM7,LSM8,PRPF8,SNRNP200,EFTUD2,TXNL4A,SNRNP40"
"KEGG","RNA degradation","KEGG:03018","false","0.000002366325941144949","5.625925435240095","78","37","7","8716","LSM2,LSM3,LSM4,LSM5,LSM6,LSM7,LSM8"
"REAC","mRNA Splicing - Major Pathway","REAC:R-HSA-72163","false","8.291236739218013e-66","65.08138068429197","202","38","38","11056","SNRNP70,SNRPA,SNRPC,SNRPB,SNRPB2,SNRPD1,SNRPD2,SNRPD3,SNRPE,SNRPF,SNRPG,SF3A1,SF3A2,SF3A3,SF3B1,SF3B2,SF3B3,SF3B4,SF3B5,PHF5A,SNRPA1,PRPF3,PRPF4,PRPF6,PRPF31,LSM2,LSM3,LSM4,LSM5,LSM6,LSM7,LSM8,PRPF8,SNRNP200,EFTUD2,TXNL4A,SNRNP40,CWC27"
"REAC","mRNA Splicing","REAC:R-HSA-72172","false","3.4561855290808412e-65","64.46140295250872","209","38","38","11056","SNRNP70,SNRPA,SNRPC,SNRPB,SNRPB2,SNRPD1,SNRPD2,SNRPD3,SNRPE,SNRPF,SNRPG,SF3A1,SF3A2,SF3A3,SF3B1,SF3B2,SF3B3,SF3B4,SF3B5,PHF5A,SNRPA1,PRPF3,PRPF4,PRPF6,PRPF31,LSM2,LSM3,LSM4,LSM5,LSM6,LSM7,LSM8,PRPF8,SNRNP200,EFTUD2,TXNL4A,SNRNP40,CWC27"
"REAC","Processing of Capped Intron-Containing Pre-mRNA","REAC:R-HSA-72203","false","3.346243317781174e-60","59.4754424830605","276","38","38","11056","SNRNP70,SNRPA,SNRPC,SNRPB,SNRPB2,SNRPD1,SNRPD2,SNRPD3,SNRPE,SNRPF,SNRPG,SF3A1,SF3A2,SF3A3,SF3B1,SF3B2,SF3B3,SF3B4,SF3B5,PHF5A,SNRPA1,PRPF3,PRPF4,PRPF6,PRPF31,LSM2,LSM3,LSM4,LSM5,LSM6,LSM7,LSM8,PRPF8,SNRNP200,EFTUD2,TXNL4A,SNRNP40,CWC27"
"REAC","Metabolism of RNA","REAC:R-HSA-8953854","false","6.918935371542227e-44","43.159960726039614","710","38","38","11056","SNRNP70,SNRPA,SNRPC,SNRPB,SNRPB2,SNRPD1,SNRPD2,SNRPD3,SNRPE,SNRPF,SNRPG,SF3A1,SF3A2,SF3A3,SF3B1,SF3B2,SF3B3,SF3B4,SF3B5,PHF5A,SNRPA1,PRPF3,PRPF4,PRPF6,PRPF31,LSM2,LSM3,LSM4,LSM5,LSM6,LSM7,LSM8,PRPF8,SNRNP200,EFTUD2,TXNL4A,SNRNP40,CWC27"
"REAC","mRNA Splicing - Minor Pathway","REAC:R-HSA-72165","false","8.999797352885678e-32","31.045767269395604","48","38","18","11056","SNRPB,SNRPD1,SNRPD2,SNRPD3,SNRPE,SNRPF,SNRPG,SF3B1,SF3B2,SF3B3,SF3B4,SF3B5,PRPF6,PRPF8,SNRNP200,EFTUD2,TXNL4A,SNRNP40"
"REAC","mRNA decay by 5' to 3' exoribonuclease","REAC:R-HSA-430039","false","1.9325449071441968e-9","8.713870405457078","15","38","6","11056","LSM2,LSM3,LSM4,LSM5,LSM6,LSM7"
"REAC","SLBP independent Processing of Histone Pre-mRNAs","REAC:R-HSA-111367","false","3.2909291197323476e-8","7.482681471470627","10","38","5","11056","SNRPB,SNRPD3,SNRPE,SNRPF,SNRPG"
"REAC","SLBP Dependent Processing of Replication-Dependent Histone Pre-mRNAs","REAC:R-HSA-77588","false","6.01835577556587e-8","7.220522142485272","11","38","5","11056","SNRPB,SNRPD3,SNRPE,SNRPF,SNRPG"
"REAC","Metabolism of non-coding RNA","REAC:R-HSA-194441","false","1.1880438037926796e-7","6.925167546396294","51","38","7","11056","SNRPB,SNRPD1,SNRPD2,SNRPD3,SNRPE,SNRPF,SNRPG"
"REAC","SARS-CoV-2 modulates host translation machinery","REAC:R-HSA-9754678","false","1.1880438037926796e-7","6.925167546396294","51","38","7","11056","SNRPB,SNRPD1,SNRPD2,SNRPD3,SNRPE,SNRPF,SNRPG"
"REAC","snRNP Assembly","REAC:R-HSA-191859","false","1.1880438037926796e-7","6.925167546396294","51","38","7","11056","SNRPB,SNRPD1,SNRPD2,SNRPD3,SNRPE,SNRPF,SNRPG"
"REAC","Deadenylation-dependent mRNA decay","REAC:R-HSA-429914","false","0.000011321367335009973","4.94610111818408","56","38","6","11056","LSM2,LSM3,LSM4,LSM5,LSM6,LSM7"
"REAC","Processing of Capped Intronless Pre-mRNA","REAC:R-HSA-75067","false","0.000012271687424010198","4.91109571530484","28","38","5","11056","SNRPB,SNRPD3,SNRPE,SNRPF,SNRPG"
"REAC","RNA Polymerase II Transcription Termination","REAC:R-HSA-73856","false","0.0009405203567901183","3.0266318000647554","65","38","5","11056","SNRPB,SNRPD3,SNRPE,SNRPF,SNRPG"
"REAC","SARS-CoV-2-host interactions","REAC:R-HSA-9705683","false","0.0014677668441302714","2.8333429269469916","197","38","7","11056","SNRPB,SNRPD1,SNRPD2,SNRPD3,SNRPE,SNRPF,SNRPG"
"REAC","SARS-CoV-2 Infection","REAC:R-HSA-9694516","false","0.01888322008166541","1.7239239451833674","292","38","7","11056","SNRPB,SNRPD1,SNRPD2,SNRPD3,SNRPE,SNRPF,SNRPG"
"WP","mRNA processing","WP:WP411","false","5.32417471366776e-51","50.273747701518765","126","31","29","8899","SNRNP70,SNRPA,SNRPB,SNRPB2,SNRPD1,SNRPD2,SNRPD3,SNRPE,SNRPF,SNRPG,SF3A1,SF3A2,SF3A3,SF3B1,SF3B2,SF3B3,SF3B4,SF3B5,PHF5A,SNRPA1,PRPF3,PRPF4,PRPF6,LSM2,LSM7,PRPF8,EFTUD2,TXNL4A,SNRNP40"
"WP","22q11 2 distal CNV","WP:WP5546","false","8.952543262851392e-32","31.048053571598132","139","31","22","8899","SNRPB,SNRPB2,SNRPD1,SNRPD2,SNRPD3,SNRPE,SNRPF,SNRPG,SF3A1,SF3A2,SF3A3,SF3B1,SF3B2,SF3B3,SF3B4,SF3B5,PHF5A,SNRPA1,PRPF8,SNRNP200,EFTUD2,SNRNP40"
"TF","Factor: Erg; motif: NACCGGAARYN; match class: 1","TF:M11392_1","false","9.491751968815625e-9","8.022653618956817","3335","39","26","20093","SNRPA,SNRPC,SNRPB,SNRPB2,SNRPD1,SNRPD2,SNRPD3,SNRPE,SNRPG,SF3A1,SF3A2,SF3A3,SF3B1,SF3B2,SF3B3,SF3B5,PHF5A,SNRPA1,PRPF3,PRPF4,PRPF6,PRPF31,LSM3,LSM5,SNRNP200,CWC27"
"TF","Factor: Erg; motif: ACCGGAAGTN; match class: 1","TF:M02062_1","false","1.6020435560045357e-7","6.795325680589311","2793","39","23","20093","SNRPA,SNRPC,SNRPB,SNRPB2,SNRPD1,SNRPD2,SNRPD3,SNRPE,SNRPG,SF3A1,SF3A3,SF3B1,SF3B2,SF3B3,SF3B5,PHF5A,SNRPA1,PRPF3,PRPF4,PRPF6,PRPF31,LSM5,SNRNP200"
"TF","Factor: Elf-1; motif: NAMCCGGAAGTN; match class: 1","TF:M11447_1","false","4.969470899995106e-7","6.3036898481770685","2652","39","22","20093","SNRPC,SNRPB,SNRPB2,SNRPD1,SNRPD2,SNRPD3,SNRPE,SNRPG,SF3A1,SF3A2,SF3A3,SF3B1,SF3B2,SF3B3,SF3B5,PHF5A,SNRPA1,PRPF4,PRPF6,LSM4,LSM5,SNRNP200"
"TF","Factor: FLI1; motif: ACCGGAARTN; match class: 1","TF:M03988_1","false","7.701351694791629e-7","6.113433043389867","3015","39","23","20093","SNRPA,SNRPC,SNRPB,SNRPB2,SNRPD1,SNRPD2,SNRPD3,SNRPE,SNRPG,SF3A1,SF3A3,SF3B1,SF3B2,PHF5A,SNRPA1,PRPF3,PRPF4,PRPF6,PRPF31,LSM3,LSM5,SNRNP200,CWC27"
"TF","Factor: Elf-1; motif: NANCCGGAAGTN; match class: 1","TF:M11451_1","false","8.145144642607653e-7","6.089101199025381","2161","39","20","20093","SNRPC,SNRPB,SNRPB2,SNRPD1,SNRPD2,SNRPD3,SNRPE,SNRPG,SF3A3,SF3B1,SF3B2,SF3B3,SF3B5,PHF5A,SNRPA1,PRPF4,PRPF6,LSM4,LSM5,SNRNP200"
"TF","Factor: ER71; motif: ACCGGAARYN; match class: 1","TF:M02067_1","false","8.269266330027969e-7","6.0825330204298895","1667","39","18","20093","SNRPC,SNRPB,SNRPB2,SNRPD1,SNRPD3,SNRPE,SNRPG,SF3A3,SF3B1,SF3B2,SF3B3,SF3B5,PRPF4,PRPF6,PRPF31,LSM3,LSM5,SNRNP200"
"TF","Factor: SAP-1; motif: NNCCGGAAGTGN; match class: 1","TF:M09905_1","false","0.0000010347812168200582","5.985151463126577","3059","39","23","20093","SNRPC,SNRPB,SNRPB2,SNRPD1,SNRPD2,SNRPD3,SNRPE,SNRPG,SF3A1,SF3A2,SF3A3,SF3B1,SF3B2,PHF5A,SNRPA1,PRPF4,PRPF6,PRPF31,LSM3,LSM5,LSM8,SNRNP200,CWC27"
"TF","Factor: c-ets-1; motif: ACCGGAWGTN; match class: 1","TF:M02063_1","false","0.0000011193051558965695","5.9510514957282314","2474","39","21","20093","SNRPA,SNRPC,SNRPB,SNRPB2,SNRPD1,SNRPD2,SNRPD3,SNRPE,SNRPG,SF3A3,SF3B1,SF3B2,SF3B3,SF3B5,PHF5A,SNRPA1,PRPF3,PRPF4,PRPF6,LSM5,SNRNP200"
"TF","Factor: Elk-1; motif: NNNNCCGGAARTNN; match class: 1","TF:M00025_1","false","0.0000016546994093689943","5.781280888117234","4544","39","27","20093","SNRPA,SNRPC,SNRPB,SNRPB2,SNRPD1,SNRPD2,SNRPD3,SNRPE,SNRPG,SF3A1,SF3A2,SF3A3,SF3B1,SF3B2,SF3B3,SF3B5,PHF5A,SNRPA1,PRPF3,PRPF4,PRPF6,PRPF31,LSM3,LSM5,LSM8,SNRNP200,CWC27"
"TF","Factor: ETV7; motif: NCCGGAANNN; match class: 1","TF:M02071_1","false","0.0000020477826813144545","5.6887161342751975","4585","39","27","20093","SNRPA,SNRPC,SNRPB,SNRPB2,SNRPD1,SNRPD2,SNRPD3,SNRPE,SNRPG,SF3A1,SF3A2,SF3A3,SF3B1,SF3B2,SF3B3,SF3B5,PHF5A,SNRPA1,PRPF3,PRPF4,PRPF6,PRPF31,LSM3,LSM5,LSM8,SNRNP200,CWC27"
"TF","Factor: PEA3; motif: RCCGGAAGYN; match class: 1","TF:M02066_1","false","0.000003072678204515385","5.512482920160509","2328","39","20","20093","SNRPC,SNRPB,SNRPB2,SNRPD1,SNRPD2,SNRPD3,SNRPE,SNRPG,SF3A3,SF3B1,SF3B2,SF3B3,SF3B5,PHF5A,PRPF3,PRPF4,PRPF6,PRPF31,LSM5,SNRNP200"
"TF","Factor: Fli-1; motif: NACCGGAARTN; match class: 1","TF:M11404_1","false","0.000003574694854690862","5.446761024794377","3252","39","23","20093","SNRPA,SNRPC,SNRPB,SNRPB2,SNRPD1,SNRPD2,SNRPD3,SNRPE,SNRPG,SF3A1,SF3A3,SF3B1,SF3B2,PHF5A,SNRPA1,PRPF3,PRPF4,PRPF6,PRPF31,LSM3,LSM5,SNRNP200,CWC27"
"TF","Factor: Fli-1; motif: NACCGGAARTN; match class: 1","TF:M11400_1","false","0.00000381799991274026","5.418164085868079","4319","39","26","20093","SNRPA,SNRPC,SNRPB,SNRPB2,SNRPD1,SNRPD2,SNRPD3,SNRPE,SNRPG,SF3A1,SF3A2,SF3A3,SF3B1,SF3B2,SF3B3,SF3B5,PHF5A,SNRPA1,PRPF3,PRPF4,PRPF6,PRPF31,LSM3,LSM5,SNRNP200,CWC27"
"TF","Factor: ER81; motif: NNCCGGAWGYN; match class: 1","TF:M11419_1","false","0.000005628516601874935","5.2496060485778715","1634","39","17","20093","SNRPB,SNRPB2,SNRPD1,SNRPD2,SNRPD3,SNRPE,SNRPG,SF3A3,SF3B1,SF3B2,SF3B3,SF3B5,SNRPA1,PRPF4,PRPF6,LSM5,SNRNP200"
"TF","Factor: ETS1; motif: ACCGGAARYN; match class: 1","TF:M03977_1","false","0.0000060705005627477106","5.2167754962927715","4801","39","27","20093","SNRPA,SNRPC,SNRPB,SNRPB2,SNRPD1,SNRPD2,SNRPD3,SNRPE,SNRPG,SF3A1,SF3A2,SF3A3,SF3B1,SF3B2,SF3B3,SF3B5,PHF5A,SNRPA1,PRPF3,PRPF4,PRPF6,PRPF31,LSM3,LSM5,LSM8,SNRNP200,CWC27"
"TF","Factor: ERG; motif: ACCGGAARTN; match class: 1","TF:M03975_1","false","0.000011567350266581694","4.936766113511074","4156","39","25","20093","SNRPA,SNRPC,SNRPB,SNRPB2,SNRPD1,SNRPD2,SNRPD3,SNRPE,SNRPG,SF3A1,SF3A3,SF3B1,SF3B2,SF3B3,SF3B5,PHF5A,SNRPA1,PRPF3,PRPF4,PRPF6,PRPF31,LSM3,LSM5,SNRNP200,CWC27"
"TF","Factor: ERG; motif: ACCGGAART; match class: 1","TF:M01752_1","false","0.000013004931170954349","4.885891941980513","3815","39","24","20093","SNRPA,SNRPC,SNRPB,SNRPB2,SNRPD1,SNRPD2,SNRPD3,SNRPE,SNRPG,SF3A1,SF3A3,SF3B1,SF3B2,SF3B3,SF3B5,PHF5A,SNRPA1,PRPF3,PRPF4,PRPF6,PRPF31,LSM3,LSM5,SNRNP200"
"TF","Factor: Fli-1; motif: ACCGGAAGYN; match class: 1","TF:M02073_1","false","0.000017285956096263194","4.762306594377413","1521","39","16","20093","SNRPB,SNRPB2,SNRPD1,SNRPD3,SNRPE,SNRPG,SF3A1,SF3A3,SF3B2,SNRPA1,PRPF3,PRPF4,PRPF6,LSM5,SNRNP200,CWC27"
"TF","Factor: Erm; motif: NNSCGGAWGYN; match class: 1","TF:M11424_1","false","0.00002311344350830286","4.63613534724062","2915","39","21","20093","SNRPA,SNRPC,SNRPB,SNRPB2,SNRPD1,SNRPD2,SNRPD3,SNRPE,SNRPG,SF3A3,SF3B1,SF3B2,SF3B3,SF3B5,PHF5A,SNRPA1,PRPF4,PRPF6,LSM4,LSM5,SNRNP200"
"TF","Factor: ELF1; motif: NNNASCCGGAAGTGGNNNN; match class: 1","TF:M12600_1","false","0.000028086473558684008","4.551502785901523","3268","39","22","20093","SNRPA,SNRPC,SNRPB,SNRPB2,SNRPD1,SNRPD2,SNRPD3,SNRPE,SNRPG,SF3A3,SF3B1,SF3B2,SF3B3,SF3B4,SF3B5,PHF5A,SNRPA1,PRPF4,PRPF6,LSM4,LSM5,SNRNP200"
"TF","Factor: c-Ets-1; motif: NNNRCCGGAWRYNNNN; match class: 1","TF:M01078_1","false","0.00007976199275502882","4.098204004248786","2504","39","19","20093","SNRPC,SNRPB,SNRPB2,SNRPD1,SNRPD2,SNRPD3,SNRPE,SNRPG,SF3A3,SF3B1,SF3B2,SF3B3,SF3B5,PHF5A,SNRPA1,PRPF4,PRPF6,LSM5,SNRNP200"
"TF","Factor: FLI-1; motif: NAYTTCCGGT; match class: 1","TF:M08913_1","false","0.00008035629505817746","4.094980095229938","3123","39","21","20093","SNRPC,SNRPB,SNRPB2,SNRPD1,SNRPD2,SNRPD3,SNRPE,SNRPG,SF3A1,SF3A3,SF3B1,SF3B2,PHF5A,SNRPA1,PRPF3,PRPF4,PRPF6,PRPF31,LSM3,LSM5,SNRNP200"
"TF","Factor: ELK-1; motif: ACCGGAAGTN; match class: 1","TF:M02059_1","false","0.00010758401331423008","3.968252258829837","3861","39","23","20093","SNRPC,SNRPB,SNRPB2,SNRPD1,SNRPD2,SNRPD3,SNRPE,SNRPG,SF3A1,SF3A3,SF3B1,SF3B2,SF3B3,SF3B5,PHF5A,SNRPA1,PRPF3,PRPF4,PRPF6,PRPF31,LSM4,LSM5,SNRNP200"
"TF","Factor: ELF2; motif: CCCGGAARYN","TF:M02054","false","0.00011953001590922693","3.922523022691851","3193","39","21","20093","SNRPC,SNRPB,SNRPB2,SNRPD1,SNRPD3,SNRPE,SNRPG,SF3A1,SF3A2,SF3A3,SF3B1,SF3B2,SF3B3,SF3B4,SF3B5,PHF5A,SNRPA1,PRPF4,PRPF6,LSM5,SNRNP200"
"TF","Factor: Erg; motif: NACCGGAARTN; match class: 1","TF:M11396_1","false","0.00014922719350344703","3.8261520286571513","5090","39","26","20093","SNRPA,SNRPC,SNRPB,SNRPB2,SNRPD1,SNRPD2,SNRPD3,SNRPE,SNRPG,SF3A1,SF3A2,SF3A3,SF3B1,SF3B2,SF3B3,SF3B5,PHF5A,SNRPA1,PRPF3,PRPF4,PRPF6,PRPF31,LSM3,LSM5,SNRNP200,CWC27"
"TF","Factor: Fli-1; motif: ACCGGAAGYN","TF:M02073","false","0.00023968416116648211","3.620360664110992","6076","39","28","20093","SNRPA,SNRPC,SNRPB,SNRPB2,SNRPD1,SNRPD3,SNRPE,SNRPG,SF3A1,SF3A2,SF3A3,SF3B1,SF3B2,SF3B3,SF3B4,SF3B5,PHF5A,SNRPA1,PRPF3,PRPF4,PRPF6,PRPF31,SART3,LSM3,LSM5,LSM8,SNRNP200,CWC27"
"TF","Factor: GABP-alpha; motif: CTTCCK; match class: 1","TF:M01660_1","false","0.0002598728857125696","3.5852390310018865","5221","39","26","20093","SNRPA,SNRPC,SNRPB,SNRPB2,SNRPD1,SNRPD2,SNRPD3,SNRPE,SNRPG,SF3A1,SF3A3,SF3B1,SF3B2,SF3B3,SF3B4,SF3B5,PHF5A,SNRPA1,PRPF3,PRPF4,PRPF6,PRPF31,LSM4,LSM5,SNRNP200,EFTUD2"
"TF","Factor: ER71; motif: ACCGGAARYN","TF:M02067","false","0.0003412635940728631","3.466910039692605","6168","39","28","20093","SNRNP70,SNRPC,SNRPB,SNRPB2,SNRPD1,SNRPD2,SNRPD3,SNRPE,SNRPG,SF3A1,SF3A2,SF3A3,SF3B1,SF3B2,SF3B3,SF3B4,SF3B5,PHF5A,SNRPA1,PRPF3,PRPF4,PRPF6,PRPF31,LSM3,LSM5,LSM8,SNRNP200,CWC27"
"TF","Factor: EHF; motif: CSCGGAARTN; match class: 1","TF:M02052_1","false","0.00040851084453531376","3.388796409977755","4137","39","23","20093","SNRPA,SNRPC,SNRPB,SNRPB2,SNRPD1,SNRPD3,SNRPE,SNRPG,SF3A2,SF3A3,SF3B1,SF3B2,SF3B3,SF3B4,SF3B5,PHF5A,SNRPA1,PRPF3,PRPF4,PRPF6,LSM4,LSM5,SNRNP200"
"TF","Factor: ELF1; motif: NCCGGAARTN","TF:M02053","false","0.00042815443395873617","3.368399554073961","6228","39","28","20093","SNRPA,SNRPC,SNRPB,SNRPB2,SNRPD1,SNRPD2,SNRPD3,SNRPE,SNRPG,SF3A1,SF3A2,SF3A3,SF3B1,SF3B2,SF3B3,SF3B4,SF3B5,PHF5A,SNRPA1,PRPF3,PRPF4,PRPF6,PRPF31,LSM3,LSM5,PRPF8,SNRNP200,CWC27"
"TF","Factor: PEA3; motif: NACCGGAAGTN","TF:M11425","false","0.00046252159102338136","3.334867989101276","7735","39","31","20093","SNRNP70,SNRPA,SNRPC,SNRPB,SNRPB2,SNRPD1,SNRPD2,SNRPD3,SNRPE,SNRPG,SF3A1,SF3A3,SF3B1,SF3B2,SF3B3,SF3B4,SF3B5,PHF5A,SNRPA1,PRPF3,PRPF4,PRPF6,PRPF31,SART3,LSM3,LSM4,LSM5,LSM7,LSM8,SNRNP200,SNRNP40"
"TF","Factor: Elf-1; motif: NANSCGGAAGTR","TF:M11450","false","0.000559374303284527","3.2522974882649267","5845","39","27","20093","SNRNP70,SNRPC,SNRPB,SNRPB2,SNRPD1,SNRPD2,SNRPD3,SNRPE,SF3A1,SF3A2,SF3A3,SF3B1,SF3B2,SF3B3,SF3B4,SF3B5,PHF5A,SNRPA1,PRPF3,PRPF4,PRPF6,LSM4,LSM5,LSM7,SNRNP200,EFTUD2,TXNL4A"
"TF","Factor: ETV4; motif: ACCGGAAGTN; match class: 1","TF:M13031_1","false","0.0006048209342816233","3.2183731852885162","5010","39","25","20093","SNRPA,SNRPC,SNRPB,SNRPB2,SNRPD1,SNRPD2,SNRPD3,SNRPE,SNRPG,SF3A1,SF3A3,SF3B1,SF3B2,SF3B3,SF3B5,PHF5A,SNRPA1,PRPF3,PRPF4,PRPF6,PRPF31,LSM3,LSM5,SNRNP200,CWC27"
"TF","Factor: Elk-1; motif: NNCCGGAAGTN; match class: 1","TF:M11435_1","false","0.0006061842293288438","3.217395366557233","5866","39","27","20093","SNRPA,SNRPC,SNRPB,SNRPB2,SNRPD1,SNRPD2,SNRPD3,SNRPE,SNRPG,SF3A1,SF3A2,SF3A3,SF3B1,SF3B2,SF3B3,SF3B4,SF3B5,PHF5A,SNRPA1,PRPF3,PRPF4,PRPF6,PRPF31,LSM4,LSM5,SNRNP200,EFTUD2"
"TF","Factor: c-Ets-1; motif: NNNRCCGGAWRYNNNN","TF:M01078","false","0.0006526528880733786","3.185317735838139","7837","39","31","20093","SNRNP70,SNRPA,SNRPC,SNRPB,SNRPB2,SNRPD1,SNRPD2,SNRPD3,SNRPE,SNRPF,SNRPG,SF3A1,SF3A2,SF3A3,SF3B1,SF3B2,SF3B3,SF3B4,SF3B5,PHF5A,SNRPA1,PRPF3,PRPF4,PRPF6,PRPF31,LSM3,LSM4,LSM5,LSM8,SNRNP200,EFTUD2"
"TF","Factor: Elk-1; motif: RACCGGAAGTR; match class: 1","TF:M01165_1","false","0.0007800224223384346","3.1078929130045316","2276","39","17","20093","SNRPA,SNRPB,SNRPB2,SNRPD1,SNRPD3,SNRPE,SNRPG,SF3A3,SF3B1,SF3B2,SF3B3,SF3B4,PHF5A,SNRPA1,PRPF4,LSM5,SNRNP200"
"TF","Factor: Erm; motif: ACCGGAAGTN; match class: 1","TF:M02069_1","false","0.0008163716257075029","3.088112098288165","2002","39","16","20093","SNRPC,SNRPB,SNRPB2,SNRPD1,SNRPD3,SNRPE,SNRPG,SF3A1,SF3A3,SF3B2,PHF5A,SNRPA1,PRPF4,PRPF6,LSM5,SNRNP200"
"TF","Factor: ER81; motif: RCCGGAARYN; match class: 1","TF:M02065_1","false","0.00090647370415704","3.042644789809108","6911","39","29","20093","SNRPC,SNRPB,SNRPB2,SNRPD1,SNRPD2,SNRPD3,SNRPE,SNRPG,SF3A1,SF3A2,SF3A3,SF3B1,SF3B2,SF3B3,SF3B4,SF3B5,PHF5A,SNRPA1,PRPF3,PRPF4,PRPF6,PRPF31,LSM3,LSM4,LSM5,LSM8,SNRNP200,EFTUD2,CWC27"
"TF","Factor: PEA3; motif: NACCGGAAGTN; match class: 1","TF:M11427_1","false","0.0009090557530319684","3.0414094803736202","4704","39","24","20093","SNRPA,SNRPC,SNRPB,SNRPB2,SNRPD1,SNRPD2,SNRPD3,SNRPE,SNRPG,SF3A1,SF3A3,SF3B1,SF3B2,SF3B3,SF3B5,PHF5A,SNRPA1,PRPF3,PRPF4,PRPF6,PRPF31,LSM4,LSM5,SNRNP200"
"TF","Factor: c-ets-2; motif: ACCGGAWRTN; match class: 1","TF:M02064_1","false","0.0009440195185855807","3.0250190261189034","4713","39","24","20093","SNRPA,SNRPC,SNRPB,SNRPB2,SNRPD1,SNRPD2,SNRPD3,SNRPE,SNRPG,SF3A1,SF3A3,SF3B1,SF3B2,SF3B3,SF3B4,SF3B5,SNRPA1,PRPF3,PRPF4,PRPF6,PRPF31,LSM5,SNRNP200,CWC27"
"TF","Factor: Elk-1; motif: NACMGGAAGTN","TF:M11432","false","0.0009538587456825299","3.020515934009402","6446","39","28","20093","SNRPA,SNRPC,SNRPB,SNRPB2,SNRPD1,SNRPD2,SNRPE,SNRPG,SF3A1,SF3A2,SF3A3,SF3B1,SF3B2,SF3B3,SF3B4,PHF5A,SNRPA1,PRPF4,PRPF6,PRPF31,SART3,LSM3,LSM5,LSM7,LSM8,SNRNP200,EFTUD2,SNRNP40"
"TF","Factor: Elf-1; motif: NANGCGGAAGTR","TF:M11452","false","0.0010545288899308511","2.976941517806255","6474","39","28","20093","SNRNP70,SNRPC,SNRPB,SNRPB2,SNRPD1,SNRPD2,SNRPD3,SNRPE,SNRPG,SF3A1,SF3A2,SF3A3,SF3B1,SF3B2,SF3B3,SF3B4,SF3B5,PHF5A,SNRPA1,PRPF3,PRPF4,PRPF6,LSM4,LSM5,LSM7,SNRNP200,EFTUD2,TXNL4A"
"TF","Factor: GABPalpha; motif: RCCGGAWRYN","TF:M02074","false","0.0011432250439508474","2.941868270282057","4759","39","24","20093","SNRPC,SNRPB,SNRPB2,SNRPD1,SNRPD3,SNRPE,SNRPG,SF3A1,SF3A2,SF3A3,SF3B2,SF3B3,SF3B4,PHF5A,SNRPA1,PRPF3,PRPF4,PRPF6,PRPF31,SART3,LSM3,LSM5,SNRNP200,CWC27"
"TF","Factor: ETV4; motif: ACCGGAAGTN; match class: 1","TF:M03982_1","false","0.0012140401992611904","2.915766932677344","2061","39","16","20093","SNRPC,SNRPB,SNRPB2,SNRPD1,SNRPD2,SNRPE,SNRPG,SF3A3,SF3B1,SF3B2,PHF5A,SNRPA1,PRPF4,PRPF6,LSM5,SNRNP200"
"TF","Factor: ETV5; motif: ACCGGAAGTN; match class: 1","TF:M13032_1","false","0.0013203868783605772","2.8792988002186655","3660","39","21","20093","SNRPA,SNRPC,SNRPB,SNRPB2,SNRPD1,SNRPD2,SNRPD3,SNRPE,SNRPG,SF3A1,SF3A3,SF3B1,SF3B2,PHF5A,SNRPA1,PRPF3,PRPF4,PRPF6,PRPF31,LSM5,SNRNP200"
"TF","Factor: FLI-1; motif: NAYTTCCGGT","TF:M08913","false","0.0014166041165951937","2.8487515004933126","8627","39","32","20093","SNRNP70,SNRPA,SNRPC,SNRPB,SNRPB2,SNRPD1,SNRPD2,SNRPD3,SNRPE,SNRPF,SNRPG,SF3A1,SF3A2,SF3A3,SF3B1,SF3B2,SF3B3,SF3B4,SF3B5,PHF5A,SNRPA1,PRPF3,PRPF4,PRPF6,PRPF31,SART3,LSM3,LSM4,LSM5,LSM8,SNRNP200,CWC27"
"TF","Factor: Elk-1; motif: NRSCGGAAGNN; match class: 1","TF:M11434_1","false","0.0015277962703037615","2.8159345545181","3008","39","19","20093","SNRPB,SNRPB2,SNRPD1,SNRPD2,SNRPD3,SNRPE,SNRPG,SF3A3,SF3B1,SF3B2,SF3B3,SF3B5,PHF5A,PRPF4,PRPF6,LSM4,LSM5,SNRNP200,EFTUD2"
"TF","Factor: ERF; motif: ACCGGAARYN","TF:M02061","false","0.0015842568959429956","2.8001743938044443","2391","39","17","20093","SNRNP70,SNRPB,SNRPB2,SNRPD1,SNRPD2,SNRPE,SNRPG,SF3A3,SF3B1,SF3B2,SF3B3,PHF5A,SNRPA1,PRPF3,PRPF6,LSM3,LSM5"
"TF","Factor: c-Ets-1(p54); motif: NCMGGAWGYN","TF:M00032","false","0.0016628729163118145","2.7791409401090776","8123","39","31","20093","SNRPA,SNRPC,SNRPB,SNRPB2,SNRPD1,SNRPD2,SNRPD3,SNRPE,SNRPG,SF3A1,SF3A2,SF3A3,SF3B1,SF3B2,SF3B3,SF3B4,SF3B5,PHF5A,SNRPA1,PRPF3,PRPF4,PRPF6,PRPF31,SART3,LSM3,LSM5,LSM7,LSM8,SNRNP200,EFTUD2,SNRNP40"
"TF","Factor: E2F-4; motif: NNTTCCCGCCNN","TF:M04823","false","0.0016767424910231739","2.775533629889355","12920","39","38","20093","SNRNP70,SNRPA,SNRPC,SNRPB,SNRPB2,SNRPD1,SNRPD2,SNRPD3,SNRPE,SNRPF,SNRPG,SF3A1,SF3A2,SF3A3,SF3B1,SF3B2,SF3B3,SF3B4,SF3B5,PHF5A,SNRPA1,PRPF3,PRPF4,PRPF6,PRPF31,SART3,LSM2,LSM3,LSM4,LSM6,LSM7,LSM8,PRPF8,SNRNP200,EFTUD2,TXNL4A,SNRNP40,CWC27"
"TF","Factor: PEA3; motif: NACCGGAAGTN; match class: 1","TF:M11425_1","false","0.0018379984468964085","2.7356548599273856","2416","39","17","20093","SNRPA,SNRPC,SNRPB,SNRPB2,SNRPD1,SNRPD2,SNRPE,SNRPG,SF3A3,SF3B1,SF3B2,PHF5A,SNRPA1,PRPF4,PRPF6,SART3,SNRNP200"
"TF","Factor: ELK1; motif: ACCGGAAGTN; match class: 1","TF:M03970_1","false","0.002320471658807528","2.634423731489151","1144","39","12","20093","SNRPA,SNRPB,SNRPB2,SNRPD1,SNRPE,SNRPG,SF3A3,SF3B1,SF3B2,PRPF4,PRPF6,SNRNP200"
"TF","Factor: Elf-1; motif: AWCCCGGAAGTN; match class: 1","TF:M07415_1","false","0.0023221874053342005","2.634102734718763","2456","39","17","20093","SNRPA,SNRPC,SNRPB,SNRPB2,SNRPD1,SNRPD3,SNRPE,SNRPG,SF3A1,SF3A3,SF3B2,SF3B3,PHF5A,SNRPA1,PRPF4,PRPF6,SNRNP200"
"TF","Factor: ELF4; motif: NCCACTTCCGGNNNN; match class: 1","TF:M12601_1","false","0.0026236901767219384","2.581087450730933","1637","39","14","20093","SNRPB,SNRPB2,SNRPD1,SNRPD2,SNRPE,SNRPG,SF3A3,SF3B2,SF3B4,SNRPA1,PRPF4,PRPF6,LSM5,SNRNP200"
"TF","Factor: GABP-ALPHA; motif: RCCGGAARTNN","TF:M08917","false","0.0030635825327162826","2.513770415309033","2817","39","18","20093","SNRPC,SNRPB,SNRPB2,SNRPD1,SNRPE,SNRPG,SF3A1,SF3A2,SF3A3,SF3B2,SF3B3,SF3B4,PHF5A,SNRPA1,PRPF4,PRPF6,LSM3,LSM5"
"TF","Factor: PEA3; motif: NACCGGAAGTN; match class: 1","TF:M11430_1","false","0.003096361086048757","2.5091483992377346","5008","39","24","20093","SNRPA,SNRPC,SNRPB,SNRPB2,SNRPD1,SNRPD2,SNRPD3,SNRPE,SNRPG,SF3A1,SF3A3,SF3B1,SF3B2,SF3B3,SF3B5,PHF5A,SNRPA1,PRPF3,PRPF4,PRPF6,PRPF31,LSM4,LSM5,SNRNP200"
"TF","Factor: ESE-1; motif: NWTRCGGAWGCN; match class: 1","TF:M11382_1","false","0.0032149012302177186","2.4928323651442197","4227","39","22","20093","SNRPA,SNRPC,SNRPB,SNRPB2,SNRPD1,SNRPD2,SNRPE,SNRPF,SF3A1,SF3A2,SF3A3,SF3B1,SF3B3,SF3B5,PHF5A,SNRPA1,PRPF3,PRPF4,LSM4,SNRNP200,EFTUD2,TXNL4A"
"TF","Factor: PEA3; motif: NACCGGAAGTN; match class: 1","TF:M11428_1","false","0.003376424919789545","2.4715429030691154","2223","39","16","20093","SNRPA,SNRPC,SNRPB,SNRPB2,SNRPD1,SNRPD2,SNRPE,SNRPG,SF3A3,SF3B1,SF3B2,PHF5A,SNRPA1,PRPF4,PRPF6,SNRNP200"
"TF","Factor: ELK1; motif: ACCGGAAGTN","TF:M03970","false","0.0034099024268041014","2.467258048018304","5033","39","24","20093","SNRNP70,SNRPA,SNRPC,SNRPB,SNRPB2,SNRPD1,SNRPD2,SNRPE,SNRPG,SF3A1,SF3A3,SF3B1,SF3B2,SF3B3,SF3B4,PHF5A,SNRPA1,PRPF4,PRPF6,PRPF31,LSM3,LSM5,LSM8,SNRNP200"
"TF","Factor: Elk-1; motif: RCCGGAAGTGN; match class: 1","TF:M09904_1","false","0.003529946213656333","2.4522319119748457","2844","39","18","20093","SNRPC,SNRPB,SNRPB2,SNRPD1,SNRPD2,SNRPE,SNRPG,SF3A1,SF3A3,SF3B1,SF3B2,SF3B5,PHF5A,SNRPA1,PRPF4,PRPF6,SART3,SNRNP200"
"TF","Factor: ESE-1; motif: NSMGGAARTN","TF:M01214","false","0.003725106130625202","2.4288613494154774","7845","39","30","20093","SNRPA,SNRPC,SNRPB,SNRPB2,SNRPD1,SNRPD2,SNRPD3,SNRPE,SNRPG,SF3A1,SF3A2,SF3A3,SF3B1,SF3B2,SF3B3,SF3B4,SF3B5,PHF5A,SNRPA1,PRPF3,PRPF4,PRPF6,SART3,LSM3,LSM4,LSM5,LSM7,SNRNP200,EFTUD2,SNRNP40"
"TF","Factor: Tel-2; motif: YTACTTCCTG","TF:M00678","false","0.0042096434947951344","2.375754682026347","5510","39","25","20093","SNRNP70,SNRPA,SNRPB,SNRPD1,SNRPD2,SNRPD3,SNRPE,SNRPG,SF3A1,SF3A3,SF3B2,SF3B3,SF3B4,SF3B5,PHF5A,SNRPA1,PRPF3,PRPF4,PRPF6,SART3,LSM5,LSM7,PRPF8,EFTUD2,SNRNP40"
"TF","Factor: c-ets-1; motif: ACCGGAWGTN","TF:M02063","false","0.004465330277528327","2.3501464130569034","7903","39","30","20093","SNRNP70,SNRPA,SNRPC,SNRPB,SNRPB2,SNRPD1,SNRPD2,SNRPD3,SNRPE,SNRPF,SNRPG,SF3A1,SF3A2,SF3A3,SF3B1,SF3B2,SF3B3,SF3B4,SF3B5,PHF5A,SNRPA1,PRPF3,PRPF4,PRPF6,PRPF31,LSM3,LSM4,LSM5,LSM8,SNRNP200"
"TF","Factor: Fli-1; motif: NACCGGAARTN","TF:M11400","false","0.004783158292950416","2.3202852464294477","10244","39","34","20093","SNRNP70,SNRPA,SNRPC,SNRPB,SNRPB2,SNRPD1,SNRPD2,SNRPD3,SNRPE,SNRPF,SNRPG,SF3A1,SF3A2,SF3A3,SF3B1,SF3B2,SF3B3,SF3B4,SF3B5,PHF5A,SNRPA1,PRPF3,PRPF4,PRPF6,PRPF31,SART3,LSM3,LSM5,LSM6,LSM8,PRPF8,SNRNP200,TXNL4A,CWC27"
"TF","Factor: GABPA; motif: ACCGGAAGTN; match class: 1","TF:M03990_1","false","0.005143898935619704","2.288707572769265","1234","39","12","20093","SNRPA,SNRPC,SNRPB,SNRPB2,SNRPD1,SNRPE,SNRPG,SF3A3,SF3B2,PRPF4,PRPF6,SNRNP200"
"TF","Factor: nerf; motif: NRRNSCGGAAGNRNNNN; match class: 1","TF:M09606_1","false","0.005185227601463479","2.285232175843842","1733","39","14","20093","SNRPB,SNRPD1,SNRPD3,SNRPE,SNRPG,SF3A3,SF3B3,SF3B4,SF3B5,SNRPA1,PRPF3,PRPF6,LSM4,SNRNP200"
"TF","Factor: etv3; motif: ACCGGAAGYN","TF:M02068","false","0.005791062855343669","2.237241721272675","3626","39","20","20093","SNRNP70,SNRPB,SNRPB2,SNRPD1,SNRPD2,SNRPD3,SNRPE,SNRPG,SF3A1,SF3A3,SF3B1,SF3B2,SF3B3,SF3B4,SF3B5,PHF5A,SNRPA1,PRPF6,LSM5,SNRNP200"
"TF","Factor: EHF; motif: CSCGGAARTN","TF:M02052","false","0.005899613001278195","2.2291764759717165","10318","39","34","20093","SNRNP70,SNRPA,SNRPC,SNRPB,SNRPB2,SNRPD1,SNRPD2,SNRPD3,SNRPE,SNRPG,SF3A1,SF3A2,SF3A3,SF3B1,SF3B2,SF3B3,SF3B4,SF3B5,PHF5A,SNRPA1,PRPF3,PRPF4,PRPF6,PRPF31,LSM3,LSM4,LSM5,LSM7,LSM8,PRPF8,SNRNP200,EFTUD2,TXNL4A,CWC27"
"TF","Factor: Elf-1; motif: NAMCCGGAAGTN","TF:M11447","false","0.006228084366120235","2.205645513076892","8011","39","30","20093","SNRPA,SNRPC,SNRPB,SNRPB2,SNRPD1,SNRPD2,SNRPD3,SNRPE,SNRPG,SF3A1,SF3A2,SF3A3,SF3B1,SF3B2,SF3B3,SF3B4,SF3B5,PHF5A,SNRPA1,PRPF3,PRPF4,PRPF6,PRPF31,LSM3,LSM4,LSM5,LSM7,LSM8,SNRNP200,TXNL4A"
"TF","Factor: ER81; motif: NACCGGAAGTN","TF:M11421","false","0.006496723207539816","2.1873056359279994","2642","39","17","20093","SNRPB,SNRPB2,SNRPD1,SNRPE,SNRPG,SF3A1,SF3A3,SF3B2,SF3B3,SF3B4,PHF5A,SNRPA1,PRPF4,PRPF6,LSM3,LSM5,SNRNP200"
"TF","Factor: Erg; motif: NACCGGAARTN","TF:M11396","false","0.007438782231510987","2.128498154967843","11069","39","35","20093","SNRNP70,SNRPA,SNRPC,SNRPB,SNRPB2,SNRPD1,SNRPD2,SNRPD3,SNRPE,SNRPF,SNRPG,SF3A1,SF3A2,SF3A3,SF3B1,SF3B2,SF3B3,SF3B4,SF3B5,PHF5A,SNRPA1,PRPF3,PRPF4,PRPF6,PRPF31,SART3,LSM3,LSM4,LSM5,LSM6,LSM8,PRPF8,SNRNP200,TXNL4A,CWC27"
"TF","Factor: c-Ets-2; motif: NCCGGAAGTG; match class: 1","TF:M08759_1","false","0.007753672181484186","2.110492564533616","3000","39","18","20093","SNRPA,SNRPC,SNRPB,SNRPB2,SNRPD1,SNRPD2,SNRPE,SNRPG,SF3A1,SF3A3,SF3B1,SF3B2,PHF5A,SNRPA1,PRPF4,PRPF6,SART3,SNRNP200"
"TF","Factor: Elk-1:HOXA1; motif: ACCGGAAGTAATTA; match class: 1","TF:M08451_1","false","0.007928035610977211","2.100834407763931","2680","39","17","20093","SNRNP70,SNRPA,SNRPC,SNRPB,SNRPB2,SNRPD1,SNRPE,SNRPG,SF3A3,SF3B1,SF3B3,SF3B4,SNRPA1,PRPF4,PRPF6,LSM7,SNRNP200"
"TF","Factor: ETV4; motif: ACCGGAAGTN","TF:M03982","false","0.00858348514162095","2.0663363403033927","7098","39","28","20093","SNRNP70,SNRPA,SNRPC,SNRPB,SNRPB2,SNRPD1,SNRPD2,SNRPD3,SNRPE,SNRPG,SF3A1,SF3A2,SF3A3,SF3B1,SF3B2,SF3B3,SF3B4,SF3B5,PHF5A,SNRPA1,PRPF3,PRPF4,PRPF6,PRPF31,LSM3,LSM5,LSM8,SNRNP200"
"TF","Factor: ESE-1; motif: NSMGGAARTN","TF:M02055","false","0.009395521051655585","2.027079130030304","5306","39","24","20093","SNRPC,SNRPB,SNRPB2,SNRPD1,SNRPD2,SNRPD3,SNRPE,SF3A1,SF3A2,SF3A3,SF3B1,SF3B2,SF3B3,SF3B4,SF3B5,SNRPA1,PRPF3,PRPF4,PRPF6,LSM3,LSM4,LSM5,LSM7,SNRNP200"
"TF","Factor: Elf-1; motif: ACTTCCGGG; match class: 1","TF:M04714_1","false","0.009839275805295642","2.0070368655257855","2722","39","17","20093","SNRPC,SNRPB,SNRPB2,SNRPD1,SNRPD2,SNRPE,SNRPG,SF3A1,SF3A3,SF3B1,SF3B2,SF3B5,PHF5A,SNRPA1,PRPF4,PRPF6,SNRNP200"
"TF","Factor: E2F-1:DP-1; motif: TTTCSCGC","TF:M00736","false","0.01018502005570843","1.9920381114772754","10514","39","34","20093","SNRNP70,SNRPA,SNRPC,SNRPB,SNRPB2,SNRPD1,SNRPD2,SNRPD3,SNRPE,SNRPF,SF3A1,SF3A2,SF3A3,SF3B1,SF3B3,SF3B5,PHF5A,SNRPA1,PRPF3,PRPF4,PRPF6,SART3,LSM2,LSM3,LSM4,LSM5,LSM6,LSM7,LSM8,SNRNP200,EFTUD2,TXNL4A,SNRNP40,CWC27"
"TF","Factor: Elf-1; motif: NANCCGGAAGTN","TF:M11451","false","0.011063738661814503","1.9560980913109236","7179","39","28","20093","SNRPA,SNRPC,SNRPB,SNRPB2,SNRPD1,SNRPD2,SNRPD3,SNRPE,SNRPG,SF3A1,SF3A3,SF3B1,SF3B2,SF3B3,SF3B4,SF3B5,PHF5A,SNRPA1,PRPF3,PRPF4,PRPF6,PRPF31,LSM4,LSM5,LSM7,LSM8,SNRNP200,TXNL4A"
"TF","Factor: SAP-1; motif: ACCGGAAGTNN","TF:M09607","false","0.011168890658426762","1.9519899607115416","4938","39","23","20093","SNRNP70,SNRPA,SNRPC,SNRPB,SNRPD1,SNRPD2,SNRPD3,SNRPE,SF3A1,SF3A3,SF3B1,SF3B2,SF3B3,SF3B4,PHF5A,SNRPA1,PRPF3,PRPF4,PRPF6,SART3,LSM3,LSM4,LSM5"
"TF","Factor: Erm; motif: NRCMGGAAGTN","TF:M11422","false","0.011975991779672797","1.9216885107648678","4957","39","23","20093","SNRPA,SNRPB,SNRPB2,SNRPD1,SNRPD2,SNRPE,SNRPG,SF3A1,SF3A3,SF3B1,SF3B2,SF3B3,SF3B4,PHF5A,SNRPA1,PRPF4,PRPF6,SART3,LSM5,LSM7,SNRNP200,EFTUD2,SNRNP40"
"TF","Factor: ELF1; motif: NCCGGAARTN; match class: 1","TF:M02053_1","false","0.012118371098685915","1.916555752314499","1593","39","13","20093","SNRPC,SNRPB,SNRPB2,SNRPD3,SNRPE,SF3A1,SF3A3,SF3B2,PRPF3,PRPF4,PRPF6,LSM3,LSM5"
"TF","Factor: c-ets-2; motif: ACCGGAWRTN","TF:M02064","false","0.01264479890900459","1.898088072875851","11264","39","35","20093","SNRNP70,SNRPA,SNRPC,SNRPB,SNRPB2,SNRPD1,SNRPD2,SNRPD3,SNRPE,SNRPF,SNRPG,SF3A1,SF3A2,SF3A3,SF3B1,SF3B2,SF3B3,SF3B4,SF3B5,PHF5A,SNRPA1,PRPF3,PRPF4,PRPF6,PRPF31,SART3,LSM3,LSM5,LSM7,LSM8,PRPF8,SNRNP200,TXNL4A,SNRNP40,CWC27"
"TF","Factor: Erg; motif: ACCGGAAGTN","TF:M02062","false","0.015654519818447146","1.8053602492477705","8321","39","30","20093","SNRNP70,SNRPA,SNRPC,SNRPB,SNRPB2,SNRPD1,SNRPD2,SNRPD3,SNRPE,SNRPG,SF3A1,SF3A2,SF3A3,SF3B1,SF3B2,SF3B3,SF3B4,SF3B5,PHF5A,SNRPA1,PRPF3,PRPF4,PRPF6,PRPF31,SART3,LSM3,LSM5,LSM8,SNRNP200,CWC27"
"TF","Factor: GABPA; motif: ACCGGAAGTN","TF:M03990","false","0.016088015340222778","1.793497528303226","5459","39","24","20093","SNRPA,SNRPC,SNRPB,SNRPB2,SNRPD1,SNRPD2,SNRPD3,SNRPE,SNRPG,SF3A1,SF3A2,SF3A3,SF3B1,SF3B2,SF3B3,SF3B4,SF3B5,PHF5A,SNRPA1,PRPF4,PRPF6,LSM3,LSM5,SNRNP200"
"TF","Factor: E2F-1; motif: NNNNGGCGGGAARN","TF:M09892","false","0.016117927551935318","1.7926908006587552","13753","39","38","20093","SNRNP70,SNRPA,SNRPC,SNRPB,SNRPB2,SNRPD1,SNRPD2,SNRPD3,SNRPE,SNRPF,SNRPG,SF3A1,SF3A2,SF3A3,SF3B1,SF3B2,SF3B3,SF3B4,SF3B5,PHF5A,SNRPA1,PRPF3,PRPF4,PRPF6,PRPF31,SART3,LSM2,LSM3,LSM4,LSM6,LSM7,LSM8,PRPF8,SNRNP200,EFTUD2,TXNL4A,SNRNP40,CWC27"
"TF","Factor: Pet-1; motif: ACCGGAWRTN","TF:M02072","false","0.016638133243515638","1.77889540205485","2508","39","16","20093","SNRPB,SNRPB2,SNRPD1,SNRPE,SNRPG,SF3A1,SF3A3,SF3B2,SF3B3,SF3B4,PHF5A,SNRPA1,PRPF4,PRPF6,LSM3,LSM5"
"TF","Factor: Elk-1:T-bet; motif: TCACACCGGAAGNN","TF:M08231","false","0.016862827816521396","1.7730695944721537","6830","39","27","20093","SNRPA,SNRPB,SNRPB2,SNRPD1,SNRPD2,SNRPD3,SNRPE,SNRPG,SF3A1,SF3A2,SF3A3,SF3B2,SF3B3,SF3B4,PHF5A,SNRPA1,PRPF3,PRPF4,PRPF6,PRPF31,SART3,LSM3,LSM4,LSM5,SNRNP200,SNRNP40,CWC27"
"TF","Factor: PEA3; motif: RCCGGAAGYN","TF:M02066","false","0.017733475134153767","1.751206149695237","7333","39","28","20093","SNRNP70,SNRPC,SNRPB,SNRPB2,SNRPD1,SNRPD2,SNRPD3,SNRPE,SNRPG,SF3A1,SF3A2,SF3A3,SF3B1,SF3B2,SF3B3,SF3B4,SF3B5,PHF5A,SNRPA1,PRPF3,PRPF4,PRPF6,PRPF31,LSM3,LSM4,LSM5,LSM8,SNRNP200"
"TF","Factor: E2F-1:DP-1; motif: TTTCSCGC; match class: 1","TF:M00736_1","false","0.01895130627729043","1.7223608495762857","4677","39","22","20093","SNRNP70,SNRPA,SNRPB,SNRPB2,SNRPD2,SNRPE,SNRPF,SF3A1,SF3B3,PHF5A,SNRPA1,PRPF3,SART3,LSM2,LSM3,LSM4,LSM6,LSM8,EFTUD2,TXNL4A,SNRNP40,CWC27"
"TF","Factor: nerf; motif: NNNCCGGAAGTGN; match class: 1","TF:M09901_1","false","0.01923130220027224","1.715991307584447","1402","39","12","20093","SNRPB,SNRPB2,SNRPD1,SNRPE,SNRPG,SF3A3,SF3B2,SNRPA1,PRPF4,PRPF6,LSM5,SNRNP200"
"TF","Factor: Erg; motif: NACCGGAARYN","TF:M11392","false","0.021151153432339698","1.674665944334254","8975","39","31","20093","SNRPA,SNRPC,SNRPB,SNRPB2,SNRPD1,SNRPD2,SNRPD3,SNRPE,SNRPF,SNRPG,SF3A1,SF3A2,SF3A3,SF3B1,SF3B2,SF3B3,SF3B4,SF3B5,PHF5A,SNRPA1,PRPF3,PRPF4,PRPF6,PRPF31,SART3,LSM3,LSM5,LSM6,LSM8,SNRNP200,CWC27"
"TF","Factor: Elk-1:TBR2; motif: TNRCACCGGAAGN","TF:M08213","false","0.022788737610013182","1.6422797320460494","6456","39","26","20093","SNRPA,SNRPB,SNRPB2,SNRPD1,SNRPD2,SNRPD3,SNRPE,SNRPG,SF3A2,SF3A3,SF3B2,SF3B3,SF3B4,PHF5A,SNRPA1,PRPF3,PRPF4,PRPF6,PRPF31,SART3,LSM3,LSM4,LSM5,SNRNP200,SNRNP40,CWC27"
"TF","Factor: Elk-1; motif: RCCGGAAGTGN","TF:M09904","false","0.025076786433302772","1.600728118706737","8486","39","30","20093","SNRNP70,SNRPA,SNRPC,SNRPB,SNRPB2,SNRPD1,SNRPD2,SNRPD3,SNRPE,SNRPG,SF3A1,SF3A3,SF3B1,SF3B2,SF3B3,SF3B4,SF3B5,PHF5A,SNRPA1,PRPF3,PRPF4,PRPF6,PRPF31,SART3,LSM3,LSM4,LSM5,LSM8,SNRNP200,SNRNP40"
"TF","Factor: E2F2; motif: AAAATGGCGCCATTTT; match class: 1","TF:M04517_1","false","0.02587239832387675","1.5871633111153942","3615","39","19","20093","SNRPA,SNRPB,SNRPB2,SNRPD2,SF3A3,SF3B2,SF3B3,SF3B5,PHF5A,PRPF31,SART3,LSM2,LSM3,LSM8,PRPF8,SNRNP200,EFTUD2,SNRNP40,CWC27"
"TF","Factor: Fli-1; motif: NACCGGAARTN","TF:M11404","false","0.02625150224668098","1.580845838971308","9053","39","31","20093","SNRNP70,SNRPA,SNRPC,SNRPB,SNRPB2,SNRPD1,SNRPD2,SNRPD3,SNRPE,SNRPG,SF3A1,SF3A2,SF3A3,SF3B1,SF3B2,SF3B3,SF3B4,SF3B5,PHF5A,SNRPA1,PRPF3,PRPF4,PRPF6,PRPF31,SART3,LSM3,LSM5,LSM8,SNRNP200,TXNL4A,CWC27"
"TF","Factor: ZBTB11; motif: RCTTCCGGNNSNNNN; match class: 1","TF:M13119_1","false","0.030274857002382357","1.518917899488723","1466","39","12","20093","SNRPB,SNRPB2,SNRPD1,SNRPD3,SNRPG,SF3A3,SF3B2,PHF5A,SNRPA1,PRPF4,PRPF6,SNRNP200"
"TF","Factor: Elk-1; motif: NNNNCCGGAARTNN","TF:M00025","false","0.031689678666941064","1.4990821645295442","10302","39","33","20093","SNRNP70,SNRPA,SNRPC,SNRPB,SNRPB2,SNRPD1,SNRPD2,SNRPD3,SNRPE,SNRPF,SNRPG,SF3A1,SF3A2,SF3A3,SF3B1,SF3B2,SF3B3,SF3B4,SF3B5,PHF5A,SNRPA1,PRPF3,PRPF4,PRPF6,PRPF31,SART3,LSM3,LSM4,LSM5,LSM6,LSM8,SNRNP200,CWC27"
"TF","Factor: SAP-1; motif: NNCCGGAAGTGN","TF:M09905","false","0.03198143200345654","1.4951020941458923","8573","39","30","20093","SNRPA,SNRPC,SNRPB,SNRPB2,SNRPD1,SNRPD2,SNRPD3,SNRPE,SNRPG,SF3A1,SF3A2,SF3A3,SF3B1,SF3B2,SF3B3,SF3B4,SF3B5,PHF5A,SNRPA1,PRPF3,PRPF4,PRPF6,PRPF31,LSM3,LSM4,LSM5,LSM6,LSM8,SNRNP200,CWC27"
"TF","Factor: ERM; motif: NNCACTTCCGGNN; match class: 1","TF:M12603_1","false","0.032939597745234084","1.482281708690607","2030","39","14","20093","SNRPA,SNRPC,SNRPB2,SNRPD1,SNRPE,SNRPG,SF3A3,SF3B2,PHF5A,SNRPA1,PRPF4,PRPF6,SART3,SNRNP200"
"TF","Factor: E2F-4; motif: NGGCGGGAARN","TF:M07084","false","0.03294720372642127","1.4821814386638354","10953","39","34","20093","SNRNP70,SNRPA,SNRPC,SNRPB,SNRPB2,SNRPD1,SNRPD2,SNRPD3,SNRPE,SNRPF,SNRPG,SF3A1,SF3A2,SF3A3,SF3B1,SF3B3,SF3B5,PHF5A,SNRPA1,PRPF3,PRPF4,PRPF6,SART3,LSM2,LSM3,LSM4,LSM6,LSM8,PRPF8,SNRNP200,EFTUD2,TXNL4A,SNRNP40,CWC27"
"TF","Factor: E2F-4; motif: NTTTCSCGCC","TF:M07380","false","0.03668417814141507","1.4355212062511005","13183","39","37","20093","SNRNP70,SNRPA,SNRPC,SNRPB,SNRPB2,SNRPD1,SNRPD2,SNRPD3,SNRPE,SNRPF,SNRPG,SF3A1,SF3A3,SF3B1,SF3B2,SF3B3,SF3B4,SF3B5,PHF5A,SNRPA1,PRPF3,PRPF4,PRPF6,PRPF31,SART3,LSM2,LSM3,LSM4,LSM6,LSM7,LSM8,PRPF8,SNRNP200,EFTUD2,TXNL4A,SNRNP40,CWC27"
"TF","Factor: FLI1; motif: ACCGGAARTN","TF:M03988","false","0.037024646348879676","1.4315090810704567","8626","39","30","20093","SNRNP70,SNRPA,SNRPC,SNRPB,SNRPB2,SNRPD1,SNRPD2,SNRPD3,SNRPE,SNRPG,SF3A1,SF3A2,SF3A3,SF3B1,SF3B2,SF3B3,SF3B4,SF3B5,PHF5A,SNRPA1,PRPF3,PRPF4,PRPF6,PRPF31,SART3,LSM3,LSM5,LSM8,SNRNP200,CWC27"
"TF","Factor: Elf-1; motif: ACTTCCGGG","TF:M04714","false","0.0374962239645216","1.4260124654440713","8099","39","29","20093","SNRNP70,SNRPA,SNRPC,SNRPB,SNRPB2,SNRPD1,SNRPD2,SNRPD3,SNRPE,SNRPG,SF3A1,SF3A2,SF3A3,SF3B1,SF3B2,SF3B3,SF3B4,SF3B5,PHF5A,SNRPA1,PRPF3,PRPF4,PRPF6,PRPF31,LSM3,LSM4,LSM5,LSM8,SNRNP200"
"TF","Factor: c-Ets-2; motif: NCCGGAAGTG","TF:M08759","false","0.03976316496808739","1.400519055022431","8652","39","30","20093","SNRNP70,SNRPA,SNRPC,SNRPB,SNRPB2,SNRPD1,SNRPD2,SNRPD3,SNRPE,SNRPG,SF3A1,SF3A3,SF3B1,SF3B2,SF3B3,SF3B4,SF3B5,PHF5A,SNRPA1,PRPF3,PRPF4,PRPF6,PRPF31,SART3,LSM3,LSM4,LSM5,LSM8,SNRNP200,SNRNP40"
"TF","Factor: SAP-1a; motif: NACCGGAAGTV","TF:M01167","false","0.040958551986446746","1.3876554054358372","2069","39","14","20093","SNRPB,SNRPB2,SNRPD1,SNRPE,SNRPG,SF3A3,SF3B2,SF3B3,PHF5A,SNRPA1,PRPF6,LSM3,LSM5,SNRNP200"
"TF","Factor: Erm; motif: ACCGGAAGTN","TF:M02069","false","0.04173063635968439","1.379544992585386","7130","39","27","20093","SNRPA,SNRPC,SNRPB,SNRPB2,SNRPD1,SNRPD2,SNRPD3,SNRPE,SNRPG,SF3A1,SF3A2,SF3A3,SF3B1,SF3B2,SF3B3,SF3B4,SF3B5,PHF5A,SNRPA1,PRPF3,PRPF4,PRPF6,PRPF31,LSM3,LSM5,LSM8,SNRNP200"
"TF","Factor: ER81; motif: NACCGGAAGTN","TF:M11420","false","0.04625965258393155","1.3347976331617681","3397","39","18","20093","SNRPA,SNRPB,SNRPB2,SNRPD1,SNRPE,SNRPG,SF3A1,SF3A3,SF3B2,SF3B3,SF3B4,PHF5A,SNRPA1,PRPF4,PRPF6,LSM3,LSM5,SNRNP200"
"TF","Factor: TEL1; motif: CNCGGAANNN; match class: 1","TF:M02070_1","false","0.04643524408597754","1.3331522672492624","4929","39","22","20093","SNRPA,SNRPC,SNRPB,SNRPB2,SNRPD1,SNRPD2,SNRPE,SF3A1,SF3A2,SF3A3,SF3B2,SF3B3,SF3B4,SF3B5,SNRPA1,PRPF4,PRPF6,LSM3,LSM4,LSM5,LSM8,EFTUD2"
"TF","Factor: GABPalpha; motif: RCCGGAWRYN; match class: 1","TF:M02074_1","false","0.04749333861261402","1.323367299989019","1038","39","10","20093","SNRPB,SNRPB2,SNRPD1,SNRPD3,SNRPE,SF3A3,SF3B2,PRPF3,LSM3,LSM5"
"MIRNA","hsa-mir-193b-3p","MIRNA:hsa-mir-193b-3p","false","0.0009389997423660571","3.0273345268915195","797","39","11","16638","SNRNP70,SNRPB,SNRPD3,SF3A1,SF3B2,SF3B3,PRPF31,PRPF8,SNRNP200,EFTUD2,TXNL4A"
"HPA","Lung; alveolar cells type I[≥Medium]","HPA:0301362","false","1.9165339438739024e-12","11.717483484519942","886","32","20","11007","SNRNP70,SNRPA,SNRPC,SNRPB2,SNRPD2,SNRPD3,SNRPG,SF3A1,SF3A2,SF3A3,SF3B2,SF3B3,SF3B5,PHF5A,PRPF4,PRPF31,LSM2,LSM6,PRPF8,SNRNP40"
"HPA","Lung; alveolar cells type I[≥Low]","HPA:0301361","false","6.1173249557684135e-12","11.213438448920432","1090","32","21","11007","SNRNP70,SNRPA,SNRPC,SNRPB2,SNRPD2,SNRPD3,SNRPG,SF3A1,SF3A2,SF3A3,SF3B2,SF3B3,SF3B5,PHF5A,PRPF4,PRPF31,LSM2,LSM6,PRPF8,EFTUD2,SNRNP40"
"HPA","Lung; alveolar cells type II[≥Medium]","HPA:0301372","false","7.159871280675055e-11","10.14509478531715","1233","32","21","11007","SNRNP70,SNRPA,SNRPC,SNRPB2,SNRPD1,SNRPD2,SNRPD3,SF3A1,SF3A2,SF3A3,SF3B2,SF3B3,SF3B5,PHF5A,PRPF4,PRPF31,LSM2,LSM6,PRPF8,EFTUD2,SNRNP40"
"HPA","Testis; spermatogonia cells[High]","HPA:0570813","false","2.227935806025846e-9","8.652097326734568","1468","32","21","11007","SNRNP70,SNRPA,SNRPC,SNRPB2,SNRPD2,SF3A1,SF3A2,SF3A3,SF3B2,SF3B3,PHF5A,SNRPA1,PRPF4,PRPF6,PRPF31,LSM2,LSM3,PRPF8,EFTUD2,SNRNP40,CWC27"
"HPA","Testis; preleptotene spermatocytes[≥Low]","HPA:0570781","false","2.922230954328125e-9","8.534285463204407","1901","32","23","11007","SNRNP70,SNRPA,SNRPC,SNRPB2,SNRPD1,SNRPD2,SNRPD3,SNRPG,SF3A1,SF3A2,SF3A3,SF3B2,SF3B3,PHF5A,SNRPA1,PRPF4,PRPF6,PRPF31,LSM2,LSM3,PRPF8,EFTUD2,SNRNP40"
"HPA","Testis; pachytene spermatocytes[≥Medium]","HPA:0570762","false","2.922230954328125e-9","8.534285463204407","1901","32","23","11007","SNRNP70,SNRPA,SNRPC,SNRPB2,SNRPD1,SNRPD2,SNRPD3,SNRPG,SF3A1,SF3A2,SF3A3,SF3B2,SF3B3,PHF5A,SNRPA1,PRPF4,PRPF6,PRPF31,LSM2,PRPF8,EFTUD2,SNRNP40,CWC27"
"HPA","Testis; round or early spermatids[≥Medium]","HPA:0570792","false","3.3052715971204873e-9","8.480792848346438","1912","32","23","11007","SNRNP70,SNRPA,SNRPC,SNRPB2,SNRPD1,SNRPD2,SNRPD3,SNRPG,SF3A1,SF3A2,SF3A3,SF3B2,SF3B3,PHF5A,SNRPA1,PRPF4,PRPF6,PRPF31,LSM2,PRPF8,EFTUD2,SNRNP40,CWC27"
"HPA","Lung; alveolar cells type II[≥Low]","HPA:0301371","false","5.186067379090905e-9","8.285161845033446","1533","32","21","11007","SNRNP70,SNRPA,SNRPC,SNRPB2,SNRPD1,SNRPD2,SNRPD3,SF3A1,SF3A2,SF3A3,SF3B2,SF3B3,SF3B5,PHF5A,PRPF4,PRPF31,LSM2,LSM6,PRPF8,EFTUD2,SNRNP40"
"HPA","Lung; alveolar cells type I[High]","HPA:0301363","false","7.014443694671913e-9","8.154006766533621","506","32","14","11007","SNRNP70,SNRPA,SNRPC,SNRPB2,SNRPD2,SNRPG,SF3A1,SF3A3,SF3B2,PHF5A,PRPF4,PRPF31,LSM2,LSM6"
"HPA","Urinary bladder; urothelial cells[High]","HPA:0610833","false","1.2447476992710438e-8","7.904918667779809","2035","32","23","11007","SNRNP70,SNRPC,SNRPB,SNRPB2,SNRPD2,SNRPD3,SF3A1,SF3A3,SF3B2,SF3B3,SF3B5,PHF5A,SNRPA1,PRPF4,PRPF6,PRPF31,SART3,LSM2,PRPF8,SNRNP200,EFTUD2,SNRNP40,CWC27"
"HPA","Testis; pachytene spermatocytes[High]","HPA:0570763","false","2.3888509132126617e-8","7.621810953468813","951","32","17","11007","SNRNP70,SNRPA,SNRPC,SNRPB2,SNRPD2,SF3A1,SF3A2,SF3A3,SF3B2,SF3B3,PHF5A,SNRPA1,PRPF4,PRPF31,PRPF8,EFTUD2,SNRNP40"
"HPA","Testis; peritubular cells[≥Low]","HPA:0570771","false","6.468544610674589e-8","7.189193422368964","724","32","15","11007","SNRNP70,SNRPC,SNRPB2,SNRPD2,SNRPG,SF3A3,SF3B3,PHF5A,PRPF4,PRPF6,PRPF31,LSM2,EFTUD2,SNRNP40,CWC27"
"HPA","Testis; round or early spermatids[High]","HPA:0570793","false","8.396446714639956e-8","7.075904463783991","1030","32","17","11007","SNRNP70,SNRPA,SNRPC,SNRPB2,SNRPD2,SF3A1,SF3A2,SF3A3,SF3B2,SF3B3,PHF5A,SNRPA1,PRPF4,PRPF31,LSM2,EFTUD2,SNRNP40"
"HPA","Caudate; glial cells[≥Low]","HPA:0080121","false","1.2436361604537794e-7","6.905306658728215","4575","32","30","11007","SNRNP70,SNRPA,SNRPC,SNRPB,SNRPB2,SNRPD1,SNRPD2,SNRPD3,SNRPG,SF3A1,SF3A2,SF3A3,SF3B1,SF3B2,SF3B3,SF3B4,SF3B5,PHF5A,SNRPA1,PRPF3,PRPF4,PRPF31,SART3,LSM2,LSM6,PRPF8,SNRNP200,EFTUD2,SNRNP40,CWC27"
"HPA","Testis; spermatogonia cells[≥Medium]","HPA:0570812","false","1.7786336433187077e-7","6.7499134971494","2568","32","24","11007","SNRNP70,SNRPA,SNRPC,SNRPB2,SNRPD1,SNRPD2,SNRPD3,SNRPG,SF3A1,SF3A2,SF3A3,SF3B2,SF3B3,PHF5A,SNRPA1,PRPF4,PRPF6,PRPF31,LSM2,LSM3,PRPF8,EFTUD2,SNRNP40,CWC27"
"HPA","Rectum; glandular cells[High]","HPA:0400053","false","1.9196131165075675e-7","6.716786291242535","2577","32","24","11007","SNRNP70,SNRPC,SNRPB,SNRPB2,SNRPD1,SNRPD3,SF3A1,SF3A2,SF3A3,SF3B2,SF3B3,SF3B5,PHF5A,SNRPA1,PRPF4,PRPF6,PRPF31,SART3,LSM2,LSM6,PRPF8,EFTUD2,SNRNP40,CWC27"
"HPA","Testis; round or early spermatids[≥Low]","HPA:0570791","false","2.0475782702314175e-7","6.688759488014478","2325","32","23","11007","SNRNP70,SNRPA,SNRPC,SNRPB2,SNRPD1,SNRPD2,SNRPD3,SNRPG,SF3A1,SF3A2,SF3A3,SF3B2,SF3B3,PHF5A,SNRPA1,PRPF4,PRPF6,PRPF31,LSM2,PRPF8,EFTUD2,SNRNP40,CWC27"
"HPA","Caudate; neuronal cells[High]","HPA:0080133","false","2.553377948849146e-7","6.592884896534954","1106","32","17","11007","SNRNP70,SNRPA,SNRPC,SNRPB2,SNRPD1,SNRPD2,SNRPD3,SNRPG,SF3A1,SF3A3,SF3B2,SF3B3,PHF5A,SNRPA1,PRPF31,SART3,EFTUD2"
"HPA","Thyroid gland; glandular cells[High]","HPA:0590053","false","2.6226475381386303e-7","6.581260071028719","1880","32","21","11007","SNRNP70,SNRPA,SNRPC,SNRPB,SNRPD2,SNRPD3,SNRPG,SF3A1,SF3A3,SF3B2,SF3B3,SF3B5,PHF5A,SNRPA1,PRPF4,PRPF31,SART3,LSM2,LSM6,PRPF8,CWC27"
"HPA","Testis; pachytene spermatocytes[≥Low]","HPA:0570761","false","2.945887526808006e-7","6.530783838423159","2366","32","23","11007","SNRNP70,SNRPA,SNRPC,SNRPB2,SNRPD1,SNRPD2,SNRPD3,SNRPG,SF3A1,SF3A2,SF3A3,SF3B2,SF3B3,PHF5A,SNRPA1,PRPF4,PRPF6,PRPF31,LSM2,PRPF8,EFTUD2,SNRNP40,CWC27"
"HPA","Testis; preleptotene spermatocytes[≥Medium]","HPA:0570782","false","3.47618967371627e-7","6.458896534869811","1491","32","19","11007","SNRNP70,SNRPC,SNRPB2,SNRPD1,SNRPD2,SNRPD3,SNRPG,SF3A1,SF3A2,SF3A3,SF3B2,SF3B3,PHF5A,SNRPA1,PRPF4,PRPF6,PRPF31,LSM2,EFTUD2"
"HPA","Skin 1; cells in granular layer[≥Medium]","HPA:0460182","false","3.595675553397659e-7","6.44421950262457","557","32","13","11007","SNRNP70,SNRPA,SNRPB2,SNRPD1,SNRPD2,SNRPD3,SNRPG,SF3B2,PHF5A,SNRPA1,PRPF6,LSM2,SNRNP40"
"HPA","Skin 2; cells in granular layer[≥Medium]","HPA:0470182","false","4.0100157135749204e-7","6.396853925557995","562","32","13","11007","SNRNP70,SNRPA,SNRPB2,SNRPD1,SNRPD2,SNRPD3,SNRPG,SF3B2,PHF5A,SNRPA1,PRPF6,LSM2,SNRNP40"
"HPA","Oral mucosa; squamous epithelial cells[High]","HPA:0330223","false","4.871016649591494e-7","6.312380385966446","1153","32","17","11007","SNRNP70,SNRPA,SNRPC,SNRPD1,SNRPD2,SF3A1,SF3A3,SF3B2,SF3B3,SNRPA1,PRPF4,PRPF6,PRPF31,LSM2,LSM6,EFTUD2,SNRNP40"
"HPA","Skin 2; vascular mural cells[≥Medium]","HPA:0471492","false","4.977887491301357e-7","6.302954923408254","192","32","9","11007","SNRNP70,SNRPA,SNRPD2,SNRPG,SF3B2,PHF5A,SNRPA1,PRPF6,SNRNP40"
"HPA","Pancreas; pancreatic endocrine cells[≥Medium]","HPA:0351182","false","5.354020658056861e-7","6.271319957455624","3623","32","27","11007","SNRNP70,SNRPA,SNRPC,SNRPD1,SNRPD2,SNRPD3,SNRPG,SF3A1,SF3A2,SF3A3,SF3B1,SF3B2,SF3B3,SF3B4,SF3B5,PHF5A,SNRPA1,PRPF4,PRPF6,PRPF31,SART3,LSM2,LSM3,LSM6,PRPF8,EFTUD2,SNRNP40"
"HPA","Skin 1; langerhans cells[≥Medium]","HPA:0461462","false","5.527471332101158e-7","6.257473501185713","577","32","13","11007","SNRNP70,SNRPA,SNRPB2,SNRPD1,SNRPD2,SNRPD3,SNRPG,SF3B2,PHF5A,SNRPA1,PRPF6,LSM2,SNRNP40"
"HPA","Soft tissue 1; fibroblasts[≥Medium]","HPA:0500652","false","6.401223247069439e-7","6.1937370262209175","2724","32","24","11007","SNRNP70,SNRPA,SNRPC,SNRPB2,SNRPD1,SNRPD2,SNRPD3,SNRPG,SF3A1,SF3A2,SF3A3,SF3B1,SF3B2,SF3B3,PHF5A,SNRPA1,PRPF4,PRPF6,PRPF31,SART3,LSM2,LSM6,EFTUD2,SNRNP40"
"HPA","Skin 1; cells in spinous layer[≥Medium]","HPA:0461412","false","7.397456284798873e-7","6.130917592619066","591","32","13","11007","SNRNP70,SNRPA,SNRPB2,SNRPD1,SNRPD2,SNRPD3,SNRPG,SF3B2,PHF5A,SNRPA1,PRPF6,LSM2,SNRNP40"
"HPA","Vagina; squamous epithelial cells[≥Medium]","HPA:0620222","false","8.073522829859085e-7","6.092936922312755","4045","32","28","11007","SNRNP70,SNRPC,SNRPB,SNRPB2,SNRPD1,SNRPD2,SNRPD3,SNRPG,SF3A1,SF3A2,SF3A3,SF3B1,SF3B2,SF3B3,SF3B5,PHF5A,SNRPA1,PRPF4,PRPF6,PRPF31,SART3,LSM2,LSM6,PRPF8,SNRNP200,EFTUD2,SNRNP40,CWC27"
"HPA","Skin 1; melanocytes[≥Medium]","HPA:0460672","false","9.252493291456997e-7","6.033741221119018","3704","32","27","11007","SNRNP70,SNRPA,SNRPC,SNRPB,SNRPB2,SNRPD2,SNRPD3,SNRPG,SF3A1,SF3A2,SF3A3,SF3B1,SF3B2,SF3B3,SF3B5,PHF5A,SNRPA1,PRPF3,PRPF4,PRPF6,PRPF31,SART3,LSM2,LSM6,SNRNP200,EFTUD2,SNRNP40"
"HPA","Cervix; squamous epithelial cells[≥Medium]","HPA:0630222","false","0.0000010780436473222703","5.967363655283353","3727","32","27","11007","SNRNP70,SNRPA,SNRPC,SNRPB,SNRPB2,SNRPD1,SNRPD2,SNRPG,SF3A1,SF3A2,SF3A3,SF3B1,SF3B2,SF3B3,SF3B5,PHF5A,SNRPA1,PRPF4,PRPF6,PRPF31,SART3,LSM2,LSM6,SNRNP200,EFTUD2,SNRNP40,CWC27"
"HPA","Cerebellum; cells in molecular layer[≥Medium]","HPA:0090192","false","0.0000010897544083842316","5.962671365454969","2792","32","24","11007","SNRNP70,SNRPA,SNRPC,SNRPB,SNRPB2,SNRPD2,SNRPG,SF3A1,SF3A2,SF3A3,SF3B1,SF3B2,SF3B3,SF3B5,PHF5A,SNRPA1,PRPF4,PRPF6,PRPF31,SART3,LSM2,PRPF8,EFTUD2,SNRNP40"
"HPA","Tonsil; germinal center cells[≥Medium]","HPA:0600432","false","0.0000011307292979366307","5.946641354830498","4098","32","28","11007","SNRNP70,SNRPA,SNRPC,SNRPB,SNRPB2,SNRPD1,SNRPD2,SNRPD3,SNRPG,SF3A1,SF3A2,SF3A3,SF3B1,SF3B2,SF3B3,SF3B5,PHF5A,SNRPA1,PRPF4,PRPF6,PRPF31,LSM2,LSM6,PRPF8,SNRNP200,EFTUD2,SNRNP40,CWC27"
"HPA","Caudate; neuronal cells[≥Medium]","HPA:0080132","false","0.000001250549472929713","5.9028991224897585","4114","32","28","11007","SNRNP70,SNRPA,SNRPC,SNRPB,SNRPB2,SNRPD1,SNRPD2,SNRPD3,SNRPG,SF3A1,SF3A2,SF3A3,SF3B1,SF3B2,SF3B3,SF3B5,PHF5A,SNRPA1,PRPF3,PRPF4,PRPF6,PRPF31,SART3,LSM2,LSM6,PRPF8,EFTUD2,SNRNP40"
"HPA","Bronchus; respiratory epithelial cells[High]","HPA:0060103","false","0.000001386408439859435","5.858108806487717","1828","32","20","11007","SNRNP70,SNRPC,SNRPB2,SNRPD2,SNRPD3,SNRPG,SF3A1,SF3A3,SF3B2,SF3B3,SF3B5,PHF5A,SNRPA1,PRPF6,PRPF31,SART3,LSM2,LSM6,EFTUD2,SNRNP40"
"HPA","Smooth muscle; smooth muscle cells[≥Medium]","HPA:0490692","false","0.000001485698623356845","5.828069279059596","3125","32","25","11007","SNRNP70,SNRPA,SNRPC,SNRPB,SNRPD2,SNRPD3,SNRPG,SF3A1,SF3A2,SF3A3,SF3B1,SF3B2,SF3B3,SF3B5,PHF5A,SNRPA1,PRPF4,PRPF6,PRPF31,SART3,LSM2,LSM6,EFTUD2,SNRNP40,CWC27"
"HPA","Cerebral cortex; neuronal cells[High]","HPA:0100133","false","0.0000016674012290904358","5.777959882707644","1847","32","20","11007","SNRNP70,SNRPA,SNRPC,SNRPB,SNRPB2,SNRPD2,SNRPG,SF3A1,SF3A3,SF3B1,SF3B2,SF3B3,PHF5A,SNRPA1,PRPF4,PRPF31,SART3,PRPF8,EFTUD2,SNRNP40"
"HPA","Esophagus; squamous epithelial cells[High]","HPA:0190223","false","0.0000020451239640760778","5.689280362335117","1654","32","19","11007","SNRNP70,SNRPC,SNRPB,SNRPB2,SNRPD2,SF3A1,SF3A3,SF3B2,SF3B3,PHF5A,SNRPA1,PRPF4,PRPF6,PRPF31,SART3,LSM2,EFTUD2,SNRNP40,CWC27"
"HPA","Cerebellum; Purkinje cells[≥Low]","HPA:0090161","false","0.0000020780878631378294","5.682336094089127","5564","32","31","11007","SNRNP70,SNRPA,SNRPC,SNRPB,SNRPB2,SNRPD1,SNRPD2,SNRPG,SF3A1,SF3A2,SF3A3,SF3B1,SF3B2,SF3B3,SF3B4,SF3B5,PHF5A,SNRPA1,PRPF3,PRPF4,PRPF6,PRPF31,SART3,LSM2,LSM3,LSM6,PRPF8,SNRNP200,EFTUD2,SNRNP40,CWC27"
"HPA","Lung; endothelial cells[≥Medium]","HPA:0300202","false","0.000002379485314335668","5.6235169712277635","651","32","13","11007","SNRNP70,SNRPA,SNRPC,SNRPD2,SNRPD3,SF3A1,SF3A2,SF3A3,SF3B2,SF3B3,PRPF31,LSM6,SNRNP40"
"HPA","Testis; peritubular cells[≥Medium]","HPA:0570772","false","0.000002382714057641904","5.622928072902973","526","32","12","11007","SNRNP70,SNRPC,SNRPB2,SNRPG,SF3A3,SF3B3,PRPF4,PRPF31,LSM2,EFTUD2,SNRNP40,CWC27"
"HPA","Pancreas; pancreatic endocrine cells[≥Low]","HPA:0351181","false","0.000002749965776520825","5.5606727109554255","5616","32","31","11007","SNRNP70,SNRPA,SNRPC,SNRPB,SNRPB2,SNRPD1,SNRPD2,SNRPD3,SNRPG,SF3A1,SF3A2,SF3A3,SF3B1,SF3B2,SF3B3,SF3B4,SF3B5,PHF5A,SNRPA1,PRPF3,PRPF4,PRPF6,PRPF31,SART3,LSM2,LSM3,LSM6,PRPF8,EFTUD2,SNRNP40,CWC27"
"HPA","Lung; endothelial cells[≥Low]","HPA:0300201","false","0.000002759663923911354","5.559143803760076","798","32","14","11007","SNRNP70,SNRPA,SNRPC,SNRPD2,SNRPD3,SNRPG,SF3A1,SF3A2,SF3A3,SF3B2,SF3B3,PRPF31,LSM6,SNRNP40"
"HPA","Skin 2; langerhans cells[≥Medium]","HPA:0471462","false","0.0000028576878295142917","5.543985214776698","661","32","13","11007","SNRNP70,SNRPA,SNRPB2,SNRPD1,SNRPD2,SNRPD3,SNRPG,SF3B2,PHF5A,SNRPA1,PRPF6,LSM2,SNRNP40"
"HPA","Lung; alveolar cells type II[High]","HPA:0301373","false","0.000002910010716278423","5.536105411697249","662","32","13","11007","SNRNP70,SNRPA,SNRPC,SNRPB2,SNRPD2,SF3A1,SF3A3,SF3B2,PHF5A,PRPF4,PRPF31,LSM2,LSM6"
"HPA","Stomach 2; glandular cells[≥Medium]","HPA:0550052","false","0.0000030010099478336633","5.522732564960983","6273","32","32","11007","SNRNP70,SNRPA,SNRPC,SNRPB,SNRPB2,SNRPD1,SNRPD2,SNRPD3,SNRPG,SF3A1,SF3A2,SF3A3,SF3B1,SF3B2,SF3B3,SF3B4,SF3B5,PHF5A,SNRPA1,PRPF3,PRPF4,PRPF6,PRPF31,SART3,LSM2,LSM3,LSM6,PRPF8,SNRNP200,EFTUD2,SNRNP40,CWC27"
"HPA","Skin 2; vascular mural cells[≥Low]","HPA:0471491","false","0.0000035170516771849184","5.453821250406012","240","32","9","11007","SNRNP70,SNRPA,SNRPD2,SNRPG,SF3B2,PHF5A,SNRPA1,PRPF6,SNRNP40"
"HPA","Skin 1; vascular mural cells[≥Low]","HPA:0461491","false","0.000003780130598859834","5.422493195563732","242","32","9","11007","SNRNP70,SNRPA,SNRPD2,SNRPD3,SNRPG,SF3B2,SNRPA1,PRPF6,SNRNP40"
"HPA","Cerebral cortex; glial cells[≥Medium]","HPA:0100122","false","0.000003917898845945142","5.406946781004619","2683","32","23","11007","SNRNP70,SNRPA,SNRPC,SNRPB,SNRPB2,SNRPD2,SNRPD3,SNRPG,SF3A1,SF3A2,SF3A3,SF3B2,SF3B3,PHF5A,SNRPA1,PRPF4,PRPF31,SART3,LSM2,LSM6,PRPF8,EFTUD2,SNRNP40"
"HPA","Skin 2; cells in spinous layer[≥Medium]","HPA:0471412","false","0.000004156953759566577","5.381224806399912","682","32","13","11007","SNRNP70,SNRPA,SNRPB2,SNRPD1,SNRPD2,SNRPD3,SNRPG,SF3B2,PHF5A,SNRPA1,PRPF6,LSM2,SNRNP40"
"HPA","Lymph node; germinal center cells[≥Medium]","HPA:0310432","false","0.000005028542868847535","5.298557843114535","3300","32","25","11007","SNRNP70,SNRPA,SNRPC,SNRPB,SNRPD1,SNRPD2,SNRPD3,SNRPG,SF3A1,SF3A2,SF3A3,SF3B3,SF3B5,PHF5A,SNRPA1,PRPF4,PRPF6,PRPF31,LSM2,LSM6,PRPF8,SNRNP200,EFTUD2,SNRNP40,CWC27"
"HPA","Skin 1; lymphocytes[≥Medium]","HPA:0461472","false","0.000006314450680832237","5.1996644244689","574","32","12","11007","SNRNP70,SNRPA,SNRPB2,SNRPD2,SNRPD3,SNRPG,SF3B2,PHF5A,SNRPA1,PRPF6,LSM2,SNRNP40"
"HPA","Skin 2; lymphocytes[High]","HPA:0471473","false","0.000006348682976033018","5.197316359048979","455","32","11","11007","SNRNP70,SNRPA,SNRPD2,SNRPD3,SNRPG,SF3B2,PHF5A,SNRPA1,PRPF6,LSM2,SNRNP40"
"HPA","Cervix; glandular cells[High]","HPA:0630053","false","0.000006404633014033787","5.193505750313708","1181","32","16","11007","SNRNP70,SNRPC,SNRPB,SNRPD2,SF3A1,SF3A2,SF3B1,SF3B2,PHF5A,SNRPA1,PRPF4,PRPF31,LSM2,PRPF8,EFTUD2,SNRNP40"
"HPA","Skin 1; cells in granular layer[≥Low]","HPA:0460181","false","0.00000671933132587514","5.172673943602691","710","32","13","11007","SNRNP70,SNRPA,SNRPB2,SNRPD1,SNRPD2,SNRPD3,SNRPG,SF3B2,PHF5A,SNRPA1,PRPF6,LSM2,SNRNP40"
"HPA","Skin 1; lymphocytes[≥Low]","HPA:0461471","false","0.0000069481688134648585","5.158129638430808","712","32","13","11007","SNRNP70,SNRPA,SNRPB2,SNRPD1,SNRPD2,SNRPD3,SNRPG,SF3B2,PHF5A,SNRPA1,PRPF6,LSM2,SNRNP40"
"HPA","Skin 1; langerhans cells[≥Low]","HPA:0461461","false","0.000007304685204710676","5.1363984952400035","715","32","13","11007","SNRNP70,SNRPA,SNRPB2,SNRPD1,SNRPD2,SNRPD3,SNRPG,SF3B2,PHF5A,SNRPA1,PRPF6,LSM2,SNRNP40"
"HPA","Testis; spermatogonia cells[≥Low]","HPA:0570811","false","0.000007779635128212907","5.109040771329036","3061","32","24","11007","SNRNP70,SNRPA,SNRPC,SNRPB2,SNRPD1,SNRPD2,SNRPD3,SNRPG,SF3A1,SF3A2,SF3A3,SF3B2,SF3B3,PHF5A,SNRPA1,PRPF4,PRPF6,PRPF31,LSM2,LSM3,PRPF8,EFTUD2,SNRNP40,CWC27"
"HPA","Skin 2; cells in granular layer[≥Low]","HPA:0470181","false","0.000007805818426478983","5.107581555193558","719","32","13","11007","SNRNP70,SNRPA,SNRPB2,SNRPD1,SNRPD2,SNRPD3,SNRPG,SF3B2,PHF5A,SNRPA1,PRPF6,LSM2,SNRNP40"
"HPA","Skin 2; melanocytes[≥Low]","HPA:0470671","false","0.000008337901279946274","5.07894325118962","723","32","13","11007","SNRNP70,SNRPA,SNRPB2,SNRPD1,SNRPD2,SNRPD3,SNRPG,SF3B2,PHF5A,SNRPA1,PRPF6,LSM2,SNRNP40"
"HPA","Cervix; squamous epithelial cells[High]","HPA:0630223","false","0.000008979553741136498","5.046745246025089","1036","32","15","11007","SNRNP70,SNRPC,SNRPD2,SF3A1,SF3A3,SF3B2,SF3B3,SF3B5,SNRPA1,PRPF4,PRPF31,LSM2,EFTUD2,SNRNP40,CWC27"
"HPA","Kidney; cells in glomeruli[≥Medium]","HPA:0270352","false","0.00000924202180013823","5.034233011399594","3086","32","24","11007","SNRNP70,SNRPA,SNRPC,SNRPB,SNRPB2,SNRPD2,SNRPG,SF3A1,SF3A2,SF3A3,SF3B2,SF3B3,SF3B5,PHF5A,SNRPA1,PRPF4,PRPF6,PRPF31,SART3,LSM2,LSM6,EFTUD2,SNRNP40,CWC27"
"HPA","Cerebellum; cells in molecular layer[≥Low]","HPA:0090191","false","0.000009616467552258665","5.016984429448076","4454","32","28","11007","SNRNP70,SNRPA,SNRPC,SNRPB,SNRPB2,SNRPD1,SNRPD2,SNRPG,SF3A1,SF3A2,SF3A3,SF3B1,SF3B2,SF3B3,SF3B5,PHF5A,SNRPA1,PRPF3,PRPF4,PRPF6,PRPF31,SART3,LSM2,LSM6,PRPF8,EFTUD2,SNRNP40,CWC27"
"HPA","Cerebral cortex; glial cells[High]","HPA:0100123","false","0.000012088085856336148","4.917642464056142","746","32","13","11007","SNRNP70,SNRPA,SNRPC,SNRPB2,SNRPD2,SF3A1,SF3A3,SF3B2,PHF5A,PRPF4,PRPF31,EFTUD2,SNRNP40"
"HPA","Cerebral cortex; glial cells[≥Low]","HPA:0100121","false","0.000012872660613070198","4.890331680744857","4921","32","29","11007","SNRNP70,SNRPA,SNRPC,SNRPB,SNRPB2,SNRPD1,SNRPD2,SNRPD3,SNRPG,SF3A1,SF3A2,SF3A3,SF3B1,SF3B2,SF3B3,SF3B5,PHF5A,SNRPA1,PRPF3,PRPF4,PRPF6,PRPF31,SART3,LSM2,LSM6,PRPF8,EFTUD2,SNRNP40,CWC27"
"HPA","Caudate; glial cells[≥Medium]","HPA:0080122","false","0.000013206718939261052","4.879205064562992","2319","32","21","11007","SNRNP70,SNRPA,SNRPC,SNRPB,SNRPB2,SNRPD2,SNRPD3,SNRPG,SF3A1,SF3A2,SF3A3,SF3B2,SF3B3,PHF5A,SNRPA1,PRPF4,PRPF31,SART3,LSM2,EFTUD2,SNRNP40"
"HPA","Skeletal muscle; myocytes[≥Medium]","HPA:0440342","false","0.00001379728890412415","4.860206241834205","3783","32","26","11007","SNRNP70,SNRPA,SNRPC,SNRPB,SNRPB2,SNRPD1,SNRPD2,SNRPD3,SNRPG,SF3A1,SF3A2,SF3A3,SF3B1,SF3B2,SF3B3,SF3B5,PHF5A,PRPF3,PRPF4,PRPF31,SART3,LSM2,LSM6,EFTUD2,SNRNP40,CWC27"
"HPA","Skin 1; cells in spinous layer[≥Low]","HPA:0461411","false","0.00001482786336767798","4.8289214244590974","759","32","13","11007","SNRNP70,SNRPA,SNRPB2,SNRPD1,SNRPD2,SNRPD3,SNRPG,SF3B2,PHF5A,SNRPA1,PRPF6,LSM2,SNRNP40"
"HPA","Gallbladder; glandular cells[High]","HPA:0220053","false","0.000015108014189793993","4.820792615944967","2868","32","23","11007","SNRNP70,SNRPC,SNRPD2,SNRPD3,SNRPG,SF3A1,SF3A2,SF3A3,SF3B1,SF3B2,SF3B3,PHF5A,SNRPA1,PRPF4,PRPF6,PRPF31,SART3,LSM2,LSM6,PRPF8,EFTUD2,SNRNP40,CWC27"
"HPA","Fallopian tube; glandular cells[High]","HPA:0210053","false","0.00001521616193805481","4.817694878401576","1648","32","18","11007","SNRNP70,SNRPC,SNRPB2,SNRPD2,SNRPD3,SF3A1,SF3A3,SF3B2,SF3B3,PHF5A,SNRPA1,PRPF6,PRPF31,SART3,LSM2,LSM6,EFTUD2,SNRNP40"
"HPA","Gallbladder; glandular cells[≥Medium]","HPA:0220052","false","0.000015466488422236094","4.810608279187542","6602","32","32","11007","SNRNP70,SNRPA,SNRPC,SNRPB,SNRPB2,SNRPD1,SNRPD2,SNRPD3,SNRPG,SF3A1,SF3A2,SF3A3,SF3B1,SF3B2,SF3B3,SF3B4,SF3B5,PHF5A,SNRPA1,PRPF3,PRPF4,PRPF6,PRPF31,SART3,LSM2,LSM3,LSM6,PRPF8,SNRNP200,EFTUD2,SNRNP40,CWC27"
"HPA","Urinary bladder; urothelial cells[≥Medium]","HPA:0610832","false","0.00001552166354754436","4.809061734701421","5949","32","31","11007","SNRNP70,SNRPA,SNRPC,SNRPB,SNRPB2,SNRPD1,SNRPD2,SNRPD3,SNRPG,SF3A1,SF3A2,SF3A3,SF3B1,SF3B2,SF3B3,SF3B5,PHF5A,SNRPA1,PRPF3,PRPF4,PRPF6,PRPF31,SART3,LSM2,LSM3,LSM6,PRPF8,SNRNP200,EFTUD2,SNRNP40,CWC27"
"HPA","Cerebellum; cells in granular layer[≥Low]","HPA:0090181","false","0.000015569540747292368","4.807724197570498","4539","32","28","11007","SNRNP70,SNRPA,SNRPC,SNRPB,SNRPB2,SNRPD1,SNRPD2,SNRPG,SF3A1,SF3A2,SF3A3,SF3B1,SF3B2,SF3B3,SF3B5,PHF5A,SNRPA1,PRPF4,PRPF6,PRPF31,SART3,LSM2,LSM3,LSM6,PRPF8,EFTUD2,SNRNP40,CWC27"
"HPA","Cerebellum; cells in molecular layer[High]","HPA:0090193","false","0.00001636355658409157","4.786122297426618","918","32","14","11007","SNRNP70,SNRPA,SNRPC,SNRPD2,SNRPG,SF3A1,SF3A3,SF3B2,PHF5A,PRPF4,PRPF31,SART3,EFTUD2,SNRNP40"
"HPA","Soft tissue 2; fibroblasts[≥Medium]","HPA:0510652","false","0.000017736705755823724","4.7511270386711","2616","32","22","11007","SNRNP70,SNRPA,SNRPC,SNRPD1,SNRPD2,SNRPD3,SNRPG,SF3A1,SF3A2,SF3A3,SF3B2,SF3B3,PHF5A,SNRPA1,PRPF4,PRPF6,PRPF31,SART3,LSM2,LSM6,EFTUD2,SNRNP40"
"HPA","Cerebral cortex; neuronal cells[≥Medium]","HPA:0100132","false","0.000018097400778253025","4.7423837957784105","4984","32","29","11007","SNRNP70,SNRPA,SNRPC,SNRPB,SNRPB2,SNRPD1,SNRPD2,SNRPD3,SNRPG,SF3A1,SF3A2,SF3A3,SF3B1,SF3B2,SF3B3,SF3B5,PHF5A,SNRPA1,PRPF3,PRPF4,PRPF6,PRPF31,SART3,LSM2,LSM6,PRPF8,EFTUD2,SNRNP40,CWC27"
"HPA","Skin 1; vascular mural cells[High]","HPA:0461493","false","0.000018844430215832873","4.724816989435425","135","32","7","11007","SNRNP70,SNRPD2,SNRPG,SF3B2,SNRPA1,PRPF6,SNRNP40"
"HPA","Skin 2; endothelial cells[≥Medium]","HPA:0470202","false","0.000019611202621977518","4.707495773182088","636","32","12","11007","SNRNP70,SNRPA,SNRPB2,SNRPD2,SNRPD3,SNRPG,SF3B2,PHF5A,SNRPA1,PRPF6,LSM2,SNRNP40"
"HPA","Skin 1; lymphocytes[High]","HPA:0461473","false","0.000019879076200253302","4.701603801551096","394","32","10","11007","SNRNP70,SNRPA,SNRPD2,SNRPD3,SNRPG,SF3B2,SNRPA1,PRPF6,LSM2,SNRNP40"
"HPA","Skin 1; cells in basal layer[≥Medium]","HPA:0461392","false","0.00001995257032178197","4.700001149868798","637","32","12","11007","SNRNP70,SNRPA,SNRPB2,SNRPD2,SNRPD3,SNRPG,SF3B2,PHF5A,SNRPA1,PRPF6,LSM2,SNRNP40"
"HPA","Endometrium 2; cells in endometrial stroma[≥Low]","HPA:0170251","false","0.000020464171505598452","4.689005833126226","3516","32","25","11007","SNRNP70,SNRPA,SNRPC,SNRPB,SNRPB2,SNRPD2,SNRPD3,SNRPG,SF3A1,SF3A2,SF3A3,SF3B1,SF3B2,SF3B5,PHF5A,SNRPA1,PRPF4,PRPF6,PRPF31,SART3,LSM2,PRPF8,EFTUD2,SNRNP40,CWC27"
"HPA","Skin 2; melanocytes[≥Medium]","HPA:0470672","false","0.0000206513647218043","4.685051243205408","639","32","12","11007","SNRNP70,SNRPA,SNRPB2,SNRPD2,SNRPD3,SNRPG,SF3B2,PHF5A,SNRPA1,PRPF6,LSM2,SNRNP40"
"HPA","Esophagus","HPA:0190000","false","0.00002127933131204223","4.672042023559934","6668","32","32","11007","SNRNP70,SNRPA,SNRPC,SNRPB,SNRPB2,SNRPD1,SNRPD2,SNRPD3,SNRPG,SF3A1,SF3A2,SF3A3,SF3B1,SF3B2,SF3B3,SF3B4,SF3B5,PHF5A,SNRPA1,PRPF3,PRPF4,PRPF6,PRPF31,SART3,LSM2,LSM3,LSM6,PRPF8,SNRNP200,EFTUD2,SNRNP40,CWC27"
"HPA","Esophagus; squamous epithelial cells[≥Low]","HPA:0190221","false","0.00002127933131204223","4.672042023559934","6668","32","32","11007","SNRNP70,SNRPA,SNRPC,SNRPB,SNRPB2,SNRPD1,SNRPD2,SNRPD3,SNRPG,SF3A1,SF3A2,SF3A3,SF3B1,SF3B2,SF3B3,SF3B4,SF3B5,PHF5A,SNRPA1,PRPF3,PRPF4,PRPF6,PRPF31,SART3,LSM2,LSM3,LSM6,PRPF8,SNRNP200,EFTUD2,SNRNP40,CWC27"
"HPA","Skin 2; langerhans cells[≥Low]","HPA:0471461","false","0.00002306627911628528","4.637022457043513","788","32","13","11007","SNRNP70,SNRPA,SNRPB2,SNRPD1,SNRPD2,SNRPD3,SNRPG,SF3B2,PHF5A,SNRPA1,PRPF6,LSM2,SNRNP40"
"HPA","Skin 2; lymphocytes[≥Medium]","HPA:0471472","false","0.000023273658392290183","4.633135344487045","646","32","12","11007","SNRNP70,SNRPA,SNRPB2,SNRPD2,SNRPD3,SNRPG,SF3B2,PHF5A,SNRPA1,PRPF6,LSM2,SNRNP40"
"HPA","Soft tissue 1; fibroblasts[≥Low]","HPA:0500651","false","0.000023749565154116213","4.624344337740028","4230","32","27","11007","SNRNP70,SNRPA,SNRPC,SNRPB2,SNRPD1,SNRPD2,SNRPD3,SNRPG,SF3A1,SF3A2,SF3A3,SF3B1,SF3B2,SF3B3,PHF5A,SNRPA1,PRPF3,PRPF4,PRPF6,PRPF31,SART3,LSM2,LSM6,PRPF8,SNRNP200,EFTUD2,SNRNP40"
"HPA","Cerebral cortex; neuronal cells[≥Low]","HPA:0100131","false","0.00002457473203344322","4.60951120908205","6698","32","32","11007","SNRNP70,SNRPA,SNRPC,SNRPB,SNRPB2,SNRPD1,SNRPD2,SNRPD3,SNRPG,SF3A1,SF3A2,SF3A3,SF3B1,SF3B2,SF3B3,SF3B4,SF3B5,PHF5A,SNRPA1,PRPF3,PRPF4,PRPF6,PRPF31,SART3,LSM2,LSM3,LSM6,PRPF8,SNRNP200,EFTUD2,SNRNP40,CWC27"
"HPA","Esophagus; squamous epithelial cells[≥Medium]","HPA:0190222","false","0.000025722059256252112","4.589694265614562","5050","32","29","11007","SNRNP70,SNRPA,SNRPC,SNRPB,SNRPB2,SNRPD1,SNRPD2,SNRPD3,SNRPG,SF3A1,SF3A2,SF3A3,SF3B1,SF3B2,SF3B3,SF3B5,PHF5A,SNRPA1,PRPF4,PRPF6,PRPF31,SART3,LSM2,LSM6,PRPF8,SNRNP200,EFTUD2,SNRNP40,CWC27"
"HPA","Skin 2; lymphocytes[≥Low]","HPA:0471471","false","0.000027953035069516303","4.553571030626152","801","32","13","11007","SNRNP70,SNRPA,SNRPB2,SNRPD1,SNRPD2,SNRPD3,SNRPG,SF3B2,PHF5A,SNRPA1,PRPF6,LSM2,SNRNP40"
"HPA","Pancreas; exocrine glandular cells[High]","HPA:0350473","false","0.00003520255755538121","4.453425782776429","1961","32","19","11007","SNRNP70,SNRPC,SNRPB,SNRPD1,SNRPD2,SNRPD3,SF3A1,SF3A2,SF3B2,SF3B3,SF3B5,PHF5A,SNRPA1,PRPF4,PRPF31,SART3,LSM2,EFTUD2,SNRNP40"
"HPA","Skin 1; endothelial cells[High]","HPA:0460203","false","0.00003751624453526159","4.425780642021185","316","32","9","11007","SNRNP70,SNRPA,SNRPD2,SNRPD3,SNRPG,SF3B2,SNRPA1,PRPF6,SNRNP40"
"HPA","Skin 1; melanocytes[High]","HPA:0460673","false","0.000040564259307258506","4.391856449717123","987","32","14","11007","SNRNP70,SNRPA,SNRPC,SNRPD2,SNRPG,SF3A1,SF3A3,SF3B2,SF3B3,SF3B5,SNRPA1,PRPF31,LSM2,EFTUD2"
"HPA","Caudate; neuronal cells[≥Low]","HPA:0080131","false","0.000042178532898000075","4.374908530461491","6151","32","31","11007","SNRNP70,SNRPA,SNRPC,SNRPB,SNRPB2,SNRPD1,SNRPD2,SNRPD3,SNRPG,SF3A1,SF3A2,SF3A3,SF3B1,SF3B2,SF3B3,SF3B4,SF3B5,PHF5A,SNRPA1,PRPF3,PRPF4,PRPF6,PRPF31,SART3,LSM2,LSM6,PRPF8,SNRNP200,EFTUD2,SNRNP40,CWC27"
"HPA","Cerebellum; Purkinje cells[High]","HPA:0090163","false","0.00004282886714280785","4.368263412881836","1549","32","17","11007","SNRNP70,SNRPC,SNRPD2,SNRPG,SF3A1,SF3A2,SF3A3,SF3B2,SF3B3,SF3B5,PHF5A,SNRPA1,PRPF4,PRPF31,SART3,LSM2,EFTUD2"
"HPA","Kidney; cells in glomeruli[≥Low]","HPA:0270351","false","0.00004638858853615876","4.3335888415421","5163","32","29","11007","SNRNP70,SNRPA,SNRPC,SNRPB,SNRPB2,SNRPD1,SNRPD2,SNRPG,SF3A1,SF3A2,SF3A3,SF3B1,SF3B2,SF3B3,SF3B5,PHF5A,SNRPA1,PRPF3,PRPF4,PRPF6,PRPF31,SART3,LSM2,LSM6,PRPF8,SNRNP200,EFTUD2,SNRNP40,CWC27"
"HPA","Endometrium 1; cells in endometrial stroma[≥Medium]","HPA:0160252","false","0.000047670654330018705","4.321748886882142","2236","32","20","11007","SNRNP70,SNRPC,SNRPB,SNRPD2,SNRPD3,SNRPG,SF3A1,SF3A2,SF3A3,SF3B2,SF3B3,SF3B5,PHF5A,SNRPA1,PRPF4,PRPF31,SART3,LSM6,EFTUD2,SNRNP40"
"HPA","Skin 1; endothelial cells[≥Low]","HPA:0460201","false","0.0000487365469926199","4.312145244030539","840","32","13","11007","SNRNP70,SNRPA,SNRPB2,SNRPD1,SNRPD2,SNRPD3,SNRPG,SF3B2,PHF5A,SNRPA1,PRPF6,LSM2,SNRNP40"
"HPA","Nasopharynx; respiratory epithelial cells[High]","HPA:0320103","false","0.00005276875359338836","4.277623163808597","1784","32","18","11007","SNRNP70,SNRPC,SNRPB,SNRPD2,SNRPG,SF3A1,SF3A3,SF3B2,SF3B3,SF3B5,PHF5A,PRPF6,PRPF31,SART3,LSM2,LSM6,EFTUD2,SNRNP40"
"HPA","Skin 1; fibrohistiocytic cells[≥Medium]","HPA:0461442","false","0.00005417608762109717","4.266192361169205","698","32","12","11007","SNRNP70,SNRPA,SNRPB2,SNRPD2,SNRPD3,SNRPG,SF3B2,PHF5A,SNRPA1,PRPF6,LSM2,SNRNP40"
"HPA","Oral mucosa","HPA:0330000","false","0.0000663541937397076","4.178131623508565","6245","32","31","11007","SNRNP70,SNRPA,SNRPC,SNRPB,SNRPB2,SNRPD1,SNRPD2,SNRPD3,SNRPG,SF3A1,SF3A2,SF3A3,SF3B1,SF3B2,SF3B3,SF3B4,SF3B5,PHF5A,SNRPA1,PRPF3,PRPF4,PRPF6,PRPF31,SART3,LSM2,LSM6,PRPF8,SNRNP200,EFTUD2,SNRNP40,CWC27"
"HPA","Oral mucosa; squamous epithelial cells[≥Low]","HPA:0330221","false","0.0000663541937397076","4.178131623508565","6245","32","31","11007","SNRNP70,SNRPA,SNRPC,SNRPB,SNRPB2,SNRPD1,SNRPD2,SNRPD3,SNRPG,SF3A1,SF3A2,SF3A3,SF3B1,SF3B2,SF3B3,SF3B4,SF3B5,PHF5A,SNRPA1,PRPF3,PRPF4,PRPF6,PRPF31,SART3,LSM2,LSM6,PRPF8,SNRNP200,EFTUD2,SNRNP40,CWC27"
"HPA","Skin 2; cells in spinous layer[≥Low]","HPA:0471411","false","0.00007328861428015243","4.134963489743286","870","32","13","11007","SNRNP70,SNRPA,SNRPB2,SNRPD1,SNRPD2,SNRPD3,SNRPG,SF3B2,PHF5A,SNRPA1,PRPF6,LSM2,SNRNP40"
"HPA","Pancreas; exocrine glandular cells[≥Low]","HPA:0350471","false","0.00007358638242251275","4.133202546884499","6931","32","32","11007","SNRNP70,SNRPA,SNRPC,SNRPB,SNRPB2,SNRPD1,SNRPD2,SNRPD3,SNRPG,SF3A1,SF3A2,SF3A3,SF3B1,SF3B2,SF3B3,SF3B4,SF3B5,PHF5A,SNRPA1,PRPF3,PRPF4,PRPF6,PRPF31,SART3,LSM2,LSM3,LSM6,PRPF8,SNRNP200,EFTUD2,SNRNP40,CWC27"
"HPA","Endometrium 1; cells in endometrial stroma[≥Low]","HPA:0160251","false","0.00007777753941328383","4.109145800403478","4079","32","26","11007","SNRNP70,SNRPA,SNRPC,SNRPB,SNRPB2,SNRPD2,SNRPD3,SNRPG,SF3A1,SF3A2,SF3A3,SF3B1,SF3B2,SF3B3,SF3B5,PHF5A,SNRPA1,PRPF4,PRPF6,PRPF31,SART3,LSM2,LSM6,EFTUD2,SNRNP40,CWC27"
"HPA","Skin 2; cells in spinous layer[High]","HPA:0471413","false","0.00007912420868361411","4.101690620305499","248","32","8","11007","SNRNP70,SNRPA,SNRPD2,SNRPG,SF3B2,PHF5A,SNRPA1,SNRNP40"
"HPA","Skin 1; cells in basal layer[≥Low]","HPA:0461391","false","0.00008366591484978598","4.0774514357651945","880","32","13","11007","SNRNP70,SNRPA,SNRPB2,SNRPD1,SNRPD2,SNRPD3,SNRPG,SF3B2,PHF5A,SNRPA1,PRPF6,LSM2,SNRNP40"
"HPA","Epididymis; glandular cells[High]","HPA:0180053","false","0.00008669284939158115","4.062016722568171","1842","32","18","11007","SNRNP70,SNRPC,SNRPB2,SNRPD2,SNRPD3,SF3A1,SF3A2,SF3A3,SF3B2,SF3B3,PHF5A,SNRPA1,PRPF31,SART3,LSM2,LSM6,EFTUD2,SNRNP40"
"HPA","Skin 1; fibrohistiocytic cells[≥Low]","HPA:0461441","false","0.00008817466546254542","4.054656179384273","884","32","13","11007","SNRNP70,SNRPA,SNRPB2,SNRPD1,SNRPD2,SNRPD3,SNRPG,SF3B2,PHF5A,SNRPA1,PRPF6,LSM2,SNRNP40"
"HPA","Skin 1; melanocytes[≥Low]","HPA:0460671","false","0.0000915627137449162","4.038281344143224","5297","32","29","11007","SNRNP70,SNRPA,SNRPC,SNRPB,SNRPB2,SNRPD2,SNRPD3,SNRPG,SF3A1,SF3A2,SF3A3,SF3B1,SF3B2,SF3B3,SF3B5,PHF5A,SNRPA1,PRPF3,PRPF4,PRPF6,PRPF31,SART3,LSM2,LSM6,PRPF8,SNRNP200,EFTUD2,SNRNP40,CWC27"
"HPA","Skin 2; endothelial cells[≥Low]","HPA:0470201","false","0.00009169859494789066","4.037637318758035","887","32","13","11007","SNRNP70,SNRPA,SNRPB2,SNRPD1,SNRPD2,SNRPD3,SNRPG,SF3B2,PHF5A,SNRPA1,PRPF6,LSM2,SNRNP40"
"HPA","Skin 1; endothelial cells[≥Medium]","HPA:0460202","false","0.0000921005507029538","4.035737772989481","592","32","11","11007","SNRNP70,SNRPA,SNRPB2,SNRPD2,SNRPD3,SNRPG,SF3B2,SNRPA1,PRPF6,LSM2,SNRNP40"
"HPA","Soft tissue 2; fibroblasts[≥Low]","HPA:0510651","false","0.00009818345137288784","4.00796170552343","4121","32","26","11007","SNRNP70,SNRPA,SNRPC,SNRPB2,SNRPD1,SNRPD2,SNRPD3,SNRPG,SF3A1,SF3A2,SF3A3,SF3B1,SF3B2,SF3B3,PHF5A,SNRPA1,PRPF3,PRPF4,PRPF6,PRPF31,SART3,LSM2,LSM6,SNRNP200,EFTUD2,SNRNP40"
"HPA","Skin 2; melanocytes[High]","HPA:0470673","false","0.00010288092701510597","3.9876651311642997","356","32","9","11007","SNRNP70,SNRPA,SNRPD2,SNRPD3,SNRPG,SF3B2,PHF5A,LSM2,SNRNP40"
"HPA","Testis; sertoli cells[≥Medium]","HPA:0570802","false","0.00010501064454393248","3.9787666758597493","1865","32","18","11007","SNRNP70,SNRPA,SNRPC,SNRPB2,SNRPD1,SNRPD2,SNRPD3,SNRPG,SF3A1,SF3A2,SF3A3,SNRPA1,PRPF4,PRPF6,PRPF31,LSM2,EFTUD2,SNRNP40"
"HPA","Testis; preleptotene spermatocytes[High]","HPA:0570783","false","0.00012121658269893424","3.9164379636514957","752","32","12","11007","SNRNP70,SNRPC,SNRPB2,SNRPD1,SNRPD2,SF3A1,SF3A2,SF3A3,SF3B2,PRPF4,PRPF31,EFTUD2"
"HPA","Bone marrow; hematopoietic cells[High]","HPA:0040083","false","0.0001232454831214286","3.909228988410857","1457","32","16","11007","SNRNP70,SNRPC,SNRPD2,SF3A1,SF3A3,SF3B1,SF3B2,SF3B3,PHF5A,PRPF4,PRPF31,SART3,LSM6,EFTUD2,SNRNP40,CWC27"
"HPA","Skin 2; cells in basal layer[≥Medium]","HPA:0471392","false","0.0001247277757507997","3.904036822286824","754","32","12","11007","SNRNP70,SNRPA,SNRPB2,SNRPD2,SNRPD3,SNRPG,SF3B2,PHF5A,SNRPA1,PRPF6,LSM2,SNRNP40"
"HPA","Skin 2; langerhans cells[High]","HPA:0471463","false","0.00013481609427973157","3.8702582588418704","266","32","8","11007","SNRNP70,SNRPA,SNRPD2,SNRPG,SF3B2,PHF5A,SNRPA1,SNRNP40"
"HPA","Cerebellum; cells in granular layer[≥Medium]","HPA:0090182","false","0.00014979372312558167","3.8245063846942116","2928","32","22","11007","SNRNP70,SNRPA,SNRPC,SNRPB2,SNRPD2,SNRPG,SF3A1,SF3A2,SF3A3,SF3B1,SF3B2,SF3B3,PHF5A,SNRPA1,PRPF4,PRPF31,SART3,LSM2,LSM3,LSM6,EFTUD2,SNRNP40"
"HPA","Hippocampus; neuronal cells[≥Medium]","HPA:0250132","false","0.0001726632485393006","3.7628000923984475","4225","32","26","11007","SNRNP70,SNRPA,SNRPC,SNRPB,SNRPB2,SNRPD1,SNRPD2,SNRPD3,SNRPG,SF3A1,SF3A2,SF3A3,SF3B1,SF3B2,SF3B3,SF3B5,PHF5A,SNRPA1,PRPF4,PRPF6,PRPF31,SART3,LSM2,LSM6,EFTUD2,SNRNP40"
"HPA","Testis; Leydig cells[≥Low]","HPA:0570731","false","0.00018656373647670248","3.7291727688348684","7135","32","32","11007","SNRNP70,SNRPA,SNRPC,SNRPB,SNRPB2,SNRPD1,SNRPD2,SNRPD3,SNRPG,SF3A1,SF3A2,SF3A3,SF3B1,SF3B2,SF3B3,SF3B4,SF3B5,PHF5A,SNRPA1,PRPF3,PRPF4,PRPF6,PRPF31,SART3,LSM2,LSM3,LSM6,PRPF8,SNRNP200,EFTUD2,SNRNP40,CWC27"
"HPA","Skin 1; vascular mural cells[≥Medium]","HPA:0461492","false","0.00018659392650878157","3.729102496316469","189","32","7","11007","SNRNP70,SNRPD2,SNRPG,SF3B2,SNRPA1,PRPF6,SNRNP40"
"HPA","Stomach 2; glandular cells[High]","HPA:0550053","false","0.0001932414595101329","3.7138996910426734","2427","32","20","11007","SNRNP70,SNRPC,SNRPB,SNRPD1,SNRPD2,SNRPD3,SF3A1,SF3A2,SF3A3,SF3B2,SF3B3,PHF5A,SNRPA1,PRPF6,PRPF31,SART3,LSM2,LSM6,SNRNP200,EFTUD2"
"HPA","Cerebellum","HPA:0090000","false","0.00023028780013055385","3.6377290688804145","7182","32","32","11007","SNRNP70,SNRPA,SNRPC,SNRPB,SNRPB2,SNRPD1,SNRPD2,SNRPD3,SNRPG,SF3A1,SF3A2,SF3A3,SF3B1,SF3B2,SF3B3,SF3B4,SF3B5,PHF5A,SNRPA1,PRPF3,PRPF4,PRPF6,PRPF31,SART3,LSM2,LSM3,LSM6,PRPF8,SNRNP200,EFTUD2,SNRNP40,CWC27"
"HPA","Skin 2; cells in basal layer[≥Low]","HPA:0471391","false","0.00023031163863802744","3.637684114712474","961","32","13","11007","SNRNP70,SNRPA,SNRPB2,SNRPD1,SNRPD2,SNRPD3,SNRPG,SF3B2,PHF5A,SNRPA1,PRPF6,LSM2,SNRNP40"
"HPA","Stomach 1; glandular cells[High]","HPA:0540053","false","0.00023135852024060903","3.63571450210597","2453","32","20","11007","SNRNP70,SNRPC,SNRPB,SNRPB2,SNRPD2,SNRPD3,SF3A1,SF3A2,SF3A3,SF3B2,SF3B3,PHF5A,SNRPA1,PRPF4,PRPF6,PRPF31,SART3,LSM2,LSM6,EFTUD2"
"HPA","Endometrium 2; glandular cells[High]","HPA:0170053","false","0.0002555424791662683","3.5925368961787223","1335","32","15","11007","SNRNP70,SNRPC,SF3A1,SF3A3,SF3B2,PHF5A,SNRPA1,PRPF4,PRPF6,PRPF31,SART3,LSM2,PRPF8,EFTUD2,SNRNP40"
"HPA","Vagina; squamous epithelial cells[≥Low]","HPA:0620221","false","0.0002637853398081572","3.578749344564256","5994","32","30","11007","SNRNP70,SNRPA,SNRPC,SNRPB,SNRPB2,SNRPD1,SNRPD2,SNRPD3,SNRPG,SF3A1,SF3A2,SF3A3,SF3B1,SF3B2,SF3B3,SF3B5,PHF5A,SNRPA1,PRPF4,PRPF6,PRPF31,SART3,LSM2,LSM3,LSM6,PRPF8,SNRNP200,EFTUD2,SNRNP40,CWC27"
"HPA","Vagina","HPA:0620000","false","0.0002637853398081572","3.578749344564256","5994","32","30","11007","SNRNP70,SNRPA,SNRPC,SNRPB,SNRPB2,SNRPD1,SNRPD2,SNRPD3,SNRPG,SF3A1,SF3A2,SF3A3,SF3B1,SF3B2,SF3B3,SF3B5,PHF5A,SNRPA1,PRPF4,PRPF6,PRPF31,SART3,LSM2,LSM3,LSM6,PRPF8,SNRNP200,EFTUD2,SNRNP40,CWC27"
"HPA","Lung; endothelial cells[High]","HPA:0300203","false","0.0002797715866044681","3.5531963942311817","293","32","8","11007","SNRNP70,SNRPA,SNRPD2,SF3A1,SF3A3,SF3B2,SF3B3,PRPF31"
"HPA","Breast; glandular cells[High]","HPA:0050053","false","0.00029236919869199933","3.534068382544222","1349","32","15","11007","SNRNP70,SNRPC,SNRPD2,SNRPD3,SF3A1,SF3B2,SF3B3,SNRPA1,PRPF4,PRPF31,SART3,LSM2,LSM6,EFTUD2,SNRNP40"
"HPA","Cerebral cortex; endothelial cells[≥Medium]","HPA:0100202","false","0.00029972393731187336","3.5232785709438526","2491","32","20","11007","SNRNP70,SNRPA,SNRPC,SNRPB,SNRPD1,SNRPD2,SNRPD3,SNRPG,SF3A1,SF3A2,SF3A3,SF3B1,SF3B2,SF3B3,PRPF4,PRPF31,SART3,LSM2,EFTUD2,SNRNP40"
"HPA","Soft tissue 1; peripheral nerve[≥Medium]","HPA:0500702","false","0.0003008612775477465","3.5216337046810176","1352","32","15","11007","SNRNP70,SNRPA,SNRPC,SNRPD1,SNRPD2,SNRPD3,SF3A2,SF3A3,SF3B2,PHF5A,PRPF3,PRPF31,LSM6,EFTUD2,SNRNP40"
"HPA","Lymph node; non-germinal center cells[≥Medium]","HPA:0310442","false","0.00031458391831057624","3.5022634824994165","3988","32","25","11007","SNRNP70,SNRPA,SNRPC,SNRPB2,SNRPD2,SNRPD3,SNRPG,SF3A1,SF3A2,SF3A3,SF3B1,SF3B2,SF3B3,PHF5A,SNRPA1,PRPF4,PRPF6,PRPF31,SART3,LSM2,LSM6,SNRNP200,EFTUD2,SNRNP40,CWC27"
"HPA","Spleen; cells in white pulp[≥Low]","HPA:0530721","false","0.0003176305153082543","3.4980777808250214","4341","32","26","11007","SNRNP70,SNRPA,SNRPC,SNRPB,SNRPB2,SNRPD1,SNRPD2,SNRPD3,SNRPG,SF3A1,SF3A2,SF3A3,SF3B1,SF3B2,SF3B3,PHF5A,SNRPA1,PRPF4,SART3,LSM2,LSM3,LSM6,PRPF8,SNRNP200,EFTUD2,SNRNP40"
"HPA","Hippocampus; glial cells[≥Medium]","HPA:0250122","false","0.00032042945913622037","3.494267563273912","2006","32","18","11007","SNRNP70,SNRPA,SNRPC,SNRPB,SNRPD2,SNRPD3,SNRPG,SF3A1,SF3A2,SF3A3,SF3B2,SF3B3,PHF5A,PRPF4,PRPF31,LSM2,EFTUD2,SNRNP40"
"HPA","Skin 2; vascular mural cells[High]","HPA:0471493","false","0.00032946762873405837","3.482187249818993","129","32","6","11007","SNRNP70,SNRPA,SNRPD2,SNRPG,SF3B2,SNRNP40"
"HPA","Oral mucosa; squamous epithelial cells[≥Medium]","HPA:0330222","false","0.0003414043689477495","3.466730925524277","4355","32","26","11007","SNRNP70,SNRPA,SNRPC,SNRPB,SNRPB2,SNRPD1,SNRPD2,SNRPG,SF3A1,SF3A2,SF3A3,SF3B1,SF3B2,SF3B3,SF3B5,PHF5A,SNRPA1,PRPF4,PRPF6,PRPF31,LSM2,LSM6,SNRNP200,EFTUD2,SNRNP40,CWC27"
"HPA","Skin 2; fibrohistiocytic cells[≥Medium]","HPA:0471442","false","0.0003566353668868949","3.4477755908235883","832","32","12","11007","SNRNP70,SNRPA,SNRPB2,SNRPD2,SNRPD3,SNRPG,SF3B2,PHF5A,SNRPA1,PRPF6,LSM2,SNRNP40"
"HPA","Lymph node; non-germinal center cells[≥Low]","HPA:0310441","false","0.0003577450089953566","3.4464264164945195","6060","32","30","11007","SNRNP70,SNRPA,SNRPC,SNRPB,SNRPB2,SNRPD1,SNRPD2,SNRPD3,SNRPG,SF3A1,SF3A2,SF3A3,SF3B1,SF3B2,SF3B3,SF3B5,PHF5A,SNRPA1,PRPF4,PRPF6,PRPF31,SART3,LSM2,LSM3,LSM6,PRPF8,SNRNP200,EFTUD2,SNRNP40,CWC27"
"HPA","Urinary bladder","HPA:0610000","false","0.0003684030827772038","3.4336767443070917","7288","32","32","11007","SNRNP70,SNRPA,SNRPC,SNRPB,SNRPB2,SNRPD1,SNRPD2,SNRPD3,SNRPG,SF3A1,SF3A2,SF3A3,SF3B1,SF3B2,SF3B3,SF3B4,SF3B5,PHF5A,SNRPA1,PRPF3,PRPF4,PRPF6,PRPF31,SART3,LSM2,LSM3,LSM6,PRPF8,SNRNP200,EFTUD2,SNRNP40,CWC27"
"HPA","Urinary bladder; urothelial cells[≥Low]","HPA:0610831","false","0.0003684030827772038","3.4336767443070917","7288","32","32","11007","SNRNP70,SNRPA,SNRPC,SNRPB,SNRPB2,SNRPD1,SNRPD2,SNRPD3,SNRPG,SF3A1,SF3A2,SF3A3,SF3B1,SF3B2,SF3B3,SF3B4,SF3B5,PHF5A,SNRPA1,PRPF3,PRPF4,PRPF6,PRPF31,SART3,LSM2,LSM3,LSM6,PRPF8,SNRNP200,EFTUD2,SNRNP40,CWC27"
"HPA","Thyroid gland; glandular cells[≥Medium]","HPA:0590052","false","0.00038159210969963776","3.418400613919031","5592","32","29","11007","SNRNP70,SNRPA,SNRPC,SNRPB,SNRPB2,SNRPD1,SNRPD2,SNRPD3,SNRPG,SF3A1,SF3A2,SF3A3,SF3B2,SF3B3,SF3B4,SF3B5,PHF5A,SNRPA1,PRPF3,PRPF4,PRPF6,PRPF31,SART3,LSM2,LSM6,PRPF8,SNRNP200,SNRNP40,CWC27"
"HPA","Adrenal gland; glandular cells[High]","HPA:0020053","false","0.0004159303994216164","3.380979336863761","2284","32","19","11007","SNRNP70,SNRPC,SNRPD2,SNRPG,SF3A1,SF3A3,SF3B2,SF3B3,SF3B5,PHF5A,SNRPA1,PRPF4,PRPF31,SART3,LSM2,PRPF8,EFTUD2,SNRNP40,CWC27"
"HPA","Colon; endothelial cells[≥Medium]","HPA:0130202","false","0.0004237759795704385","3.3728636635658966","3711","32","24","11007","SNRNP70,SNRPA,SNRPC,SNRPB,SNRPD2,SNRPD3,SNRPG,SF3A1,SF3A2,SF3A3,SF3B1,SF3B2,SF3B3,PHF5A,SNRPA1,PRPF4,PRPF6,PRPF31,SART3,LSM2,LSM6,EFTUD2,SNRNP40,CWC27"
"HPA","Duodenum; glandular cells[≥Medium]","HPA:0150052","false","0.0004255914275559356","3.371007128369606","6098","32","30","11007","SNRNP70,SNRPA,SNRPC,SNRPB,SNRPB2,SNRPD1,SNRPD3,SNRPG,SF3A1,SF3A2,SF3A3,SF3B1,SF3B2,SF3B3,SF3B4,SF3B5,PHF5A,SNRPA1,PRPF3,PRPF4,PRPF6,PRPF31,SART3,LSM2,LSM3,LSM6,SNRNP200,EFTUD2,SNRNP40,CWC27"
"HPA","Epididymis; glandular cells[≥Low]","HPA:0180051","false","0.0004314674618128789","3.3650519500946343","7324","32","32","11007","SNRNP70,SNRPA,SNRPC,SNRPB,SNRPB2,SNRPD1,SNRPD2,SNRPD3,SNRPG,SF3A1,SF3A2,SF3A3,SF3B1,SF3B2,SF3B3,SF3B4,SF3B5,PHF5A,SNRPA1,PRPF3,PRPF4,PRPF6,PRPF31,SART3,LSM2,LSM3,LSM6,PRPF8,SNRNP200,EFTUD2,SNRNP40,CWC27"
"HPA","Epididymis","HPA:0180000","false","0.0004314674618128789","3.3650519500946343","7324","32","32","11007","SNRNP70,SNRPA,SNRPC,SNRPB,SNRPB2,SNRPD1,SNRPD2,SNRPD3,SNRPG,SF3A1,SF3A2,SF3A3,SF3B1,SF3B2,SF3B3,SF3B4,SF3B5,PHF5A,SNRPA1,PRPF3,PRPF4,PRPF6,PRPF31,SART3,LSM2,LSM3,LSM6,PRPF8,SNRNP200,EFTUD2,SNRNP40,CWC27"
"HPA","Skin 2; fibrohistiocytic cells[≥Low]","HPA:0471441","false","0.0004532714684199734","3.3436416171375223","1020","32","13","11007","SNRNP70,SNRPA,SNRPB2,SNRPD1,SNRPD2,SNRPD3,SNRPG,SF3B2,PHF5A,SNRPA1,PRPF6,LSM2,SNRNP40"
"HPA","Placenta; decidual cells[High]","HPA:0380513","false","0.00045936496879026955","3.337842127210585","1203","32","14","11007","SNRNP70,SNRPC,SNRPD2,SNRPD3,SNRPG,SF3A1,SF3B2,SF3B3,PHF5A,PRPF4,SART3,LSM2,EFTUD2,CWC27"
"HPA","Soft tissue 2","HPA:0510000","false","0.00046413117972984424","3.3333592552617097","5196","32","28","11007","SNRNP70,SNRPA,SNRPC,SNRPB,SNRPB2,SNRPD1,SNRPD2,SNRPD3,SNRPG,SF3A1,SF3A2,SF3A3,SF3B1,SF3B2,SF3B3,PHF5A,SNRPA1,PRPF3,PRPF4,PRPF6,PRPF31,SART3,LSM2,LSM6,SNRNP200,EFTUD2,SNRNP40,CWC27"
"HPA","Colon; peripheral nerve/ganglion[≥Medium]","HPA:0130242","false","0.000508652219651872","3.2935790559918368","3428","32","23","11007","SNRNP70,SNRPA,SNRPC,SNRPG,SF3A1,SF3A2,SF3A3,SF3B1,SF3B2,SF3B3,SF3B5,PHF5A,SNRPA1,PRPF3,PRPF4,PRPF6,PRPF31,LSM2,LSM6,SNRNP200,EFTUD2,SNRNP40,CWC27"
"HPA","Colon; endothelial cells[≥Low]","HPA:0130201","false","0.0005381550484728698","3.26909258122016","5666","32","29","11007","SNRNP70,SNRPA,SNRPC,SNRPB,SNRPD1,SNRPD2,SNRPD3,SNRPG,SF3A1,SF3A2,SF3A3,SF3B1,SF3B2,SF3B3,SF3B4,SF3B5,PHF5A,SNRPA1,PRPF3,PRPF4,PRPF6,PRPF31,SART3,LSM2,LSM6,SNRNP200,EFTUD2,SNRNP40,CWC27"
"HPA","Epididymis; glandular cells[≥Medium]","HPA:0180052","false","0.0005792638527190153","3.2371235715431816","5682","32","29","11007","SNRNP70,SNRPA,SNRPC,SNRPB,SNRPB2,SNRPD1,SNRPD2,SNRPD3,SNRPG,SF3A1,SF3A2,SF3A3,SF3B1,SF3B2,SF3B3,SF3B4,SF3B5,PHF5A,SNRPA1,PRPF4,PRPF6,PRPF31,SART3,LSM2,LSM6,PRPF8,SNRNP200,EFTUD2,SNRNP40"
"HPA","Pancreas","HPA:0350000","false","0.0005853597134973152","3.2325771705388386","7394","32","32","11007","SNRNP70,SNRPA,SNRPC,SNRPB,SNRPB2,SNRPD1,SNRPD2,SNRPD3,SNRPG,SF3A1,SF3A2,SF3A3,SF3B1,SF3B2,SF3B3,SF3B4,SF3B5,PHF5A,SNRPA1,PRPF3,PRPF4,PRPF6,PRPF31,SART3,LSM2,LSM3,LSM6,PRPF8,SNRNP200,EFTUD2,SNRNP40,CWC27"
"HPA","Cervix; glandular cells[≥Low]","HPA:0630051","false","0.0005899991774595472","3.2291485938240063","5686","32","29","11007","SNRNP70,SNRPA,SNRPC,SNRPB,SNRPB2,SNRPD1,SNRPD2,SNRPD3,SNRPG,SF3A1,SF3A2,SF3A3,SF3B1,SF3B2,SF3B5,PHF5A,SNRPA1,PRPF3,PRPF4,PRPF6,PRPF31,SART3,LSM2,LSM3,PRPF8,SNRNP200,EFTUD2,SNRNP40,CWC27"
"HPA","Appendix; glandular cells[≥Low]","HPA:0030051","false","0.0006412211899526499","3.192992134278827","6740","32","31","11007","SNRNP70,SNRPA,SNRPC,SNRPB,SNRPB2,SNRPD1,SNRPD3,SNRPG,SF3A1,SF3A2,SF3A3,SF3B1,SF3B2,SF3B3,SF3B4,SF3B5,PHF5A,SNRPA1,PRPF3,PRPF4,PRPF6,PRPF31,SART3,LSM2,LSM3,LSM6,PRPF8,SNRNP200,EFTUD2,SNRNP40,CWC27"
"HPA","Hippocampus; glial cells[≥Low]","HPA:0250121","false","0.0007109363736546075","3.1481692653844116","4144","32","25","11007","SNRNP70,SNRPA,SNRPC,SNRPB,SNRPB2,SNRPD2,SNRPD3,SNRPG,SF3A1,SF3A2,SF3A3,SF3B1,SF3B2,SF3B3,SF3B5,PHF5A,SNRPA1,PRPF4,PRPF31,SART3,LSM2,LSM6,EFTUD2,SNRNP40,CWC27"
"HPA","Hippocampus; neuronal cells[≥Low]","HPA:0250131","false","0.0007207037421004533","3.142243222953242","6215","32","30","11007","SNRNP70,SNRPA,SNRPC,SNRPB,SNRPB2,SNRPD1,SNRPD2,SNRPD3,SNRPG,SF3A1,SF3A2,SF3A3,SF3B1,SF3B2,SF3B3,SF3B5,PHF5A,SNRPA1,PRPF3,PRPF4,PRPF6,PRPF31,SART3,LSM2,LSM6,PRPF8,SNRNP200,EFTUD2,SNRNP40,CWC27"
"HPA","Lung; macrophages[≥Medium]","HPA:0300412","false","0.0007493586517242119","3.1253102741771404","4891","32","27","11007","SNRNP70,SNRPA,SNRPC,SNRPB,SNRPB2,SNRPD1,SNRPD2,SNRPD3,SF3A1,SF3A2,SF3A3,SF3B1,SF3B2,SF3B3,SF3B4,SF3B5,PHF5A,SNRPA1,PRPF4,PRPF6,PRPF31,LSM2,PRPF8,SNRNP200,EFTUD2,SNRNP40,CWC27"
"HPA","Skin 1; sebaceous glands[High]","HPA:0461483","false","0.0007499413815418251","3.124972681498746","83","32","5","11007","SNRPA,SNRPD2,SNRPG,SF3B2,PRPF6"
"HPA","Placenta","HPA:0380000","false","0.0009398947573206584","3.0269207728617227","7504","32","32","11007","SNRNP70,SNRPA,SNRPC,SNRPB,SNRPB2,SNRPD1,SNRPD2,SNRPD3,SNRPG,SF3A1,SF3A2,SF3A3,SF3B1,SF3B2,SF3B3,SF3B4,SF3B5,PHF5A,SNRPA1,PRPF3,PRPF4,PRPF6,PRPF31,SART3,LSM2,LSM3,LSM6,PRPF8,SNRNP200,EFTUD2,SNRNP40,CWC27"
"HPA","Salivary gland; glandular cells[High]","HPA:0420053","false","0.0009467712763655219","3.023754926392703","1479","32","15","11007","SNRNP70,SNRPC,SNRPB,SF3B1,SF3B2,SF3B3,SF3B5,PHF5A,SNRPA1,PRPF31,SART3,LSM6,EFTUD2,SNRNP40,CWC27"
"HPA","Skin 2; fibrohistiocytic cells[High]","HPA:0471443","false","0.0009615705024417317","3.0170188677449086","466","32","9","11007","SNRNP70,SNRPA,SNRPD2,SNRPG,SF3B2,PHF5A,SNRPA1,LSM2,SNRNP40"
"HPA","Soft tissue 1","HPA:0500000","false","0.0009845614137545071","3.0067571887967293","5357","32","28","11007","SNRNP70,SNRPA,SNRPC,SNRPB,SNRPB2,SNRPD1,SNRPD2,SNRPD3,SNRPG,SF3A1,SF3A2,SF3A3,SF3B1,SF3B2,SF3B3,PHF5A,SNRPA1,PRPF3,PRPF4,PRPF6,PRPF31,SART3,LSM2,LSM6,PRPF8,SNRNP200,EFTUD2,SNRNP40"
"HPA","Colon; glandular cells[High]","HPA:0130053","false","0.0010237090492718453","2.9898234576671556","2418","32","19","11007","SNRNP70,SNRPC,SNRPB2,SF3A1,SF3A2,SF3A3,SF3B2,SF3B3,SF3B5,PHF5A,SNRPA1,PRPF4,PRPF6,PRPF31,LSM2,LSM6,EFTUD2,SNRNP40,CWC27"
"HPA","Cerebellum; cells in granular layer[High]","HPA:0090183","false","0.001024338391231147","2.98955655003274","756","32","11","11007","SNRNP70,SNRPC,SNRPD2,SNRPG,SF3A1,SF3B2,SNRPA1,PRPF4,PRPF31,LSM2,EFTUD2"
"HPA","Placenta; endothelial cells[High]","HPA:0380203","false","0.001024408031916237","2.9895270250852692","244","32","7","11007","SNRNP70,SNRPD2,SF3A2,SF3B3,PRPF31,PRPF8,SNRNP40"
"HPA","Skin 2; cells in granular layer[High]","HPA:0470183","false","0.0011403082243804535","2.94297774335226","248","32","7","11007","SNRPA,SNRPD2,SNRPG,SF3B2,PHF5A,SNRPA1,SNRNP40"
"HPA","Soft tissue 1; chondrocytes[≥Low]","HPA:0500111","false","0.001165320655533042","2.933554555524453","2186","32","18","11007","SNRNP70,SNRPA,SNRPC,SNRPB,SNRPB2,SNRPD2,SNRPG,SF3A2,SF3A3,SF3B1,SF3B2,PHF5A,SNRPA1,PRPF4,PRPF6,PRPF31,SNRNP200,SNRNP40"
"HPA","Appendix; lymphoid tissue[≥Medium]","HPA:0030072","false","0.0012278624020270765","2.9108502988207223","2990","32","21","11007","SNRNP70,SNRPA,SNRPC,SNRPD1,SNRPD3,SNRPG,SF3A1,SF3A2,SF3B1,SF3B2,SF3B3,PHF5A,SNRPA1,PRPF4,PRPF31,SART3,LSM2,LSM6,SNRNP200,EFTUD2,SNRNP40"
"HPA","Stomach 1; glandular cells[≥Medium]","HPA:0540052","false","0.0012489673575167368","2.9034489120146634","6340","32","30","11007","SNRNP70,SNRPA,SNRPC,SNRPB,SNRPB2,SNRPD1,SNRPD2,SNRPD3,SNRPG,SF3A1,SF3A2,SF3A3,SF3B1,SF3B2,SF3B3,SF3B4,SF3B5,PHF5A,SNRPA1,PRPF3,PRPF4,PRPF6,PRPF31,SART3,LSM2,LSM6,PRPF8,EFTUD2,SNRNP40,CWC27"
"HPA","Bone marrow; hematopoietic cells[≥Medium]","HPA:0040082","false","0.0012773397513732342","2.8936935721793002","4261","32","25","11007","SNRNP70,SNRPA,SNRPC,SNRPB,SNRPB2,SNRPD2,SNRPD3,SNRPG,SF3A1,SF3A2,SF3A3,SF3B1,SF3B2,SF3B3,PHF5A,SNRPA1,PRPF4,PRPF31,SART3,LSM2,LSM6,SNRNP200,EFTUD2,SNRNP40,CWC27"
"HPA","Stomach 2; glandular cells[≥Low]","HPA:0550051","false","0.0013717501711420696","2.862724976948503","7593","32","32","11007","SNRNP70,SNRPA,SNRPC,SNRPB,SNRPB2,SNRPD1,SNRPD2,SNRPD3,SNRPG,SF3A1,SF3A2,SF3A3,SF3B1,SF3B2,SF3B3,SF3B4,SF3B5,PHF5A,SNRPA1,PRPF3,PRPF4,PRPF6,PRPF31,SART3,LSM2,LSM3,LSM6,PRPF8,SNRNP200,EFTUD2,SNRNP40,CWC27"
"HPA","Stomach 2","HPA:0550000","false","0.0013717501711420696","2.862724976948503","7593","32","32","11007","SNRNP70,SNRPA,SNRPC,SNRPB,SNRPB2,SNRPD1,SNRPD2,SNRPD3,SNRPG,SF3A1,SF3A2,SF3A3,SF3B1,SF3B2,SF3B3,SF3B4,SF3B5,PHF5A,SNRPA1,PRPF3,PRPF4,PRPF6,PRPF31,SART3,LSM2,LSM3,LSM6,PRPF8,SNRNP200,EFTUD2,SNRNP40,CWC27"
"HPA","Cervix","HPA:0630000","false","0.0013739040472794696","2.862043597110662","6916","32","31","11007","SNRNP70,SNRPA,SNRPC,SNRPB,SNRPB2,SNRPD1,SNRPD2,SNRPD3,SNRPG,SF3A1,SF3A2,SF3A3,SF3B1,SF3B2,SF3B3,SF3B5,PHF5A,SNRPA1,PRPF3,PRPF4,PRPF6,PRPF31,SART3,LSM2,LSM3,LSM6,PRPF8,SNRNP200,EFTUD2,SNRNP40,CWC27"
"HPA","Adipose tissue","HPA:0010000","false","0.0013980329729016108","2.854482585542876","3938","32","24","11007","SNRNP70,SNRPA,SNRPC,SNRPB,SNRPB2,SNRPD2,SNRPD3,SNRPG,SF3A1,SF3A2,SF3B2,SF3B3,PHF5A,SNRPA1,PRPF3,PRPF4,PRPF6,PRPF31,SART3,LSM2,PRPF8,SNRNP200,EFTUD2,SNRNP40"
"HPA","Adipose tissue; adipocytes[≥Low]","HPA:0010011","false","0.0013980329729016108","2.854482585542876","3938","32","24","11007","SNRNP70,SNRPA,SNRPC,SNRPB,SNRPB2,SNRPD2,SNRPD3,SNRPG,SF3A1,SF3A2,SF3B2,SF3B3,PHF5A,SNRPA1,PRPF3,PRPF4,PRPF6,PRPF31,SART3,LSM2,PRPF8,SNRNP200,EFTUD2,SNRNP40"
"HPA","Smooth muscle; smooth muscle cells[≥Low]","HPA:0490691","false","0.0014477556799539762","2.8393047225314696","5442","32","28","11007","SNRNP70,SNRPA,SNRPC,SNRPB,SNRPB2,SNRPD1,SNRPD2,SNRPD3,SNRPG,SF3A1,SF3A2,SF3A3,SF3B1,SF3B2,SF3B3,SF3B5,PHF5A,SNRPA1,PRPF4,PRPF6,PRPF31,SART3,LSM2,LSM6,SNRNP200,EFTUD2,SNRNP40,CWC27"
"HPA","Smooth muscle","HPA:0490000","false","0.0014477556799539762","2.8393047225314696","5442","32","28","11007","SNRNP70,SNRPA,SNRPC,SNRPB,SNRPB2,SNRPD1,SNRPD2,SNRPD3,SNRPG,SF3A1,SF3A2,SF3A3,SF3B1,SF3B2,SF3B3,SF3B5,PHF5A,SNRPA1,PRPF4,PRPF6,PRPF31,SART3,LSM2,LSM6,SNRNP200,EFTUD2,SNRNP40,CWC27"
"HPA","Cervix; squamous epithelial cells[≥Low]","HPA:0630221","false","0.0015006622564253506","2.8237170403854246","5450","32","28","11007","SNRNP70,SNRPA,SNRPC,SNRPB,SNRPB2,SNRPD1,SNRPD2,SNRPG,SF3A1,SF3A2,SF3A3,SF3B1,SF3B2,SF3B3,SF3B5,PHF5A,SNRPA1,PRPF4,PRPF6,PRPF31,SART3,LSM2,LSM6,PRPF8,SNRNP200,EFTUD2,SNRNP40,CWC27"
"HPA","Vagina; squamous epithelial cells[High]","HPA:0620223","false","0.0015735154930266845","2.8031289766129333","1140","32","13","11007","SNRNP70,SNRPC,SF3A1,SF3A3,SF3B2,SF3B3,PHF5A,PRPF4,PRPF31,SART3,LSM2,EFTUD2,SNRNP40"
"HPA","Caudate","HPA:0080000","false","0.0016013069362057816","2.795525415161145","6952","32","31","11007","SNRNP70,SNRPA,SNRPC,SNRPB,SNRPB2,SNRPD1,SNRPD2,SNRPD3,SNRPG,SF3A1,SF3A2,SF3A3,SF3B1,SF3B2,SF3B3,SF3B4,SF3B5,PHF5A,SNRPA1,PRPF3,PRPF4,PRPF6,PRPF31,SART3,LSM2,LSM6,PRPF8,SNRNP200,EFTUD2,SNRNP40,CWC27"
"HPA","Adipose tissue; adipocytes[≥Medium]","HPA:0010012","false","0.0016184151287620878","2.7909100704824423","2235","32","18","11007","SNRNP70,SNRPA,SNRPC,SNRPB,SNRPD2,SNRPD3,SF3A1,SF3A2,SF3B2,SF3B3,SNRPA1,PRPF4,PRPF6,PRPF31,SART3,PRPF8,EFTUD2,SNRNP40"
"HPA","Gallbladder; glandular cells[≥Low]","HPA:0220051","false","0.0017073375711424226","2.7676806026168386","7645","32","32","11007","SNRNP70,SNRPA,SNRPC,SNRPB,SNRPB2,SNRPD1,SNRPD2,SNRPD3,SNRPG,SF3A1,SF3A2,SF3A3,SF3B1,SF3B2,SF3B3,SF3B4,SF3B5,PHF5A,SNRPA1,PRPF3,PRPF4,PRPF6,PRPF31,SART3,LSM2,LSM3,LSM6,PRPF8,SNRNP200,EFTUD2,SNRNP40,CWC27"
"HPA","Gallbladder","HPA:0220000","false","0.0017073375711424226","2.7676806026168386","7645","32","32","11007","SNRNP70,SNRPA,SNRPC,SNRPB,SNRPB2,SNRPD1,SNRPD2,SNRPD3,SNRPG,SF3A1,SF3A2,SF3A3,SF3B1,SF3B2,SF3B3,SF3B4,SF3B5,PHF5A,SNRPA1,PRPF3,PRPF4,PRPF6,PRPF31,SART3,LSM2,LSM3,LSM6,PRPF8,SNRNP200,EFTUD2,SNRNP40,CWC27"
"HPA","Parathyroid gland; glandular cells[High]","HPA:0360053","false","0.001721584675155057","2.7640716119089284","1551","32","15","11007","SNRNP70,SNRPC,SNRPB,SNRPB2,SNRPD2,SNRPG,SF3A1,SF3A2,SF3B3,SNRPA1,PRPF4,SART3,LSM2,EFTUD2,CWC27"
"HPA","Stomach 1; glandular cells[≥Low]","HPA:0540051","false","0.0017217179254978329","2.7640379988953074","7647","32","32","11007","SNRNP70,SNRPA,SNRPC,SNRPB,SNRPB2,SNRPD1,SNRPD2,SNRPD3,SNRPG,SF3A1,SF3A2,SF3A3,SF3B1,SF3B2,SF3B3,SF3B4,SF3B5,PHF5A,SNRPA1,PRPF3,PRPF4,PRPF6,PRPF31,SART3,LSM2,LSM3,LSM6,PRPF8,SNRNP200,EFTUD2,SNRNP40,CWC27"
"HPA","Stomach 1","HPA:0540000","false","0.0017217179254978329","2.7640379988953074","7647","32","32","11007","SNRNP70,SNRPA,SNRPC,SNRPB,SNRPB2,SNRPD1,SNRPD2,SNRPD3,SNRPG,SF3A1,SF3A2,SF3A3,SF3B1,SF3B2,SF3B3,SF3B4,SF3B5,PHF5A,SNRPA1,PRPF3,PRPF4,PRPF6,PRPF31,SART3,LSM2,LSM3,LSM6,PRPF8,SNRNP200,EFTUD2,SNRNP40,CWC27"
"HPA","Ovary; ovarian stroma cells[≥Low]","HPA:0340461","false","0.0017700492786223074","2.752014642601001","3985","32","24","11007","SNRNP70,SNRPA,SNRPC,SNRPB,SNRPB2,SNRPD2,SNRPD3,SNRPG,SF3A1,SF3A2,SF3A3,SF3B2,SF3B3,PHF5A,SNRPA1,PRPF4,PRPF6,PRPF31,SART3,LSM2,LSM6,EFTUD2,SNRNP40,CWC27"
"HPA","Pancreas; pancreatic endocrine cells[High]","HPA:0351183","false","0.0018091257484578163","2.742531245211321","802","32","11","11007","SNRNP70,SNRPC,SNRPD2,SNRPD3,SF3A1,SF3B2,SF3B3,PRPF31,SART3,EFTUD2,SNRNP40"
"HPA","Testis; sertoli cells[≥Low]","HPA:0570801","false","0.0021500445330177712","2.6675525446222625","2536","32","19","11007","SNRNP70,SNRPA,SNRPC,SNRPB2,SNRPD1,SNRPD2,SNRPD3,SNRPG,SF3A1,SF3A2,SF3A3,SF3B3,SNRPA1,PRPF4,PRPF6,PRPF31,LSM2,EFTUD2,SNRNP40"
"HPA","Skin 2","HPA:0470000","false","0.002160323161054712","2.665481278217078","7023","32","31","11007","SNRNP70,SNRPA,SNRPC,SNRPB,SNRPB2,SNRPD1,SNRPD2,SNRPD3,SNRPG,SF3A1,SF3A2,SF3A3,SF3B1,SF3B2,SF3B3,SF3B5,PHF5A,SNRPA1,PRPF3,PRPF4,PRPF6,PRPF31,SART3,LSM2,LSM3,LSM6,PRPF8,SNRNP200,EFTUD2,SNRNP40,CWC27"
"HPA","Endometrium 2; cells in endometrial stroma[≥Medium]","HPA:0170252","false","0.0022290207076333364","2.651885896899252","1805","32","16","11007","SNRNP70,SNRPA,SNRPC,SNRPB,SNRPG,SF3A1,SF3A3,SF3B2,PHF5A,SNRPA1,PRPF4,PRPF31,SART3,LSM2,EFTUD2,SNRNP40"
"HPA","Cervix; glandular cells[≥Medium]","HPA:0630052","false","0.0022770785578114503","2.6426219862335594","4036","32","24","11007","SNRNP70,SNRPA,SNRPC,SNRPB,SNRPB2,SNRPD2,SNRPD3,SNRPG,SF3A1,SF3A2,SF3A3,SF3B1,SF3B2,PHF5A,SNRPA1,PRPF4,PRPF31,SART3,LSM2,PRPF8,SNRNP200,EFTUD2,SNRNP40,CWC27"
"HPA","Endometrium 1; glandular cells[≥Medium]","HPA:0160052","false","0.002466297887246223","2.607954469113343","5149","32","27","11007","SNRNP70,SNRPA,SNRPC,SNRPB,SNRPB2,SNRPD2,SNRPD3,SNRPG,SF3A1,SF3A2,SF3A3,SF3B1,SF3B2,SF3B3,SF3B5,PHF5A,SNRPA1,PRPF4,PRPF6,PRPF31,SART3,LSM2,LSM6,SNRNP200,EFTUD2,SNRNP40,CWC27"
"HPA","Parathyroid gland; glandular cells[≥Medium]","HPA:0360052","false","0.002529879031782317","2.596900244470596","4403","32","25","11007","SNRNP70,SNRPA,SNRPC,SNRPB,SNRPB2,SNRPD2,SNRPD3,SNRPG,SF3A1,SF3A2,SF3A3,SF3B1,SF3B2,SF3B3,PHF5A,SNRPA1,PRPF3,PRPF4,SART3,LSM2,LSM6,PRPF8,EFTUD2,SNRNP40,CWC27"
"HPA","Ovary; ovarian stroma cells[≥Medium]","HPA:0340462","false","0.002666729332464688","2.5740210620687765","2065","32","17","11007","SNRNP70,SNRPA,SNRPC,SNRPD2,SNRPD3,SNRPG,SF3A1,SF3A2,SF3B2,SF3B3,PRPF4,PRPF31,SART3,LSM2,LSM6,EFTUD2,SNRNP40"
"HPA","Lymph node","HPA:0310000","false","0.002740828910686966","2.5621180733490854","6524","32","30","11007","SNRNP70,SNRPA,SNRPC,SNRPB,SNRPB2,SNRPD1,SNRPD2,SNRPD3,SNRPG,SF3A1,SF3A2,SF3A3,SF3B1,SF3B2,SF3B3,SF3B5,PHF5A,SNRPA1,PRPF4,PRPF6,PRPF31,SART3,LSM2,LSM3,LSM6,PRPF8,SNRNP200,EFTUD2,SNRNP40,CWC27"
"HPA","Duodenum; glandular cells[≥Low]","HPA:0150051","false","0.0029044542334023676","2.5369354624783034","7094","32","31","11007","SNRNP70,SNRPA,SNRPC,SNRPB,SNRPB2,SNRPD1,SNRPD3,SNRPG,SF3A1,SF3A2,SF3A3,SF3B1,SF3B2,SF3B3,SF3B4,SF3B5,PHF5A,SNRPA1,PRPF3,PRPF4,PRPF6,PRPF31,SART3,LSM2,LSM3,LSM6,PRPF8,SNRNP200,EFTUD2,SNRNP40,CWC27"
"HPA","Tonsil","HPA:0600000","false","0.0029682254849705977","2.5275031104149717","7778","32","32","11007","SNRNP70,SNRPA,SNRPC,SNRPB,SNRPB2,SNRPD1,SNRPD2,SNRPD3,SNRPG,SF3A1,SF3A2,SF3A3,SF3B1,SF3B2,SF3B3,SF3B4,SF3B5,PHF5A,SNRPA1,PRPF3,PRPF4,PRPF6,PRPF31,SART3,LSM2,LSM3,LSM6,PRPF8,SNRNP200,EFTUD2,SNRNP40,CWC27"
"HPA","Caudate; glial cells[High]","HPA:0080123","false","0.003003946988043871","2.5223077357834374","684","32","10","11007","SNRNP70,SNRPC,SNRPD2,SNRPD3,SF3A1,SF3A3,SF3B2,SF3B3,PRPF31,EFTUD2"
"HPA","Thyroid gland","HPA:0590000","false","0.0031290924010979088","2.5045816120872884","7112","32","31","11007","SNRNP70,SNRPA,SNRPC,SNRPB,SNRPB2,SNRPD1,SNRPD2,SNRPD3,SNRPG,SF3A1,SF3A2,SF3A3,SF3B1,SF3B2,SF3B3,SF3B4,SF3B5,PHF5A,SNRPA1,PRPF3,PRPF4,PRPF6,PRPF31,SART3,LSM2,LSM6,PRPF8,SNRNP200,EFTUD2,SNRNP40,CWC27"
"HPA","Thyroid gland; glandular cells[≥Low]","HPA:0590051","false","0.0031290924010979088","2.5045816120872884","7112","32","31","11007","SNRNP70,SNRPA,SNRPC,SNRPB,SNRPB2,SNRPD1,SNRPD2,SNRPD3,SNRPG,SF3A1,SF3A2,SF3A3,SF3B1,SF3B2,SF3B3,SF3B4,SF3B5,PHF5A,SNRPA1,PRPF3,PRPF4,PRPF6,PRPF31,SART3,LSM2,LSM6,PRPF8,SNRNP200,EFTUD2,SNRNP40,CWC27"
"HPA","Skin 1; fibrohistiocytic cells[High]","HPA:0461443","false","0.0031800956395014093","2.4975598186686723","407","32","8","11007","SNRNP70,SNRPA,SNRPD2,SNRPG,SF3B2,PHF5A,PRPF6,SNRNP40"
"HPA","Soft tissue 2; peripheral nerve[High]","HPA:0510703","false","0.0033163460146999344","2.4793401631533825","292","32","7","11007","SNRNP70,SNRPC,SNRPD2,PRPF6,PRPF31,LSM6,EFTUD2"
"HPA","Cerebellum; Purkinje cells[≥Medium]","HPA:0090162","false","0.00340029391247958","2.468483542060317","4119","32","24","11007","SNRNP70,SNRPA,SNRPC,SNRPB,SNRPB2,SNRPD2,SNRPG,SF3A1,SF3A2,SF3A3,SF3B2,SF3B3,SF3B5,PHF5A,SNRPA1,PRPF3,PRPF4,PRPF6,PRPF31,SART3,LSM2,PRPF8,EFTUD2,SNRNP40"
"HPA","Seminal vesicle; glandular cells[≥Medium]","HPA:0430052","false","0.003497047661990672","2.4562984485605046","5228","32","27","11007","SNRNP70,SNRPA,SNRPC,SNRPB,SNRPB2,SNRPD1,SNRPD2,SNRPD3,SNRPG,SF3A1,SF3A2,SF3A3,SF3B1,SF3B2,SF3B3,SF3B5,PHF5A,SNRPA1,PRPF4,PRPF6,PRPF31,SART3,LSM2,LSM6,PRPF8,EFTUD2,SNRNP40"
"HPA","Appendix","HPA:0030000","false","0.0035132356533119522","2.4542927185539534","7819","32","32","11007","SNRNP70,SNRPA,SNRPC,SNRPB,SNRPB2,SNRPD1,SNRPD2,SNRPD3,SNRPG,SF3A1,SF3A2,SF3A3,SF3B1,SF3B2,SF3B3,SF3B4,SF3B5,PHF5A,SNRPA1,PRPF3,PRPF4,PRPF6,PRPF31,SART3,LSM2,LSM3,LSM6,PRPF8,SNRNP200,EFTUD2,SNRNP40,CWC27"
"HPA","Rectum; glandular cells[≥Medium]","HPA:0400052","false","0.003603383420260635","2.4432895240434207","6098","32","29","11007","SNRNP70,SNRPA,SNRPC,SNRPB,SNRPB2,SNRPD1,SNRPD3,SNRPG,SF3A1,SF3A2,SF3A3,SF3B1,SF3B2,SF3B3,SF3B5,PHF5A,SNRPA1,PRPF3,PRPF4,PRPF6,PRPF31,SART3,LSM2,LSM6,PRPF8,SNRNP200,EFTUD2,SNRNP40,CWC27"
"HPA","Salivary gland; glandular cells[≥Medium]","HPA:0420052","false","0.003994688508980337","2.398517079705468","4869","32","26","11007","SNRNP70,SNRPA,SNRPC,SNRPB,SNRPB2,SNRPD2,SNRPG,SF3A1,SF3A2,SF3A3,SF3B1,SF3B2,SF3B3,SF3B5,PHF5A,SNRPA1,PRPF4,PRPF6,PRPF31,SART3,LSM2,LSM6,PRPF8,EFTUD2,SNRNP40,CWC27"
"HPA","Placenta; cytotrophoblasts[High]","HPA:0381193","false","0.004036509983476715","2.3939939690412144","301","32","7","11007","SNRNP70,SNRPD2,SF3A2,SF3B3,PRPF31,PRPF8,SNRNP40"
"HPA","Bronchus; respiratory epithelial cells[≥Medium]","HPA:0060102","false","0.004326775608206316","2.363835627252103","4887","32","26","11007","SNRNP70,SNRPA,SNRPC,SNRPB2,SNRPD1,SNRPD2,SNRPD3,SNRPG,SF3A1,SF3A2,SF3A3,SF3B1,SF3B2,SF3B3,SF3B4,SF3B5,PHF5A,SNRPA1,PRPF3,PRPF6,PRPF31,SART3,LSM2,LSM6,EFTUD2,SNRNP40"
"HPA","Duodenum","HPA:0150000","false","0.004599959457315467","2.337245996044897","7885","32","32","11007","SNRNP70,SNRPA,SNRPC,SNRPB,SNRPB2,SNRPD1,SNRPD2,SNRPD3,SNRPG,SF3A1,SF3A2,SF3A3,SF3B1,SF3B2,SF3B3,SF3B4,SF3B5,PHF5A,SNRPA1,PRPF3,PRPF4,PRPF6,PRPF31,SART3,LSM2,LSM3,LSM6,PRPF8,SNRNP200,EFTUD2,SNRNP40,CWC27"
"HPA","Hippocampus; neuronal cells[High]","HPA:0250133","false","0.004628721312089578","2.3345389666065146","1258","32","13","11007","SNRNP70,SNRPB2,SNRPD2,SNRPG,SF3A3,SF3B1,SF3B3,PHF5A,SNRPA1,PRPF4,PRPF31,SART3,EFTUD2"
"HPA","Pancreas; exocrine glandular cells[≥Medium]","HPA:0350472","false","0.004737443435637533","2.3244559624037437","5298","32","27","11007","SNRNP70,SNRPA,SNRPC,SNRPB,SNRPB2,SNRPD1,SNRPD2,SNRPD3,SNRPG,SF3A1,SF3A2,SF3A3,SF3B2,SF3B3,SF3B5,PHF5A,SNRPA1,PRPF3,PRPF4,PRPF6,PRPF31,SART3,LSM2,LSM6,PRPF8,EFTUD2,SNRNP40"
"HPA","Tonsil; non-germinal center cells[≥Medium]","HPA:0600442","false","0.004953741279856178","2.3050666791520618","4199","32","24","11007","SNRNP70,SNRPC,SNRPB,SNRPB2,SNRPD2,SNRPG,SF3A1,SF3A2,SF3A3,SF3B2,SF3B3,PHF5A,SNRPA1,PRPF4,PRPF6,PRPF31,SART3,LSM2,LSM6,PRPF8,SNRNP200,EFTUD2,SNRNP40,CWC27"
"HPA","Tonsil; squamous epithelial cells[≥Medium]","HPA:0600222","false","0.00536663855165937","2.2702976538849264","4936","32","26","11007","SNRNP70,SNRPA,SNRPC,SNRPB,SNRPD1,SNRPD2,SNRPG,SF3A2,SF3A3,SF3B1,SF3B2,SF3B3,SF3B5,PHF5A,SNRPA1,PRPF3,PRPF4,PRPF6,PRPF31,LSM2,LSM6,PRPF8,SNRNP200,EFTUD2,SNRNP40,CWC27"
"HPA","Skin 2; endothelial cells[High]","HPA:0470203","false","0.005987618090376752","2.2227459081505336","320","32","7","11007","SNRNP70,SNRPA,SNRPD2,SNRPG,SF3B2,LSM2,SNRNP40"
"HPA","Testis; Leydig cells[≥Medium]","HPA:0570732","false","0.006276488631170894","2.2022832534916317","5364","32","27","11007","SNRNP70,SNRPA,SNRPC,SNRPB,SNRPB2,SNRPD1,SNRPD2,SNRPD3,SNRPG,SF3A3,SF3B1,SF3B2,SF3B3,SF3B5,PHF5A,SNRPA1,PRPF4,PRPF6,PRPF31,SART3,LSM2,LSM3,LSM6,SNRNP200,EFTUD2,SNRNP40,CWC27"
"HPA","Lung; macrophages[≥Low]","HPA:0300411","false","0.007488046461066301","2.1256314695955227","6769","32","30","11007","SNRNP70,SNRPA,SNRPC,SNRPB,SNRPB2,SNRPD1,SNRPD2,SNRPD3,SF3A1,SF3A2,SF3A3,SF3B1,SF3B2,SF3B3,SF3B4,SF3B5,PHF5A,SNRPA1,PRPF3,PRPF4,PRPF6,PRPF31,SART3,LSM2,LSM6,PRPF8,SNRNP200,EFTUD2,SNRNP40,CWC27"
"HPA","Testis; sertoli cells[High]","HPA:0570803","false","0.007526174757354254","2.123425701605649","602","32","9","11007","SNRNP70,SNRPC,SNRPD2,SF3A1,SF3A2,SF3A3,PRPF4,PRPF31,EFTUD2"
"HPA","Fallopian tube; glandular cells[≥Medium]","HPA:0210052","false","0.0077941226460435","2.108232764558104","4651","32","25","11007","SNRNP70,SNRPA,SNRPC,SNRPB,SNRPB2,SNRPD1,SNRPD2,SNRPD3,SNRPG,SF3A1,SF3A2,SF3A3,SF3B1,SF3B2,SF3B3,SF3B5,PHF5A,SNRPA1,PRPF6,PRPF31,SART3,LSM2,LSM6,EFTUD2,SNRNP40"
"HPA","Placenta; endothelial cells[≥Medium]","HPA:0380202","false","0.007876890677181642","2.103645182031792","334","32","7","11007","SNRNP70,SNRPD2,SF3A2,SF3B3,PRPF31,PRPF8,SNRNP40"
"HPA","Lung","HPA:0300000","false","0.00854531681292309","2.0682718314155997","7360","32","31","11007","SNRNP70,SNRPA,SNRPC,SNRPB,SNRPB2,SNRPD1,SNRPD2,SNRPD3,SNRPG,SF3A1,SF3A2,SF3A3,SF3B1,SF3B2,SF3B3,SF3B4,SF3B5,PHF5A,SNRPA1,PRPF3,PRPF4,PRPF6,PRPF31,SART3,LSM2,LSM6,PRPF8,SNRNP200,EFTUD2,SNRNP40,CWC27"
"HPA","Lymph node; germinal center cells[≥Low]","HPA:0310431","false","0.008833894640245019","2.05384778477347","5052","32","26","11007","SNRNP70,SNRPA,SNRPC,SNRPB,SNRPD1,SNRPD2,SNRPD3,SNRPG,SF3A1,SF3A2,SF3A3,SF3B1,SF3B3,SF3B5,PHF5A,SNRPA1,PRPF4,PRPF6,PRPF31,LSM2,LSM6,PRPF8,SNRNP200,EFTUD2,SNRNP40,CWC27"
"HPA","Seminal vesicle; glandular cells[≥Low]","HPA:0430051","false","0.009033037204989474","2.044166201005445","6816","32","30","11007","SNRNP70,SNRPA,SNRPC,SNRPB,SNRPB2,SNRPD1,SNRPD2,SNRPD3,SNRPG,SF3A1,SF3A2,SF3A3,SF3B1,SF3B2,SF3B3,SF3B5,PHF5A,SNRPA1,PRPF3,PRPF4,PRPF6,PRPF31,SART3,LSM2,LSM6,PRPF8,SNRNP200,EFTUD2,SNRNP40,CWC27"
"HPA","Seminal vesicle","HPA:0430000","false","0.009033037204989474","2.044166201005445","6816","32","30","11007","SNRNP70,SNRPA,SNRPC,SNRPB,SNRPB2,SNRPD1,SNRPD2,SNRPD3,SNRPG,SF3A1,SF3A2,SF3A3,SF3B1,SF3B2,SF3B3,SF3B5,PHF5A,SNRPA1,PRPF3,PRPF4,PRPF6,PRPF31,SART3,LSM2,LSM6,PRPF8,SNRNP200,EFTUD2,SNRNP40,CWC27"
"HPA","Hippocampus","HPA:0250000","false","0.009177702650837519","2.037266017156984","6820","32","30","11007","SNRNP70,SNRPA,SNRPC,SNRPB,SNRPB2,SNRPD1,SNRPD2,SNRPD3,SNRPG,SF3A1,SF3A2,SF3A3,SF3B1,SF3B2,SF3B3,SF3B5,PHF5A,SNRPA1,PRPF3,PRPF4,PRPF6,PRPF31,SART3,LSM2,LSM6,PRPF8,SNRNP200,EFTUD2,SNRNP40,CWC27"
"HPA","Parathyroid gland","HPA:0360000","false","0.009502452118177277","2.022164310082005","5883","32","28","11007","SNRNP70,SNRPA,SNRPC,SNRPB,SNRPB2,SNRPD1,SNRPD2,SNRPD3,SNRPG,SF3A1,SF3A2,SF3A3,SF3B1,SF3B2,SF3B3,SF3B4,PHF5A,SNRPA1,PRPF3,PRPF4,PRPF6,SART3,LSM2,LSM6,PRPF8,EFTUD2,SNRNP40,CWC27"
"HPA","Parathyroid gland; glandular cells[≥Low]","HPA:0360051","false","0.009502452118177277","2.022164310082005","5883","32","28","11007","SNRNP70,SNRPA,SNRPC,SNRPB,SNRPB2,SNRPD1,SNRPD2,SNRPD3,SNRPG,SF3A1,SF3A2,SF3A3,SF3B1,SF3B2,SF3B3,SF3B4,PHF5A,SNRPA1,PRPF3,PRPF4,PRPF6,SART3,LSM2,LSM6,PRPF8,EFTUD2,SNRNP40,CWC27"
"HPA","Skeletal muscle; myocytes[≥Low]","HPA:0440341","false","0.00985493053643539","2.006346432546296","5892","32","28","11007","SNRNP70,SNRPA,SNRPC,SNRPB,SNRPB2,SNRPD1,SNRPD2,SNRPD3,SNRPG,SF3A1,SF3A2,SF3A3,SF3B1,SF3B2,SF3B3,SF3B5,PHF5A,SNRPA1,PRPF3,PRPF4,PRPF31,SART3,LSM2,LSM3,LSM6,EFTUD2,SNRNP40,CWC27"
"HPA","Skeletal muscle","HPA:0440000","false","0.00985493053643539","2.006346432546296","5892","32","28","11007","SNRNP70,SNRPA,SNRPC,SNRPB,SNRPB2,SNRPD1,SNRPD2,SNRPD3,SNRPG,SF3A1,SF3A2,SF3A3,SF3B1,SF3B2,SF3B3,SF3B5,PHF5A,SNRPA1,PRPF3,PRPF4,PRPF31,SART3,LSM2,LSM3,LSM6,EFTUD2,SNRNP40,CWC27"
"HPA","Adrenal gland; glandular cells[≥Low]","HPA:0020051","false","0.009932463467613638","2.002943023639122","7398","32","31","11007","SNRNP70,SNRPA,SNRPC,SNRPB,SNRPB2,SNRPD1,SNRPD2,SNRPD3,SNRPG,SF3A1,SF3A2,SF3A3,SF3B1,SF3B2,SF3B3,SF3B4,SF3B5,PHF5A,SNRPA1,PRPF3,PRPF4,PRPF6,PRPF31,SART3,LSM2,LSM3,LSM6,PRPF8,EFTUD2,SNRNP40,CWC27"
"HPA","Spleen","HPA:0530000","false","0.010015511681836786","1.9993268581605594","5896","32","28","11007","SNRNP70,SNRPA,SNRPC,SNRPB,SNRPB2,SNRPD1,SNRPD2,SNRPD3,SNRPG,SF3A1,SF3A2,SF3A3,SF3B1,SF3B2,SF3B3,PHF5A,SNRPA1,PRPF4,PRPF6,PRPF31,SART3,LSM2,LSM3,LSM6,PRPF8,SNRNP200,EFTUD2,SNRNP40"
"HPA","Adrenal gland","HPA:0020000","false","0.010210520634110853","1.9909521126871639","7405","32","31","11007","SNRNP70,SNRPA,SNRPC,SNRPB,SNRPB2,SNRPD1,SNRPD2,SNRPD3,SNRPG,SF3A1,SF3A2,SF3A3,SF3B1,SF3B2,SF3B3,SF3B4,SF3B5,PHF5A,SNRPA1,PRPF3,PRPF4,PRPF6,PRPF31,SART3,LSM2,LSM3,LSM6,PRPF8,EFTUD2,SNRNP40,CWC27"
"HPA","Cerebral cortex","HPA:0100000","false","0.010558162315292007","1.9764116656828736","8092","32","32","11007","SNRNP70,SNRPA,SNRPC,SNRPB,SNRPB2,SNRPD1,SNRPD2,SNRPD3,SNRPG,SF3A1,SF3A2,SF3A3,SF3B1,SF3B2,SF3B3,SF3B4,SF3B5,PHF5A,SNRPA1,PRPF3,PRPF4,PRPF6,PRPF31,SART3,LSM2,LSM3,LSM6,PRPF8,SNRNP200,EFTUD2,SNRNP40,CWC27"
"HPA","Appendix; glandular cells[≥Medium]","HPA:0030052","false","0.010864325569458209","1.9639972284372291","5496","32","27","11007","SNRNP70,SNRPA,SNRPC,SNRPB,SNRPB2,SNRPD1,SNRPD3,SNRPG,SF3A1,SF3A2,SF3A3,SF3B2,SF3B3,SF3B5,PHF5A,SNRPA1,PRPF3,PRPF4,PRPF6,PRPF31,SART3,LSM2,LSM6,SNRNP200,EFTUD2,SNRNP40,CWC27"
"HPA","Appendix; lymphoid tissue[≥Low]","HPA:0030071","false","0.011057632290341011","1.9563378561526672","4732","32","25","11007","SNRNP70,SNRPA,SNRPC,SNRPB2,SNRPD1,SNRPD3,SNRPG,SF3A1,SF3A2,SF3A3,SF3B1,SF3B2,SF3B3,SF3B5,PHF5A,SNRPA1,PRPF4,PRPF31,SART3,LSM2,LSM6,SNRNP200,EFTUD2,SNRNP40,CWC27"
"HPA","Salivary gland","HPA:0420000","false","0.011954953412061656","1.9224521119717923","6887","32","30","11007","SNRNP70,SNRPA,SNRPC,SNRPB,SNRPB2,SNRPD1,SNRPD2,SNRPD3,SNRPG,SF3A1,SF3A2,SF3A3,SF3B1,SF3B2,SF3B3,SF3B5,PHF5A,SNRPA1,PRPF3,PRPF4,PRPF6,PRPF31,SART3,LSM2,LSM6,PRPF8,SNRNP200,EFTUD2,SNRNP40,CWC27"
"HPA","Salivary gland; glandular cells[≥Low]","HPA:0420051","false","0.011954953412061656","1.9224521119717923","6887","32","30","11007","SNRNP70,SNRPA,SNRPC,SNRPB,SNRPB2,SNRPD1,SNRPD2,SNRPD3,SNRPG,SF3A1,SF3A2,SF3A3,SF3B1,SF3B2,SF3B3,SF3B5,PHF5A,SNRPA1,PRPF3,PRPF4,PRPF6,PRPF31,SART3,LSM2,LSM6,PRPF8,SNRNP200,EFTUD2,SNRNP40,CWC27"
"HPA","Fallopian tube","HPA:0210000","false","0.012670564796735166","1.8972040257922904","7460","32","31","11007","SNRNP70,SNRPA,SNRPC,SNRPB,SNRPB2,SNRPD1,SNRPD2,SNRPD3,SNRPG,SF3A1,SF3A2,SF3A3,SF3B1,SF3B2,SF3B3,SF3B4,SF3B5,PHF5A,SNRPA1,PRPF4,PRPF6,PRPF31,SART3,LSM2,LSM3,LSM6,PRPF8,SNRNP200,EFTUD2,SNRNP40,CWC27"
"HPA","Placenta; syncytiotrophoblasts - cell body[High]","HPA:0381213","false","0.01291318915677299","1.8889664872344119","361","32","7","11007","SNRNP70,SNRPD2,SF3A2,SF3B3,PRPF31,PRPF8,SNRNP40"
"HPA","Colon; glandular cells[≥Medium]","HPA:0130052","false","0.0138492930833632","1.8585723939518668","5977","32","28","11007","SNRNP70,SNRPA,SNRPC,SNRPB,SNRPB2,SNRPD1,SNRPD3,SNRPG,SF3A1,SF3A2,SF3A3,SF3B1,SF3B2,SF3B3,SF3B5,PHF5A,SNRPA1,PRPF3,PRPF4,PRPF6,PRPF31,SART3,LSM2,LSM6,SNRNP200,EFTUD2,SNRNP40,CWC27"
"HPA","Tonsil; germinal center cells[≥Low]","HPA:0600431","false","0.01423862187755469","1.8465320429980865","5984","32","28","11007","SNRNP70,SNRPA,SNRPC,SNRPB,SNRPB2,SNRPD1,SNRPD2,SNRPD3,SNRPG,SF3A1,SF3A2,SF3A3,SF3B1,SF3B2,SF3B3,SF3B5,PHF5A,SNRPA1,PRPF4,PRPF6,PRPF31,LSM2,LSM6,PRPF8,SNRNP200,EFTUD2,SNRNP40,CWC27"
"HPA","Breast; myoepithelial cells[≥Medium]","HPA:0050092","false","0.01432977018986715","1.8437607744367712","3771","32","22","11007","SNRNP70,SNRPA,SNRPC,SNRPB2,SNRPD1,SNRPD2,SNRPG,SF3A1,SF3A2,SF3A3,SF3B2,SF3B3,PHF5A,SNRPA1,PRPF4,PRPF6,PRPF31,SART3,LSM2,LSM6,EFTUD2,SNRNP40"
"HPA","Prostate; glandular cells[≥Medium]","HPA:0390052","false","0.014984456945420705","1.8243589917827856","4804","32","25","11007","SNRNP70,SNRPA,SNRPC,SNRPB,SNRPB2,SNRPD1,SNRPD2,SNRPD3,SNRPG,SF3A1,SF3A2,SF3A3,SF3B1,SF3B2,SF3B3,SF3B5,PHF5A,SNRPA1,PRPF4,PRPF31,SART3,LSM2,SNRNP200,EFTUD2,SNRNP40"
"HPA","Adrenal gland; glandular cells[≥Medium]","HPA:0020052","false","0.015408541180623174","1.81223847660902","6004","32","28","11007","SNRNP70,SNRPA,SNRPC,SNRPB,SNRPD1,SNRPD2,SNRPD3,SNRPG,SF3A1,SF3A2,SF3A3,SF3B1,SF3B2,SF3B3,SF3B4,SF3B5,PHF5A,SNRPA1,PRPF4,PRPF6,PRPF31,SART3,LSM2,LSM6,PRPF8,EFTUD2,SNRNP40,CWC27"
"HPA","Breast; myoepithelial cells[High]","HPA:0050093","false","0.01690675591335297","1.7719397173041236","836","32","10","11007","SNRNP70,SNRPC,SNRPD2,SF3A1,SF3B2,SF3B3,SNRPA1,PRPF31,LSM2,EFTUD2"
"HPA","Colon; glandular cells[≥Low]","HPA:0130051","false","0.017294097653724267","1.7621020930443416","6982","32","30","11007","SNRNP70,SNRPA,SNRPC,SNRPB,SNRPB2,SNRPD1,SNRPD3,SNRPG,SF3A1,SF3A2,SF3A3,SF3B1,SF3B2,SF3B3,SF3B4,SF3B5,PHF5A,SNRPA1,PRPF3,PRPF4,PRPF6,PRPF31,SART3,LSM2,LSM6,PRPF8,SNRNP200,EFTUD2,SNRNP40,CWC27"
"HPA","Kidney","HPA:0270000","false","0.017327102477912148","1.7612740560433886","8218","32","32","11007","SNRNP70,SNRPA,SNRPC,SNRPB,SNRPB2,SNRPD1,SNRPD2,SNRPD3,SNRPG,SF3A1,SF3A2,SF3A3,SF3B1,SF3B2,SF3B3,SF3B4,SF3B5,PHF5A,SNRPA1,PRPF3,PRPF4,PRPF6,PRPF31,SART3,LSM2,LSM3,LSM6,PRPF8,SNRNP200,EFTUD2,SNRNP40,CWC27"
"HPA","Bone marrow; hematopoietic cells[≥Low]","HPA:0040081","false","0.017649871650404773","1.7532584484474696","6492","32","29","11007","SNRNP70,SNRPA,SNRPC,SNRPB,SNRPB2,SNRPD1,SNRPD2,SNRPD3,SNRPG,SF3A1,SF3A2,SF3A3,SF3B1,SF3B2,SF3B3,SF3B4,SF3B5,PHF5A,SNRPA1,PRPF4,PRPF31,SART3,LSM2,LSM6,PRPF8,SNRNP200,EFTUD2,SNRNP40,CWC27"
"HPA","Bone marrow","HPA:0040000","false","0.017649871650404773","1.7532584484474696","6492","32","29","11007","SNRNP70,SNRPA,SNRPC,SNRPB,SNRPB2,SNRPD1,SNRPD2,SNRPD3,SNRPG,SF3A1,SF3A2,SF3A3,SF3B1,SF3B2,SF3B3,SF3B4,SF3B5,PHF5A,SNRPA1,PRPF4,PRPF31,SART3,LSM2,LSM6,PRPF8,SNRNP200,EFTUD2,SNRNP40,CWC27"
"HPA","Placenta; hofbauer cells[≥Medium]","HPA:0381202","false","0.018143267258454537","1.7412845020307812","381","32","7","11007","SNRNP70,SNRPD2,SF3A2,SF3B3,PRPF31,PRPF8,SNRNP40"
"HPA","Kidney; cells in tubules[≥Low]","HPA:0270361","false","0.01903812237983974","1.7203758857984175","7007","32","30","11007","SNRNP70,SNRPA,SNRPC,SNRPB,SNRPD1,SNRPD2,SNRPD3,SNRPG,SF3A1,SF3A2,SF3A3,SF3B1,SF3B2,SF3B3,SF3B4,SF3B5,PHF5A,SNRPA1,PRPF3,PRPF6,PRPF31,SART3,LSM2,LSM3,LSM6,PRPF8,SNRNP200,EFTUD2,SNRNP40,CWC27"
"HPA","Breast; myoepithelial cells[≥Low]","HPA:0050091","false","0.020222184576218962","1.6941719299443616","5651","32","27","11007","SNRNP70,SNRPA,SNRPC,SNRPB2,SNRPD1,SNRPD2,SNRPD3,SNRPG,SF3A1,SF3A2,SF3A3,SF3B1,SF3B2,SF3B3,SF3B5,PHF5A,SNRPA1,PRPF4,PRPF6,PRPF31,SART3,LSM2,LSM6,SNRNP200,EFTUD2,SNRNP40,CWC27"
"HPA","Endometrium 2; glandular cells[≥Medium]","HPA:0170052","false","0.02067634121808252","1.684526309358497","4882","32","25","11007","SNRNP70,SNRPA,SNRPC,SNRPB,SNRPB2,SNRPD2,SNRPD3,SNRPG,SF3A1,SF3A2,SF3A3,SF3B1,SF3B2,SF3B5,PHF5A,SNRPA1,PRPF4,PRPF6,PRPF31,SART3,LSM2,PRPF8,EFTUD2,SNRNP40,CWC27"
"HPA","Soft tissue 1; chondrocytes[≥Medium]","HPA:0500112","false","0.020700033563505423","1.6840289503675565","1448","32","13","11007","SNRNP70,SNRPC,SNRPB,SNRPD2,SNRPG,SF3A2,SF3A3,SF3B1,SF3B2,PHF5A,PRPF4,PRPF6,SNRNP40"
"HPA","Skin 1; sebaceous glands[≥Medium]","HPA:0461482","false","0.020928473441510883","1.6792624486850514","165","32","5","11007","SNRPA,SNRPD2,SNRPG,SF3B2,PRPF6"
"HPA","Skin 2; epidermal cells[High]","HPA:0470683","false","0.022207481563367534","1.6535006897697637","1049","32","11","11007","SNRPC,SF3A1,SF3A3,SF3B1,SF3B3,PRPF4,PRPF31,SART3,PRPF8,EFTUD2,CWC27"
"HPA","Rectum; glandular cells[≥Low]","HPA:0400051","false","0.022350463667980925","1.6507134628516507","7049","32","30","11007","SNRNP70,SNRPA,SNRPC,SNRPB,SNRPB2,SNRPD1,SNRPD3,SNRPG,SF3A1,SF3A2,SF3A3,SF3B1,SF3B2,SF3B3,SF3B4,SF3B5,PHF5A,SNRPA1,PRPF3,PRPF4,PRPF6,PRPF31,SART3,LSM2,LSM6,PRPF8,SNRNP200,EFTUD2,SNRNP40,CWC27"
"HPA","Kidney; cells in tubules[High]","HPA:0270363","false","0.022648100243553817","1.6449682213926036","2162","32","16","11007","SNRNP70,SNRPA,SNRPC,SNRPD1,SF3A3,SF3B2,SF3B3,SF3B5,PHF5A,SNRPA1,PRPF31,SART3,LSM2,LSM6,SNRNP40,CWC27"
"HPA","Soft tissue 1; fibroblasts[High]","HPA:0500653","false","0.023834811602017215","1.622788276526018","540","32","8","11007","SNRNP70,SNRPC,SNRPD2,SF3B3,PRPF4,PRPF31,LSM2,EFTUD2"
"HPA","Tonsil; non-germinal center cells[≥Low]","HPA:0600441","false","0.02418577097491195","1.6164400639582566","6120","32","28","11007","SNRNP70,SNRPA,SNRPC,SNRPB,SNRPB2,SNRPD1,SNRPD2,SNRPD3,SNRPG,SF3A1,SF3A2,SF3A3,SF3B2,SF3B3,SF3B5,PHF5A,SNRPA1,PRPF4,PRPF6,PRPF31,SART3,LSM2,LSM6,PRPF8,SNRNP200,EFTUD2,SNRNP40,CWC27"
"HPA","Endometrium 1; glandular cells[High]","HPA:0160053","false","0.024919968227100475","1.6034525157369344","1474","32","13","11007","SNRNP70,SNRPC,SNRPB2,SNRPG,SF3A1,SF3B2,SF3B3,SF3B5,SNRPA1,PRPF4,LSM6,EFTUD2,SNRNP40"
"HPA","Fallopian tube; glandular cells[≥Low]","HPA:0210051","false","0.025455951091880154","1.5942106720998732","5710","32","27","11007","SNRNP70,SNRPA,SNRPC,SNRPB,SNRPB2,SNRPD1,SNRPD2,SNRPD3,SNRPG,SF3A1,SF3A2,SF3A3,SF3B1,SF3B2,SF3B3,SF3B4,SF3B5,PHF5A,SNRPA1,PRPF6,PRPF31,SART3,LSM2,LSM3,LSM6,EFTUD2,SNRNP40"
"HPA","Placenta; decidual cells[≥Medium]","HPA:0380512","false","0.02621720649306636","1.581413585311041","3590","32","21","11007","SNRNP70,SNRPA,SNRPC,SNRPB2,SNRPD2,SNRPD3,SNRPG,SF3A1,SF3A3,SF3B1,SF3B2,SF3B3,PHF5A,SNRPA1,PRPF3,PRPF4,SART3,LSM2,SNRNP200,EFTUD2,CWC27"
"HPA","Placenta; endothelial cells[≥Low]","HPA:0380201","false","0.026591268103241587","1.575260951231491","405","32","7","11007","SNRNP70,SNRPD2,SF3A2,SF3B3,PRPF31,PRPF8,SNRNP40"
"HPA","Spleen; cells in white pulp[≥Medium]","HPA:0530722","false","0.027276602125355046","1.5642097311606493","2722","32","18","11007","SNRNP70,SNRPC,SNRPB,SNRPD2,SNRPG,SF3A1,SF3A2,SF3A3,SF3B1,SF3B2,SF3B3,SNRPA1,PRPF4,SART3,LSM2,SNRNP200,EFTUD2,SNRNP40"
"HPA","Breast; adipocytes[≥Medium]","HPA:0050012","false","0.02787582748502353","1.5547722318596358","1490","32","13","11007","SNRNP70,SNRPC,SNRPD2,SNRPD3,SF3A1,SF3A2,SF3B2,SF3B3,SNRPA1,SART3,LSM2,EFTUD2,SNRNP40"
"HPA","Placenta; hofbauer cells[High]","HPA:0381203","false","0.02805879525877044","1.5519309799113783","282","32","6","11007","SNRNP70,SNRPD2,SF3A2,SF3B3,PRPF31,SNRNP40"
"HPA","Spleen; cells in red pulp[≥Low]","HPA:0530711","false","0.028263703205787718","1.548770936030521","5338","32","26","11007","SNRNP70,SNRPA,SNRPC,SNRPB,SNRPB2,SNRPD1,SNRPD2,SNRPD3,SNRPG,SF3A1,SF3A2,SF3A3,SF3B1,SF3B2,SF3B3,PHF5A,SNRPA1,PRPF4,PRPF6,PRPF31,SART3,LSM2,PRPF8,SNRNP200,EFTUD2,SNRNP40"
"HPA","Hippocampus; glial cells[High]","HPA:0250123","false","0.02883981635946371","1.5400075093591787","555","32","8","11007","SNRNP70,SNRPA,SNRPC,SNRPD2,SNRPG,SF3A1,SF3B2,PRPF31"
"HPA","Cerebral cortex; endothelial cells[≥Low]","HPA:0100201","false","0.03207957075095669","1.4937714515393108","4630","32","24","11007","SNRNP70,SNRPA,SNRPC,SNRPB,SNRPD1,SNRPD2,SNRPD3,SNRPG,SF3A1,SF3A2,SF3A3,SF3B1,SF3B2,SF3B3,SF3B5,PHF5A,SNRPA1,PRPF4,PRPF6,PRPF31,SART3,LSM2,EFTUD2,SNRNP40"
"HPA","Liver; cholangiocytes[≥Low]","HPA:0291161","false","0.033169559705284304","1.479260293293136","3961","32","22","11007","SNRNP70,SNRPA,SNRPC,SNRPB,SNRPB2,SNRPD2,SNRPD3,SNRPG,SF3A1,SF3A2,SF3A3,SF3B2,SF3B3,SF3B5,PHF5A,SNRPA1,PRPF4,PRPF31,SART3,LSM2,SNRNP40,CWC27"
"HPA","Prostate; glandular cells[≥Low]","HPA:0390051","false","0.03405030412797892","1.4678790047346562","6665","32","29","11007","SNRNP70,SNRPA,SNRPC,SNRPB,SNRPB2,SNRPD1,SNRPD2,SNRPD3,SNRPG,SF3A1,SF3A2,SF3A3,SF3B1,SF3B2,SF3B3,SF3B5,PHF5A,SNRPA1,PRPF3,PRPF4,PRPF6,PRPF31,SART3,LSM2,LSM6,SNRNP200,EFTUD2,SNRNP40,CWC27"
"HPA","Prostate","HPA:0390000","false","0.03405030412797892","1.4678790047346562","6665","32","29","11007","SNRNP70,SNRPA,SNRPC,SNRPB,SNRPB2,SNRPD1,SNRPD2,SNRPD3,SNRPG,SF3A1,SF3A2,SF3A3,SF3B1,SF3B2,SF3B3,SF3B5,PHF5A,SNRPA1,PRPF3,PRPF4,PRPF6,PRPF31,SART3,LSM2,LSM6,SNRNP200,EFTUD2,SNRNP40,CWC27"
"HPA","Breast; adipocytes[≥Low]","HPA:0050011","false","0.03611739158644945","1.4422836221602178","2778","32","18","11007","SNRNP70,SNRPC,SNRPB,SNRPD2,SNRPD3,SNRPG,SF3A1,SF3A2,SF3A3,SF3B1,SF3B2,SF3B3,SNRPA1,SART3,LSM2,SNRNP200,EFTUD2,SNRNP40"
"HPA","Colon; peripheral nerve/ganglion[≥Low]","HPA:0130241","false","0.037479190385866175","1.4262097991809632","5031","32","25","11007","SNRNP70,SNRPA,SNRPC,SNRPB,SNRPD1,SNRPG,SF3A1,SF3A2,SF3A3,SF3B1,SF3B2,SF3B3,SF3B5,PHF5A,SNRPA1,PRPF3,PRPF4,PRPF6,PRPF31,LSM2,LSM6,SNRNP200,EFTUD2,SNRNP40,CWC27"
"HPA","Kidney; cells in tubules[≥Medium]","HPA:0270362","false","0.038745709859265814","1.4117763779988248","5820","32","27","11007","SNRNP70,SNRPA,SNRPC,SNRPB,SNRPD1,SNRPD2,SNRPD3,SNRPG,SF3A1,SF3A2,SF3A3,SF3B1,SF3B2,SF3B3,SF3B5,PHF5A,SNRPA1,PRPF3,PRPF6,PRPF31,SART3,LSM2,LSM6,SNRNP200,EFTUD2,SNRNP40,CWC27"
"HPA","Ovary","HPA:0340000","false","0.040161762285996556","1.3961872387342544","5429","32","26","11007","SNRNP70,SNRPA,SNRPC,SNRPB,SNRPB2,SNRPD2,SNRPD3,SNRPG,SF3A1,SF3A2,SF3A3,SF3B1,SF3B2,SF3B3,PHF5A,SNRPA1,PRPF3,PRPF4,PRPF6,PRPF31,SART3,LSM2,LSM6,EFTUD2,SNRNP40,CWC27"
"HPA","Soft tissue 2; peripheral nerve[≥Medium]","HPA:0510702","false","0.040506466332076156","1.3924756417687099","1545","32","13","11007","SNRNP70,SNRPA,SNRPC,SNRPD2,SNRPG,SF3A1,SF3B2,PRPF6,PRPF31,LSM2,LSM6,EFTUD2,SNRNP40"
"HPA","Placenta; hofbauer cells[≥Low]","HPA:0381201","false","0.04200139817505413","1.3767362522305797","436","32","7","11007","SNRNP70,SNRPD2,SF3A2,SF3B3,PRPF31,PRPF8,SNRNP40"
"HPA","Skin 1","HPA:0460000","false","0.044310221038818036","1.353496083511617","7232","32","30","11007","SNRNP70,SNRPA,SNRPC,SNRPB,SNRPB2,SNRPD1,SNRPD2,SNRPD3,SNRPG,SF3A1,SF3A2,SF3A3,SF3B1,SF3B2,SF3B3,SF3B5,PHF5A,SNRPA1,PRPF3,PRPF4,PRPF6,PRPF31,SART3,LSM2,LSM6,PRPF8,SNRNP200,EFTUD2,SNRNP40,CWC27"
"HPA","Breast; glandular cells[≥Medium]","HPA:0050052","false","0.0487480739995587","1.3120425382810827","5099","32","25","11007","SNRNP70,SNRPA,SNRPC,SNRPB,SNRPB2,SNRPD1,SNRPD2,SNRPD3,SNRPG,SF3A1,SF3A2,SF3A3,SF3B2,SF3B3,SF3B5,PHF5A,SNRPA1,PRPF4,PRPF6,PRPF31,SART3,LSM2,LSM6,EFTUD2,SNRNP40"
"CORUM","Spliceosome","CORUM:351","false","1.2863736276853524e-38","37.89063287210008","138","37","32","3383","SNRNP70,SNRPA,SNRPC,SNRPB2,SNRPD1,SNRPD2,SNRPD3,SNRPE,SNRPF,SNRPG,SF3A1,SF3A2,SF3A3,SF3B1,SF3B2,SF3B3,SF3B4,SNRPA1,PRPF3,PRPF4,PRPF6,PRPF31,LSM2,LSM3,LSM4,LSM6,LSM7,PRPF8,SNRNP200,EFTUD2,TXNL4A,SNRNP40"
"CORUM","C complex spliceosome","CORUM:1181","false","8.762020494909392e-26","25.057395735314927","77","37","22","3383","SNRPB2,SNRPD1,SNRPD2,SNRPD3,SNRPE,SNRPF,SNRPG,SF3A1,SF3A2,SF3A3,SF3B1,SF3B2,SF3B3,SNRPA1,PRPF6,LSM2,LSM3,PRPF8,SNRNP200,EFTUD2,SNRNP40,CWC27"
"CORUM","17S U2 snRNP","CORUM:2755","false","2.8134479969632026e-25","24.550761107821398","30","37","17","3383","SNRPB2,SNRPD1,SNRPD2,SNRPD3,SNRPE,SNRPF,SNRPG,SF3A1,SF3A2,SF3A3,SF3B1,SF3B2,SF3B3,SF3B4,SF3B5,PHF5A,SNRPA1"
"CORUM","18S U11/U12 snRNP","CORUM:430","false","2.1571522755987063e-16","15.666119196521","23","37","12","3383","SNRPD1,SNRPD2,SNRPD3,SNRPE,SNRPF,SNRPG,SF3B1,SF3B2,SF3B3,SF3B4,SF3B5,PRPF8"
"CORUM","LSm2-8 complex","CORUM:562","false","4.3999178821685646e-12","11.356555428889688","7","37","7","3383","LSM2,LSM3,LSM4,LSM5,LSM6,LSM7,LSM8"
"CORUM","LSm1-7 complex","CORUM:561","false","3.3287507771128934e-9","8.477718719164853","7","37","6","3383","LSM2,LSM3,LSM4,LSM5,LSM6,LSM7"
"CORUM","6S methyltransferase and RG-containing Sm proteins complex","CORUM:835","false","3.3287507771128934e-9","8.477718719164853","7","37","6","3383","SNRPD1,SNRPD2,SNRPD3,SNRPE,SNRPF,SNRPG"
"CORUM","SF3b complex","CORUM:1737","false","1.3210226154002827e-8","7.879089747366945","8","37","6","3383","SF3B1,SF3B2,SF3B3,SF3B4,SF3B5,PHF5A"
"CORUM","SMN complex","CORUM:1142","false","1.3210226154002827e-8","7.879089747366945","8","37","6","3383","SNRPD1,SNRPD2,SNRPD3,SNRPE,SNRPF,SNRPG"
"CORUM","SMN complex","CORUM:1745","false","1.4297222217272208e-8","7.84474833266748","14","37","7","3383","SNRPA,SNRPD1,SNRPD2,SNRPD3,SNRPE,SNRPF,SNRPG"
"CORUM","CDC5L complex","CORUM:1183","false","5.3198265127065907e-8","7.274102530449828","26","37","8","3383","SNRPA,SNRPD1,SNRPD2,SNRPD3,SF3B1,SF3B2,SF3B4,SNRPA1"
"CORUM","SMN complex","CORUM:1143","false","0.000001351184734829526","5.869285269902968","14","37","6","3383","SNRPD1,SNRPD2,SNRPD3,SNRPE,SNRPF,SNRPG"
"CORUM","12S U11 snRNP","CORUM:1068","false","0.000001351184734829526","5.869285269902968","14","37","6","3383","SNRPD1,SNRPD2,SNRPD3,SNRPE,SNRPF,SNRPG"
"CORUM","SMN1-SIP1-SNRP complex","CORUM:3118","false","0.00002570167395653439","4.590038590037936","5","37","4","3383","SNRPD1,SNRPD2,SNRPD3,SNRPE"
"CORUM","SMN complex, U7 snRNA specific","CORUM:2757","false","0.00007650265256675608","4.116323506347908","6","37","4","3383","SNRPD3,SNRPE,SNRPF,SNRPG"
"CORUM","(E.F.G) complex","CORUM:1743","false","0.0005150336916581996","3.2881643600410575","3","37","3","3383","SNRPE,SNRPF,SNRPG"
"CORUM","SF3A1-SF3A2-SF3A3 complex","CORUM:1734","false","0.0005150336916581996","3.2881643600410575","3","37","3","3383","SF3A1,SF3A2,SF3A3"
"CORUM","20S methylosome and RG-containing Sm protein complex","CORUM:834","false","0.005072928313525053","2.294741274733743","5","37","3","3383","SNRPD1,SNRPD2,SNRPD3"
"CORUM","SMN containing complex","CORUM:1746","false","0.017488535637757097","1.757246553646902","7","37","3","3383","SNRPD1,SNRPD2,SNRPD3"
"HP","Conductive hearing impairment","HP:0000405","false","4.5069088626949264e-7","6.346121224007762","386","15","11","5200","SNRPB,SF3B2,SF3B4,PRPF3,PRPF4,PRPF6,PRPF31,PRPF8,SNRNP200,EFTUD2,TXNL4A"
"HP","Functional abnormality of the middle ear","HP:0011452","false","5.182350508966931e-7","6.285473216791678","391","15","11","5200","SNRPB,SF3B2,SF3B4,PRPF3,PRPF4,PRPF6,PRPF31,PRPF8,SNRNP200,EFTUD2,TXNL4A"
"HP","Photopsia","HP:0030786","false","0.0000054757078976168705","5.261559727418384","99","15","7","5200","SF3B1,PRPF3,PRPF4,PRPF6,PRPF31,PRPF8,SNRNP200"
"HP","Peripheral visual field loss","HP:0007994","false","0.000014826883414328296","4.8289501273399935","114","15","7","5200","PRPF3,PRPF4,PRPF6,PRPF31,PRPF8,SNRNP200,CWC27"
"HP","Abnormal posterior segment imaging","HP:0030601","false","0.0000723715376108469","4.140432200224406","143","15","7","5200","PRPF3,PRPF4,PRPF6,PRPF31,PRPF8,SNRNP200,CWC27"
"HP","Photoreceptor outer segment loss on macular OCT","HP:0030610","false","0.00011531150891395222","3.938127344844218","88","15","6","5200","PRPF3,PRPF4,PRPF6,PRPF31,PRPF8,SNRNP200"
"HP","Abnormal central response of multifocal electroretinogram","HP:0030488","false","0.00011531150891395222","3.938127344844218","88","15","6","5200","PRPF3,PRPF4,PRPF6,PRPF31,PRPF8,SNRNP200"
"HP","Abnormal multifocal electroretinogram","HP:0030468","false","0.00014119245493837847","3.85018851055177","91","15","6","5200","PRPF3,PRPF4,PRPF6,PRPF31,PRPF8,SNRNP200"
"HP","Abnormality of the middle ear","HP:0000370","false","0.0001413149476290895","3.8498118980984355","660","15","11","5200","SNRPB,SF3B2,SF3B4,PRPF3,PRPF4,PRPF6,PRPF31,PRPF8,SNRNP200,EFTUD2,TXNL4A"
"HP","Constriction of peripheral visual field","HP:0001133","false","0.0001445679578688294","3.839927953672099","158","15","7","5200","PRPF3,PRPF4,PRPF6,PRPF31,PRPF8,SNRNP200,CWC27"
"HP","Progressive night blindness","HP:0007675","false","0.00018299127758138672","3.737569610753464","95","15","6","5200","PRPF3,PRPF4,PRPF6,PRPF31,PRPF8,SNRNP200"
"HP","Cystoid macular edema","HP:0011505","false","0.00018299127758138672","3.737569610753464","95","15","6","5200","PRPF3,PRPF4,PRPF6,PRPF31,PRPF8,SNRNP200"
"HP","Macular edema","HP:0040049","false","0.0003532795364088192","3.451881518189608","106","15","6","5200","PRPF3,PRPF4,PRPF6,PRPF31,PRPF8,SNRNP200"
"HP","Retinal edema","HP:0031527","false","0.0003532795364088192","3.451881518189608","106","15","6","5200","PRPF3,PRPF4,PRPF6,PRPF31,PRPF8,SNRNP200"
"HP","Optic disc drusen","HP:0012426","false","0.00037370286903156183","3.4274735679256025","107","15","6","5200","PRPF3,PRPF4,PRPF6,PRPF31,PRPF8,SNRNP200"
"HP","Abnormal retinal morphology on macular OCT","HP:0030612","false","0.000440894552709157","3.3556652668869202","110","15","6","5200","PRPF3,PRPF4,PRPF6,PRPF31,PRPF8,SNRNP200"
"HP","Posterior subcapsular cataract","HP:0007787","false","0.0004653863044515889","3.3321864014287885","111","15","6","5200","PRPF3,PRPF4,PRPF6,PRPF31,PRPF8,SNRNP200"
"HP","Macular thickening","HP:0030498","false","0.0004653863044515889","3.3321864014287885","111","15","6","5200","PRPF3,PRPF4,PRPF6,PRPF31,PRPF8,SNRNP200"
"HP","Drusen","HP:0011510","false","0.0007781160424625071","3.108955630718462","121","15","6","5200","PRPF3,PRPF4,PRPF6,PRPF31,PRPF8,SNRNP200"
"HP","Subcapsular cataract","HP:0000523","false","0.0008171285856408939","3.0877095962947876","122","15","6","5200","PRPF3,PRPF4,PRPF6,PRPF31,PRPF8,SNRNP200"
"HP","Keratoconus","HP:0000563","false","0.0008171285856408939","3.0877095962947876","122","15","6","5200","PRPF3,PRPF4,PRPF6,PRPF31,PRPF8,SNRNP200"
"HP","Increased corneal curvature","HP:0100692","false","0.0009439400648120881","3.0250555802228343","125","15","6","5200","PRPF3,PRPF4,PRPF6,PRPF31,PRPF8,SNRNP200"
"HP","Decreased corneal thickness","HP:0100689","false","0.0009896407060026812","3.0045224495665215","126","15","6","5200","PRPF3,PRPF4,PRPF6,PRPF31,PRPF8,SNRNP200"
"HP","Abnormal optical coherence tomography","HP:0030603","false","0.0010371453923495712","2.9841603577198677","127","15","6","5200","PRPF3,PRPF4,PRPF6,PRPF31,PRPF8,SNRNP200"
"HP","Abnormal corneal thickness","HP:0011486","false","0.0012463252412816934","2.9043686093125274","131","15","6","5200","PRPF3,PRPF4,PRPF6,PRPF31,PRPF8,SNRNP200"
"HP","Spicular pigmentation of the retina","HP:0007737","false","0.0013632301560618234","2.865430815427735","133","15","6","5200","PRPF3,PRPF4,PRPF6,PRPF31,PRPF8,SNRNP200"
"HP","Nyctalopia","HP:0000662","false","0.0019473391828139233","2.7105583975323233","231","15","7","5200","PRPF3,PRPF4,PRPF6,PRPF31,PRPF8,SNRNP200,CWC27"
"HP","Abnormal electroretinogram","HP:0000512","false","0.0020051233164826983","2.697858912808849","232","15","7","5200","PRPF3,PRPF4,PRPF6,PRPF31,PRPF8,SNRNP200,CWC27"
"HP","Yellow/white retinal lesion","HP:0030506","false","0.0023632489551970648","2.626490525437791","146","15","6","5200","PRPF3,PRPF4,PRPF6,PRPF31,PRPF8,SNRNP200"
"HP","Attenuation of retinal blood vessels","HP:0007843","false","0.002460082250794201","2.60905037238081","147","15","6","5200","PRPF3,PRPF4,PRPF6,PRPF31,PRPF8,SNRNP200"
"HP","Abnormal full-field electroretinogram","HP:0030466","false","0.0026635252582487387","2.5745431804387393","149","15","6","5200","PRPF3,PRPF4,PRPF6,PRPF31,PRPF8,SNRNP200"
"HP","Hyperinsulinemia","HP:0000842","false","0.0026635252582487387","2.5745431804387393","149","15","6","5200","PRPF3,PRPF4,PRPF6,PRPF31,PRPF8,SNRNP200"
"HP","Rod-cone dystrophy","HP:0000510","false","0.0028193193683605493","2.549855725100188","244","15","7","5200","PRPF3,PRPF4,PRPF6,PRPF31,PRPF8,SNRNP200,CWC27"
"HP","Abnormal circulating insulin concentration","HP:0040214","false","0.0038989847782911753","2.40904846030241","159","15","6","5200","PRPF3,PRPF4,PRPF6,PRPF31,PRPF8,SNRNP200"
"HP","Abnormal visual electrophysiology","HP:0030453","false","0.007103815555723654","2.148508323154474","280","15","7","5200","PRPF3,PRPF4,PRPF6,PRPF31,PRPF8,SNRNP200,CWC27"
"HP","Retinal atrophy","HP:0001105","false","0.007533880653448725","2.12298126387249","178","15","6","5200","PRPF3,PRPF4,PRPF6,PRPF31,PRPF8,SNRNP200"
"HP","Visual field defect","HP:0001123","false","0.011503159105948048","1.9391828732228766","301","15","7","5200","PRPF3,PRPF4,PRPF6,PRPF31,PRPF8,SNRNP200,CWC27"
"HP","Retinal degeneration","HP:0000546","false","0.013691599942796282","1.8635457990736217","309","15","7","5200","PRPF3,PRPF4,PRPF6,PRPF31,PRPF8,SNRNP200,CWC27"
"HP","Pigmentary retinopathy","HP:0000580","false","0.023665460253677526","1.6258850448115083","217","15","6","5200","PRPF3,PRPF4,PRPF6,PRPF31,PRPF8,SNRNP200"
"HP","Atresia of the external auditory canal","HP:0000413","false","0.02446606423259256","1.6114358884145676","59","15","4","5200","SNRPB,SF3B2,SF3B4,EFTUD2"
"HP","Color vision defect","HP:0000551","false","0.02560443084416044","1.5916848735686093","220","15","6","5200","PRPF3,PRPF4,PRPF6,PRPF31,PRPF8,SNRNP200"
"HP","Retinal dystrophy","HP:0000556","false","0.03815830099581175","1.4184109705656964","361","15","7","5200","PRPF3,PRPF4,PRPF6,PRPF31,PRPF8,SNRNP200,CWC27"
